file_number,event_number,ixn_number,true_ixn_number,cc,nprim,nsec,nneutron,nproton,npip,npim,npi0,mode,match
0.0,33,0,0,1,23,4,11,10,0,0,1,3,1
0.0,79,3,2,1,6,17,2,0,1,1,1,3,1
0.0,105,0,0,1,16,11,4,8,1,1,1,3,1
0.0,155,0,0,1,4,11,1,0,0,1,1,3,1
1.0,3,0,0,1,11,10,5,3,1,1,0,3,1
1.0,20,2,2,1,5,4,1,2,0,1,0,4,1
1.0,33,0,0,1,5,8,1,0,1,2,0,3,1
1.0,51,0,0,1,3,1,1,0,0,0,0,1,1
1.0,93,0,0,1,7,50,1,0,2,2,1,3,1
1.0,96,3,3,1,3,9,0,1,0,1,0,4,1
1.0,101,1,1,1,5,2,3,1,0,0,0,10,1
1.0,108,0,0,1,15,4,7,4,0,1,1,3,1
1.0,118,3,2,1,8,8,5,0,1,1,0,3,1
1.0,143,0,0,1,9,41,2,0,3,1,2,3,1
1.0,179,0,0,1,11,0,8,2,0,0,0,4,1
2.0,18,1,1,1,3,5,1,0,0,0,0,1,1
2.0,25,0,0,1,11,4,3,6,0,0,1,4,1
2.0,85,2,2,1,3,7,0,1,0,1,0,3,1
2.0,122,1,1,1,9,11,3,1,0,1,2,3,1
2.0,136,0,0,1,12,10,6,2,0,1,2,3,1
2.0,139,0,0,1,3,1,1,1,0,0,0,1,1
2.0,146,2,2,1,4,2,2,0,0,0,1,4,1
2.0,155,0,0,1,23,6,12,8,0,1,0,4,1
2.0,163,1,1,1,2,0,0,1,0,0,0,1,1
2.0,185,2,1,1,3,8,0,1,1,0,0,3,1
2.0,186,0,0,1,19,21,9,6,0,1,2,3,1
3.0,15,0,0,1,4,5,0,1,0,1,1,3,1
3.0,86,0,0,1,10,12,3,1,1,3,1,3,1
3.0,91,0,0,1,5,4,2,1,0,0,1,4,1
3.0,111,3,2,1,4,5,1,1,1,0,0,4,1
3.0,119,0,0,1,13,3,5,6,1,0,0,3,1
3.0,121,0,0,1,11,1,6,3,0,0,1,4,1
4.0,59,0,0,1,4,14,2,0,0,1,0,3,1
4.0,87,0,0,1,6,12,1,0,1,1,2,3,1
4.0,87,2,2,1,4,3,1,1,0,0,0,1,1
4.0,89,1,1,1,5,1,1,1,1,0,1,3,1
4.0,116,3,1,1,5,2,1,1,0,0,1,4,1
4.0,133,0,0,1,4,0,1,1,0,1,0,4,1
4.0,178,3,0,1,5,18,0,1,0,1,0,3,1
5.0,4,0,0,1,3,0,1,0,0,0,0,1,1
5.0,35,0,0,1,5,5,2,1,0,0,1,4,1
5.0,132,1,1,1,3,21,0,1,0,1,0,3,1
5.0,185,0,0,1,6,8,2,0,1,2,0,3,1
6.0,15,1,1,1,3,1,1,0,0,0,0,1,1
6.0,26,0,0,1,3,15,1,0,0,0,1,3,1
6.0,41,1,1,1,15,19,6,6,0,1,1,3,1
6.0,45,1,1,1,2,1,1,0,0,0,0,1,1
6.0,49,1,1,1,3,14,1,0,0,0,1,4,1
6.0,69,2,2,1,7,5,1,1,1,3,0,3,1
6.0,89,0,0,1,3,4,0,0,0,1,0,5,1
6.0,122,1,1,1,6,8,1,1,0,1,2,3,1
6.0,129,0,0,1,4,0,1,1,0,0,0,1,1
6.0,136,2,2,1,4,2,0,2,0,1,0,4,1
6.0,147,1,1,1,3,0,1,0,0,1,0,4,1
6.0,158,1,1,1,8,11,5,0,0,0,1,4,1
6.0,166,0,0,1,3,2,1,0,0,1,0,4,1
6.0,183,0,0,1,5,33,0,1,0,0,3,3,1
7.0,1,0,0,1,6,4,4,1,0,0,0,10,1
7.0,7,0,0,1,8,4,6,1,0,0,0,4,1
7.0,34,0,0,1,5,2,3,1,0,0,0,10,1
7.0,113,2,2,1,3,2,1,0,0,0,1,4,1
7.0,127,0,0,1,3,0,1,0,0,0,0,1,1
7.0,139,1,1,1,7,7,2,2,1,1,0,3,1
8.0,4,0,0,1,4,0,1,1,0,0,0,1,1
8.0,26,0,0,1,10,36,2,0,3,3,1,3,1
8.0,37,1,1,1,8,37,0,3,0,1,1,3,1
8.0,87,1,1,1,3,0,2,0,0,0,0,10,1
8.0,109,0,0,1,8,7,3,2,1,1,0,3,1
8.0,114,3,3,1,41,0,21,18,0,1,0,4,1
8.0,117,2,1,1,3,7,1,1,0,0,0,1,1
8.0,120,1,1,1,2,1,1,0,0,0,0,1,1
8.0,120,3,2,1,18,9,9,8,0,0,0,4,1
8.0,121,0,0,1,13,5,7,3,0,0,2,3,1
8.0,142,2,2,1,4,0,2,0,0,0,0,1,1
8.0,182,0,0,1,4,3,2,0,0,0,1,4,1
8.0,183,0,0,1,3,7,1,0,0,1,0,4,1
9.0,12,0,0,1,6,15,0,3,0,0,2,3,1
9.0,17,0,0,1,9,22,4,2,2,0,0,3,1
9.0,66,0,0,1,10,1,4,3,0,0,2,3,1
9.0,74,0,0,1,5,10,2,0,1,1,0,4,1
9.0,74,1,1,1,3,4,1,0,0,0,1,4,1
9.0,84,3,3,1,4,20,0,1,0,0,2,3,1
9.0,92,0,0,1,12,3,7,2,0,0,1,3,1
9.0,95,0,0,1,3,7,1,0,0,1,0,4,1
9.0,132,0,0,1,7,20,1,0,1,2,1,3,1
9.0,140,0,0,1,4,2,3,0,0,0,0,4,1
10.0,0,0,0,1,6,11,2,0,2,0,1,3,1
10.0,48,1,1,1,2,0,1,0,0,0,0,1,1
10.0,95,0,0,1,5,10,2,0,0,0,2,3,1
10.0,99,0,0,1,5,15,1,2,0,1,0,4,1
10.0,142,0,0,1,4,32,0,0,0,1,0,3,1
10.0,154,0,0,1,4,17,0,1,0,2,0,3,1
11.0,7,0,0,1,4,3,1,1,0,0,0,1,1
11.0,21,0,0,1,4,5,1,0,2,0,0,3,1
11.0,86,0,0,1,8,15,1,0,1,1,3,3,1
11.0,172,1,1,1,3,7,1,0,0,1,0,3,1
11.0,185,0,0,1,5,3,0,2,0,1,1,4,1
11.0,185,1,1,1,9,1,1,1,0,0,0,4,1
12.0,8,0,0,1,7,7,3,2,0,1,0,4,1
12.0,49,0,0,1,3,0,1,0,0,1,0,4,1
12.0,59,0,0,1,4,5,1,0,1,1,0,3,1
12.0,150,0,0,1,4,8,1,0,0,1,1,3,1
12.0,156,0,0,1,8,0,3,2,0,2,0,3,1
13.0,43,0,0,1,10,6,7,2,0,0,0,4,1
13.0,47,0,0,1,3,0,1,0,0,0,0,1,1
13.0,51,0,0,1,4,13,1,0,0,1,1,3,1
14.0,3,4,4,1,5,2,2,0,0,1,0,4,1
14.0,14,0,0,1,5,18,1,1,1,1,0,3,1
14.0,31,1,1,1,4,10,3,0,0,0,0,10,1
14.0,70,2,2,1,7,11,1,2,1,1,1,4,1
14.0,84,0,0,1,5,14,1,1,1,0,1,3,1
14.0,103,0,0,1,5,20,1,1,1,1,0,3,1
14.0,114,1,1,1,4,0,3,0,0,0,0,4,1
14.0,114,2,2,1,5,2,3,1,0,0,0,4,1
14.0,134,1,1,1,2,2,1,0,0,0,0,1,1
14.0,143,1,0,1,4,0,2,0,0,0,0,1,1
14.0,165,0,0,1,5,9,1,1,0,1,0,4,1
14.0,168,0,0,1,3,8,1,0,0,1,0,4,1
15.0,5,0,0,1,31,4,15,14,0,1,0,4,1
15.0,48,0,0,1,6,4,1,1,0,1,1,3,1
15.0,71,0,0,1,6,4,1,3,0,1,0,3,1
15.0,75,1,1,1,4,24,0,1,1,1,0,3,1
15.0,77,0,0,1,11,18,2,2,1,2,1,3,1
15.0,103,0,0,1,4,7,2,0,0,0,0,1,1
15.0,132,0,0,1,3,4,0,1,0,1,0,4,1
15.0,162,1,1,1,6,13,0,2,1,2,0,3,1
16.0,64,1,1,1,3,9,1,1,0,0,0,1,1
16.0,65,0,0,1,4,1,1,1,0,0,0,1,1
16.0,99,1,1,1,5,2,2,1,0,0,1,3,1
16.0,103,0,0,1,3,10,0,1,0,1,0,3,1
17.0,21,3,3,1,3,7,0,0,0,0,0,4,1
17.0,39,2,1,1,5,2,2,2,0,0,0,4,1
17.0,54,0,0,1,6,22,1,1,1,1,0,3,1
17.0,68,1,1,1,5,3,2,1,0,0,1,4,1
17.0,76,2,1,1,4,6,1,1,0,1,0,4,1
17.0,83,0,0,1,11,16,2,6,1,0,1,3,1
17.0,98,3,0,1,17,9,10,5,1,0,0,3,1
17.0,99,2,2,1,2,0,1,0,0,0,0,1,1
17.0,144,0,0,1,8,33,1,0,1,1,4,3,1
17.0,164,0,0,1,9,16,2,1,2,1,2,3,1
17.0,177,1,1,1,3,0,1,0,0,0,0,1,1
17.0,192,1,1,1,6,2,1,2,0,1,1,3,1
18.0,1,0,0,1,5,10,1,1,0,1,1,3,1
18.0,18,0,0,1,3,2,1,0,0,1,0,4,1
18.0,25,2,0,1,6,14,3,0,1,1,0,3,1
18.0,38,1,1,1,7,38,1,3,0,0,0,3,1
18.0,69,1,1,1,7,2,3,0,1,1,1,3,1
18.0,146,1,0,1,7,12,3,0,0,0,1,3,1
18.0,172,0,0,1,21,3,11,8,0,0,0,1,1
18.0,172,1,1,1,4,5,1,1,0,0,0,1,1
18.0,174,1,1,1,2,0,1,0,0,0,0,1,1
18.0,187,0,0,1,3,2,2,0,0,0,0,10,1
19.0,42,0,0,1,6,10,1,0,2,0,2,3,1
19.0,78,0,0,1,10,9,5,2,0,0,2,4,1
19.0,124,0,0,1,4,1,1,1,0,1,0,4,1
20.0,58,2,1,1,13,5,6,6,0,0,0,10,1
20.0,59,0,0,1,6,11,2,1,1,1,0,4,1
20.0,60,2,2,1,3,1,1,0,0,0,0,1,1
20.0,80,3,2,1,10,4,7,2,0,0,0,10,1
20.0,83,1,1,1,3,8,0,1,0,1,0,4,1
20.0,91,1,1,1,4,0,1,1,0,0,0,1,1
20.0,166,2,2,1,3,1,1,0,0,0,0,1,1
21.0,65,0,0,1,6,18,1,1,2,0,1,3,1
21.0,79,1,1,1,5,2,3,1,0,0,0,10,1
21.0,84,1,1,1,3,6,1,1,0,0,0,10,1
21.0,102,0,0,1,24,7,11,11,0,0,0,4,1
21.0,157,3,3,1,4,3,1,1,0,1,0,4,1
22.0,16,2,1,1,16,48,2,3,1,2,3,3,1
22.0,63,0,0,1,4,16,0,0,0,1,0,3,1
22.0,74,0,0,1,5,17,2,0,0,0,1,4,1
22.0,78,0,0,1,10,10,2,5,0,1,1,3,1
22.0,89,3,3,1,5,6,2,0,1,1,0,4,1
22.0,89,4,0,1,4,3,2,0,0,0,1,4,1
22.0,101,0,0,1,16,12,6,5,2,1,1,3,1
22.0,101,2,1,1,7,26,1,1,0,1,1,3,1
22.0,109,0,0,1,4,5,2,1,0,0,0,10,1
22.0,120,0,0,1,3,5,1,0,0,1,0,4,1
22.0,127,0,0,1,5,24,1,1,1,0,1,3,1
22.0,177,0,0,1,12,3,7,2,0,1,1,3,1
22.0,179,0,0,1,2,3,1,0,0,0,0,1,1
23.0,1,0,0,1,5,9,1,1,0,0,0,4,1
23.0,2,2,3,1,6,3,2,1,1,1,0,3,1
23.0,41,0,0,1,14,9,5,7,0,0,1,3,1
23.0,45,0,0,1,4,4,3,0,0,0,0,10,1
23.0,56,0,0,1,16,17,6,4,1,3,1,3,1
23.0,98,0,0,1,4,1,1,1,0,1,0,4,1
23.0,105,0,0,1,6,21,1,0,0,0,2,3,1
23.0,108,0,0,1,8,20,2,0,0,1,2,3,1
23.0,154,0,0,1,5,5,2,0,0,0,2,3,1
24.0,48,1,1,1,8,7,3,0,2,1,1,3,1
24.0,59,1,1,1,2,3,0,0,0,0,0,1,1
24.0,72,1,1,1,5,5,1,1,0,0,0,4,1
24.0,132,0,0,1,7,1,3,2,0,0,0,1,1
24.0,146,0,0,1,3,3,0,0,0,1,0,5,1
24.0,178,0,0,1,5,1,0,2,1,1,0,4,1
25.0,0,1,1,1,3,1,1,0,0,1,0,4,1
25.0,8,0,0,1,3,0,1,0,0,0,0,1,1
25.0,46,0,0,1,8,21,2,0,1,1,2,3,1
25.0,49,1,1,1,24,2,12,9,0,1,0,4,1
25.0,69,0,0,1,5,7,1,3,0,0,0,10,1
25.0,106,0,0,1,28,8,11,14,0,1,1,4,1
25.0,130,2,1,1,4,11,1,0,0,1,1,4,1
25.0,137,3,1,1,7,9,1,2,1,1,0,3,1
25.0,143,0,0,1,5,19,0,1,0,1,2,3,1
25.0,166,0,0,1,7,25,1,2,0,0,3,3,1
25.0,181,0,0,1,9,33,1,1,2,1,1,3,1
25.0,183,2,2,1,5,2,1,3,0,0,0,4,1
25.0,188,0,0,1,7,19,1,1,1,1,2,3,1
25.0,190,2,3,1,3,5,1,0,0,0,0,1,1
26.0,1,0,0,1,13,1,6,5,1,0,0,4,1
26.0,16,2,2,1,3,1,1,0,0,1,0,4,1
26.0,22,1,1,1,8,12,6,0,0,0,0,4,1
26.0,82,0,0,1,9,22,2,1,1,0,2,3,1
26.0,98,1,1,1,3,12,0,0,0,0,0,3,1
26.0,138,1,1,1,8,7,2,1,2,1,1,3,1
26.0,158,0,0,1,6,16,2,1,0,1,1,3,1
26.0,165,1,1,1,5,5,1,1,0,1,1,3,1
26.0,184,0,0,1,31,9,14,12,1,1,2,3,1
26.0,188,0,0,1,4,13,1,0,1,0,1,3,1
27.0,19,2,2,1,7,20,0,1,1,2,2,3,1
27.0,28,1,1,1,3,0,1,0,0,1,0,4,1
27.0,49,2,2,1,3,0,1,0,0,0,0,1,1
27.0,60,1,2,1,5,6,2,1,1,0,0,4,1
27.0,71,0,0,1,18,24,6,6,2,3,0,3,1
27.0,78,2,1,1,4,5,2,0,0,1,0,4,1
27.0,128,0,0,1,4,2,1,1,0,0,1,4,1
27.0,158,0,0,1,5,1,1,1,0,1,0,4,1
28.0,18,0,0,1,3,1,1,0,0,1,0,4,1
28.0,31,1,1,1,4,3,1,1,0,1,0,4,1
28.0,65,1,1,1,6,25,1,0,1,0,1,3,1
28.0,83,1,1,1,3,1,1,0,0,0,0,1,1
28.0,85,2,1,1,16,3,8,6,0,1,0,4,1
28.0,88,0,0,1,3,1,0,1,0,1,0,4,1
28.0,90,0,0,1,6,30,0,1,1,2,1,3,1
28.0,102,1,1,1,5,7,3,0,0,1,0,4,1
28.0,110,0,0,1,38,0,20,16,0,0,1,4,1
28.0,112,0,0,1,4,2,2,0,0,0,1,4,1
28.0,115,1,1,1,4,0,1,1,0,1,0,4,1
28.0,150,0,0,1,7,5,1,2,1,1,0,3,1
28.0,155,2,1,1,5,16,0,2,0,2,0,3,1
28.0,174,2,2,1,15,0,5,9,0,0,0,10,1
28.0,-1,1,1,1,5,5,3,1,0,0,0,10,1
28.0,187,1,1,1,8,21,2,0,1,1,3,3,1
29.0,21,0,0,1,3,8,0,1,0,1,0,4,1
29.0,32,1,1,1,4,4,0,2,1,0,0,4,1
29.0,116,0,0,1,8,24,2,1,2,0,2,3,1
29.0,134,1,0,1,6,4,3,1,0,0,1,10,1
29.0,172,0,0,1,11,4,3,6,0,1,0,4,1
29.0,178,2,1,1,19,6,10,7,0,1,0,4,1
29.0,192,1,1,1,5,3,2,2,0,0,0,4,1
30.0,5,0,0,1,3,1,1,1,0,0,0,1,1
30.0,24,0,0,1,6,9,2,1,1,1,0,3,1
30.0,76,1,1,1,3,5,0,0,0,0,0,1,1
30.0,97,0,0,1,6,16,1,1,0,1,1,3,1
30.0,138,0,0,1,4,8,0,1,0,0,1,4,1
30.0,162,0,0,1,5,9,0,2,0,1,1,3,1
31.0,1,0,0,1,3,2,1,0,0,0,1,3,1
31.0,17,0,0,1,6,31,0,1,2,1,1,3,1
31.0,55,3,4,1,3,0,1,0,0,1,0,4,1
31.0,56,0,0,1,3,3,1,0,0,0,0,1,1
31.0,60,3,3,1,3,0,1,0,0,1,0,4,1
31.0,69,2,1,1,5,4,0,1,0,1,1,4,1
31.0,85,3,4,1,3,1,0,1,0,0,0,1,1
31.0,106,1,0,1,7,9,1,2,1,1,0,4,1
31.0,117,0,0,1,6,12,3,1,1,0,0,4,1
31.0,122,2,2,1,3,5,1,1,0,0,0,1,1
31.0,137,0,0,1,4,13,0,1,1,1,0,3,1
31.0,144,0,0,1,3,8,0,1,0,1,0,3,1
31.0,164,2,2,1,5,3,3,1,0,0,0,4,1
31.0,170,0,0,1,12,2,6,4,0,0,0,1,1
32.0,1,0,0,1,6,17,1,1,2,1,0,3,1
32.0,19,0,0,1,3,2,1,0,0,1,0,4,1
32.0,46,2,2,1,4,4,1,1,0,1,0,4,1
32.0,47,2,2,1,8,2,7,0,0,0,0,4,1
32.0,75,1,1,1,4,0,3,0,0,0,0,4,1
32.0,78,0,0,1,7,4,2,1,2,1,0,3,1
32.0,84,0,0,1,3,2,1,0,0,0,0,1,1
32.0,90,0,0,1,11,6,3,4,1,2,0,3,1
32.0,152,0,0,1,3,8,1,0,0,0,1,3,1
32.0,192,1,0,1,3,4,0,0,0,0,0,1,1
33.0,21,0,0,1,4,5,0,1,0,1,1,3,1
33.0,29,0,0,1,9,5,1,3,1,2,1,3,1
33.0,47,4,4,1,7,4,1,1,1,2,0,3,1
33.0,53,0,0,1,13,21,5,3,1,1,2,3,1
33.0,55,1,1,1,2,1,1,0,0,0,0,1,1
33.0,57,0,0,1,4,2,1,1,0,1,0,4,1
33.0,70,1,1,1,3,1,1,1,0,0,0,10,1
33.0,90,2,1,1,9,8,3,1,0,0,3,3,1
33.0,102,2,3,1,3,8,0,1,0,1,0,3,1
33.0,105,1,1,1,7,11,4,1,0,1,0,4,1
33.0,109,0,0,1,3,12,0,0,0,0,0,1,1
33.0,119,1,1,1,9,6,3,3,0,0,0,3,1
33.0,139,0,0,1,4,3,1,0,0,0,2,3,1
33.0,140,1,1,1,13,0,7,4,0,0,0,1,1
33.0,152,1,1,1,14,49,3,1,1,1,1,3,1
33.0,173,2,2,1,3,1,1,1,0,0,0,1,1
33.0,175,0,0,1,7,21,2,0,1,1,2,3,1
33.0,193,0,0,1,38,3,19,18,0,0,0,10,1
34.0,25,0,0,1,4,7,0,1,0,2,0,3,1
34.0,85,0,0,1,4,2,2,0,0,0,1,4,1
34.0,124,1,1,1,6,8,1,1,0,1,1,4,1
34.0,149,0,0,1,11,38,2,3,1,0,1,3,1
34.0,174,1,1,1,3,2,2,0,0,0,0,10,1
34.0,-1,1,0,1,3,23,1,0,1,0,0,3,1
35.0,8,0,0,1,4,1,1,1,0,0,0,1,1
35.0,34,0,0,1,2,7,1,0,0,0,0,1,1
35.0,103,2,2,1,4,8,0,1,0,1,1,3,1
35.0,143,2,2,1,3,20,0,1,0,1,0,3,1
36.0,0,0,0,1,3,0,1,0,0,1,0,4,1
36.0,4,0,0,1,5,5,1,1,0,2,0,3,1
36.0,52,3,2,1,4,9,0,1,0,1,1,3,1
36.0,54,0,0,1,9,8,7,1,0,0,0,4,1
36.0,98,0,0,1,3,5,1,1,0,0,0,1,1
36.0,109,1,1,1,3,7,1,1,0,0,0,1,1
36.0,155,0,0,1,4,41,0,1,1,0,0,3,1
36.0,165,0,0,1,4,4,0,1,0,1,1,3,1
36.0,173,2,1,1,4,3,1,1,0,1,0,4,1
37.0,25,0,0,1,9,0,5,3,0,0,0,1,1
37.0,36,0,0,1,10,0,5,3,0,0,0,4,1
37.0,54,0,0,1,9,7,2,6,0,0,0,10,1
37.0,79,2,2,1,3,8,1,0,0,0,1,4,1
37.0,90,2,2,1,12,24,3,3,2,1,2,3,1
37.0,98,0,0,1,4,11,1,0,1,1,0,3,1
37.0,109,0,0,1,9,3,4,4,0,0,0,1,1
37.0,121,1,1,1,12,11,5,3,1,2,0,3,1
37.0,122,0,0,1,5,9,1,1,1,1,0,4,1
37.0,151,1,1,1,25,6,11,12,0,1,0,4,1
37.0,165,0,0,1,3,3,1,0,0,1,0,4,1
37.0,171,0,0,1,2,1,1,0,0,0,0,1,1
37.0,174,1,1,1,11,4,3,4,1,1,0,3,1
38.0,0,0,0,1,4,20,1,0,0,1,0,3,1
38.0,31,2,1,1,7,3,4,0,0,1,0,4,1
38.0,100,1,1,1,6,1,2,1,0,1,1,3,1
38.0,155,0,0,1,8,7,1,4,0,1,1,4,1
39.0,5,0,0,1,4,12,2,1,0,0,0,3,1
39.0,53,0,0,1,14,25,7,1,0,0,4,3,1
39.0,59,0,0,1,13,15,1,7,1,2,0,3,1
39.0,160,0,0,1,3,2,1,0,0,0,0,1,1
39.0,171,1,2,1,4,0,2,1,0,0,0,10,1
39.0,187,1,1,1,6,8,2,0,1,2,0,3,1
40.0,3,0,0,1,17,7,6,8,1,1,0,3,1
40.0,11,1,1,1,3,3,1,0,0,0,0,1,1
40.0,22,0,0,1,7,23,0,1,1,3,1,3,1
40.0,24,0,0,1,6,10,2,1,0,0,1,3,1
40.0,26,0,0,1,4,4,1,0,1,1,0,3,1
40.0,29,0,0,1,3,13,0,1,0,1,0,3,1
40.0,45,1,1,1,4,0,3,0,0,0,0,4,1
40.0,64,0,0,1,9,19,2,2,1,1,2,3,1
40.0,114,1,1,1,8,1,4,1,0,1,0,4,1
40.0,124,2,2,1,7,32,1,0,2,2,0,3,1
40.0,152,0,0,1,21,3,10,9,0,0,1,4,1
41.0,29,1,1,1,24,2,12,10,0,1,0,4,1
41.0,38,0,0,1,4,1,2,1,0,0,0,10,1
41.0,40,0,0,1,8,10,1,3,0,1,2,3,1
41.0,66,0,0,1,4,13,1,0,1,1,0,3,1
41.0,85,3,3,1,6,3,1,2,0,1,1,3,1
41.0,90,1,1,1,3,2,1,0,0,0,0,1,1
41.0,109,2,1,1,20,0,10,9,0,0,0,4,1
41.0,116,3,2,1,9,1,4,3,0,0,0,1,1
41.0,117,1,1,1,3,0,2,0,0,0,0,10,1
41.0,121,0,0,1,3,5,0,1,0,0,0,1,1
41.0,155,0,0,1,7,7,0,3,0,1,1,3,1
41.0,173,0,0,1,3,3,1,0,0,1,0,4,1
41.0,176,0,0,1,17,17,7,5,1,2,1,3,1
41.0,188,1,1,1,7,9,2,1,1,1,1,4,1
42.0,1,2,2,1,5,7,1,1,0,1,1,4,1
42.0,76,3,3,1,8,13,2,2,1,1,1,3,1
42.0,105,0,0,1,3,6,0,1,0,1,0,4,1
42.0,174,0,0,1,3,24,0,0,0,0,0,1,1
42.0,180,1,1,1,10,46,6,1,0,0,2,3,1
43.0,24,0,0,1,4,2,2,0,0,0,0,1,1
43.0,49,0,0,1,6,11,1,1,0,0,3,4,1
43.0,185,3,2,1,4,14,1,0,1,1,0,3,1
44.0,49,2,2,1,5,11,1,0,2,0,1,3,1
44.0,76,0,0,1,4,3,1,1,0,1,0,4,1
44.0,96,0,0,1,3,3,1,0,1,0,0,4,1
44.0,137,1,1,1,6,22,0,1,1,0,3,3,1
45.0,5,0,0,1,8,2,4,3,0,0,0,10,1
45.0,32,0,0,1,5,7,1,1,0,0,2,4,1
45.0,36,1,1,1,4,2,2,0,0,0,0,1,1
45.0,87,3,2,1,3,19,1,0,0,0,0,3,1
45.0,97,1,1,1,7,11,2,2,1,0,1,3,1
45.0,101,0,0,1,3,3,0,1,0,1,0,3,1
45.0,132,1,0,1,7,4,6,0,0,0,0,10,1
45.0,137,1,1,1,12,17,3,5,0,0,2,3,1
45.0,177,0,0,1,8,3,7,0,0,0,0,4,1
45.0,181,0,0,1,3,10,1,0,0,1,0,4,1
45.0,182,0,0,1,7,12,1,1,1,3,0,3,1
45.0,187,1,1,1,3,13,0,0,0,0,0,3,1
46.0,12,0,0,1,6,2,3,0,0,0,2,4,1
46.0,17,2,2,1,5,12,2,0,1,1,0,3,1
46.0,31,2,0,1,28,16,14,10,1,0,2,4,1
46.0,69,0,0,1,5,2,2,1,0,0,1,3,1
46.0,77,1,1,1,13,2,3,7,0,1,0,3,1
46.0,94,1,1,1,5,14,1,2,0,1,0,3,1
46.0,103,0,0,1,7,5,2,3,0,0,1,4,1
46.0,146,2,1,1,6,10,1,2,0,0,2,3,1
47.0,10,1,1,1,6,0,4,1,0,0,0,3,1
47.0,57,1,0,1,12,23,5,2,1,1,0,3,1
47.0,94,1,1,1,4,17,0,1,0,1,1,3,1
47.0,96,0,0,1,14,15,8,3,0,0,1,3,1
47.0,103,2,2,1,7,5,5,1,0,0,0,4,1
47.0,151,1,1,1,6,12,2,0,0,0,2,3,1
47.0,184,0,0,1,16,68,5,4,0,2,1,3,1
47.0,187,1,1,1,3,0,2,0,0,0,0,1,1
48.0,9,1,1,1,5,3,2,0,1,0,0,4,1
48.0,22,1,1,1,6,1,3,2,0,0,0,10,1
48.0,127,0,0,1,6,4,2,1,0,0,2,4,1
48.0,162,0,0,1,7,38,2,1,2,0,1,3,1
49.0,13,2,3,1,10,2,7,2,0,0,0,4,1
49.0,34,0,0,1,12,3,5,5,0,1,0,4,1
49.0,65,0,0,1,3,1,1,0,0,0,0,1,1
49.0,90,0,0,1,4,1,1,1,0,1,0,4,1
49.0,94,0,0,1,4,4,2,0,0,0,1,4,1
49.0,117,1,1,1,5,4,3,0,0,0,1,3,1
49.0,146,0,0,1,6,2,3,1,0,1,0,4,1
49.0,150,1,1,1,6,8,1,1,1,1,0,3,1
49.0,165,2,1,1,7,21,1,2,0,0,3,3,1
50.0,54,1,1,1,6,0,3,1,0,0,0,1,1
50.0,75,0,0,1,4,6,2,0,0,0,1,3,1
50.0,101,0,0,1,2,0,1,0,0,0,0,1,1
50.0,152,1,2,1,16,25,5,5,2,2,1,3,1
50.0,152,2,3,1,11,4,7,2,0,1,0,4,1
50.0,158,0,0,1,13,8,5,3,1,1,1,3,1
51.0,22,2,2,1,3,7,0,0,0,1,0,5,1
51.0,59,1,1,1,29,34,11,14,1,2,0,3,1
51.0,62,2,1,1,6,5,1,2,0,1,1,3,1
51.0,66,0,0,1,4,3,1,1,0,0,0,1,1
51.0,71,0,0,1,19,28,9,5,1,0,3,3,1
51.0,75,1,0,1,5,5,3,0,0,0,0,4,1
51.0,90,0,0,1,11,3,5,5,0,0,0,3,1
51.0,169,1,1,1,7,5,3,1,1,1,0,3,1
51.0,179,0,0,1,11,78,6,0,1,2,1,3,1
52.0,12,0,0,1,17,50,5,4,3,4,0,3,1
52.0,32,1,2,1,4,12,0,1,0,1,0,3,1
52.0,85,0,0,1,4,1,2,1,0,0,0,10,1
52.0,88,0,0,1,12,15,5,3,0,0,2,3,1
52.0,106,0,0,1,5,0,3,1,0,0,0,10,1
52.0,112,2,2,1,3,16,1,0,0,0,1,4,1
53.0,13,1,1,1,4,15,1,1,0,1,0,3,1
53.0,59,0,0,1,8,3,4,3,0,0,0,4,1
53.0,84,0,0,1,16,8,10,2,2,0,1,3,1
53.0,132,1,1,1,4,3,1,2,0,0,0,10,1
53.0,149,1,1,1,3,1,1,0,0,1,0,4,1
53.0,152,0,0,1,9,27,2,1,2,2,1,3,1
53.0,157,0,0,1,3,14,0,1,0,1,0,3,1
53.0,157,2,1,1,3,1,1,1,0,0,0,1,1
54.0,15,1,1,1,5,22,1,0,0,1,2,3,1
54.0,19,0,0,1,5,13,2,0,1,1,0,3,1
54.0,24,0,0,1,4,0,1,1,0,0,0,1,1
54.0,51,0,0,1,7,5,5,0,0,0,0,3,1
54.0,64,4,2,1,3,3,1,0,0,1,0,3,1
54.0,136,0,0,1,5,16,2,0,1,0,1,3,1
54.0,148,0,0,1,5,2,1,2,0,1,0,4,1
54.0,171,0,0,1,3,2,1,1,0,0,0,1,1
55.0,0,5,4,1,4,2,2,0,0,0,1,4,1
55.0,61,0,0,1,3,4,1,0,0,1,0,4,1
55.0,78,0,0,1,7,3,3,1,1,0,1,4,1
55.0,112,0,0,1,7,33,2,0,2,0,2,3,1
55.0,122,4,2,1,3,1,2,0,0,0,0,10,1
55.0,124,1,1,1,10,12,3,1,2,0,3,3,1
55.0,129,0,0,1,6,3,1,4,0,0,0,4,1
55.0,145,1,1,1,5,6,1,1,1,1,0,3,1
55.0,180,0,0,1,3,17,0,1,0,1,0,3,1
56.0,21,0,0,1,3,4,1,0,0,0,0,1,1
56.0,37,0,0,1,8,2,3,2,0,1,1,3,1
56.0,40,3,2,1,3,3,2,0,0,0,0,10,1
56.0,129,0,0,1,4,9,1,0,0,1,1,4,1
56.0,129,1,1,1,6,5,1,0,1,2,0,3,1
56.0,167,1,1,1,11,31,0,7,2,0,1,3,1
56.0,169,1,0,1,3,10,1,0,0,0,0,1,1
57.0,8,1,0,1,5,14,1,1,0,2,0,3,1
57.0,25,1,1,1,11,10,2,6,0,2,0,3,1
57.0,56,3,0,1,3,0,1,0,0,0,0,1,1
57.0,60,0,0,1,3,6,0,1,0,0,1,3,1
57.0,147,2,1,1,5,3,2,1,0,1,0,4,1
57.0,168,0,0,1,11,7,2,7,0,1,0,3,1
58.0,38,1,1,1,3,1,1,0,0,0,0,1,1
58.0,41,0,0,1,3,3,1,0,0,0,0,1,1
58.0,47,1,1,1,4,4,1,0,1,1,0,3,1
58.0,54,1,1,1,8,13,2,1,1,2,1,3,1
58.0,69,1,1,1,5,19,1,1,1,1,0,3,1
58.0,78,0,0,1,8,20,0,3,1,1,2,3,1
58.0,90,1,1,1,4,2,0,1,0,1,0,4,1
58.0,168,0,0,1,4,24,1,0,0,0,2,3,1
58.0,168,1,1,1,6,9,1,1,1,1,0,3,1
58.0,170,1,0,1,5,11,1,0,1,2,0,3,1
59.0,6,0,0,1,6,14,2,1,1,0,1,3,1
59.0,10,0,0,1,7,6,3,1,0,0,1,4,1
59.0,27,2,2,1,4,16,0,1,0,0,2,3,1
59.0,38,2,1,1,11,15,2,5,1,2,0,3,1
59.0,57,2,3,1,2,0,1,0,0,0,0,1,1
59.0,66,0,0,1,3,4,1,0,0,1,0,4,1
59.0,68,3,3,1,9,38,2,1,2,1,0,3,1
59.0,131,2,2,1,4,1,1,1,0,0,0,1,1
59.0,136,0,0,1,4,13,0,1,0,0,0,4,1
59.0,160,1,1,1,4,3,1,0,0,0,1,4,1
59.0,163,1,1,1,33,0,16,16,0,0,0,10,1
60.0,1,2,1,1,4,6,1,1,0,1,0,4,1
60.0,4,0,0,1,7,38,0,0,1,1,2,3,1
60.0,30,1,1,1,3,17,1,0,0,1,0,3,1
60.0,45,0,0,1,5,4,1,1,0,0,2,4,1
60.0,100,0,0,1,10,49,3,1,2,0,3,3,1
61.0,19,1,0,1,3,5,1,0,0,0,0,1,1
61.0,45,1,1,1,8,12,2,1,0,1,3,3,1
61.0,57,1,1,1,5,1,1,2,0,1,0,4,1
61.0,62,2,2,1,18,0,10,7,0,0,0,10,1
61.0,73,0,0,1,14,15,6,5,0,0,1,3,1
61.0,94,1,0,1,5,15,2,0,0,1,1,3,1
61.0,127,2,1,1,5,35,1,0,2,1,0,3,1
61.0,162,0,0,1,6,8,2,1,0,0,2,3,1
61.0,169,1,0,1,4,5,3,0,0,0,0,4,1
61.0,185,0,0,1,7,34,0,1,1,1,1,3,1
62.0,18,0,0,1,4,5,1,0,0,1,1,3,1
62.0,48,1,1,1,5,17,1,1,0,0,2,3,1
62.0,56,2,2,1,2,1,1,0,0,0,0,1,1
62.0,81,1,1,1,8,5,3,0,0,0,2,3,1
62.0,108,0,0,1,16,4,7,6,0,1,0,4,1
62.0,160,1,1,1,4,1,2,0,0,0,0,1,1
62.0,164,0,0,1,9,7,4,2,0,1,1,4,1
62.0,169,1,1,1,6,10,1,1,0,0,3,4,1
62.0,170,0,0,1,7,5,2,3,0,0,1,4,1
63.0,31,2,1,1,3,6,1,0,0,1,0,4,1
63.0,54,2,2,1,4,0,1,1,0,1,0,4,1
63.0,60,0,0,1,9,9,2,2,0,3,1,3,1
63.0,83,0,0,1,3,0,1,0,0,0,0,1,1
63.0,86,0,0,1,8,7,3,1,1,1,1,3,1
63.0,89,0,0,1,5,2,1,1,1,1,0,3,1
63.0,147,0,0,1,8,2,5,1,0,1,0,3,1
63.0,163,0,0,1,9,9,2,4,0,2,0,3,1
63.0,189,1,1,1,3,13,0,1,1,0,0,3,1
64.0,90,2,2,1,8,1,5,2,0,0,0,1,1
64.0,116,1,1,1,4,2,1,0,0,1,1,3,1
64.0,128,0,0,1,10,0,9,0,0,0,0,10,1
64.0,132,1,1,1,10,1,5,4,0,0,0,3,1
64.0,141,2,1,1,3,3,1,0,0,0,0,1,1
64.0,144,0,0,1,4,5,0,1,0,2,0,4,1
64.0,150,1,1,1,10,20,4,2,0,1,0,3,1
64.0,177,0,0,1,5,2,2,0,0,0,0,4,1
65.0,5,1,1,1,3,14,1,0,0,0,1,3,1
65.0,23,0,0,1,3,2,1,0,0,0,0,1,1
65.0,52,1,1,1,6,3,4,0,0,1,0,4,1
65.0,65,0,0,1,19,1,9,8,0,0,0,3,1
65.0,113,1,1,1,2,3,0,0,0,0,0,1,1
65.0,147,0,0,1,19,2,10,8,0,0,0,10,1
66.0,18,0,0,1,7,38,2,1,1,2,0,3,1
66.0,22,0,0,1,4,1,1,0,0,1,1,3,1
66.0,30,1,1,1,2,0,1,0,0,0,0,1,1
66.0,68,2,2,1,2,1,1,0,0,0,0,1,1
66.0,82,0,0,1,4,2,1,1,0,1,0,4,1
66.0,82,1,1,1,8,10,2,0,1,2,1,3,1
66.0,101,0,0,1,4,7,1,0,0,0,0,4,1
66.0,118,1,1,1,4,11,1,1,0,1,0,4,1
66.0,164,0,0,1,4,3,2,0,0,1,0,4,1
66.0,186,0,0,1,10,10,4,3,0,1,1,3,1
67.0,27,0,0,1,4,9,1,1,0,0,0,1,1
67.0,28,0,0,1,16,11,3,11,0,0,1,3,1
67.0,34,0,0,1,5,7,1,1,0,1,1,3,1
67.0,45,0,0,1,6,14,1,1,0,1,2,3,1
67.0,82,0,0,1,4,6,1,1,0,0,1,4,1
67.0,110,0,0,1,6,6,1,2,0,0,2,4,1
67.0,123,1,1,1,7,12,2,1,1,0,2,3,1
67.0,141,0,0,1,4,3,1,1,0,1,0,4,1
67.0,154,0,0,1,4,5,1,1,0,1,0,4,1
67.0,173,0,0,1,5,2,2,2,0,0,0,10,1
68.0,46,0,0,1,3,3,0,0,0,0,0,1,1
68.0,75,2,3,1,4,6,0,1,0,1,1,3,1
68.0,76,0,0,1,16,62,5,1,6,2,1,3,1
68.0,76,1,2,1,10,30,2,1,2,1,3,3,1
68.0,76,2,1,1,3,16,1,0,1,0,0,3,1
68.0,82,0,0,1,2,0,1,0,0,0,0,1,1
68.0,85,3,3,1,21,4,9,10,1,0,0,4,1
68.0,107,0,0,1,3,1,2,0,0,0,0,10,1
68.0,129,0,0,1,4,7,2,0,0,1,0,4,1
68.0,159,0,0,1,4,5,1,1,0,1,0,4,1
69.0,15,0,0,1,3,0,1,1,0,0,0,10,1
69.0,45,0,0,1,6,2,2,1,1,1,0,4,1
69.0,118,0,0,1,6,14,0,1,1,2,1,3,1
69.0,156,0,0,1,3,9,0,0,0,0,0,1,1
69.0,158,0,0,1,3,5,1,0,0,1,0,4,1
70.0,3,1,1,1,14,9,6,5,0,1,1,3,1
70.0,17,1,1,1,7,5,1,2,1,2,0,4,1
70.0,27,3,2,1,30,1,15,13,0,0,0,1,1
70.0,32,0,0,1,11,36,2,0,4,2,0,3,1
70.0,51,3,2,1,4,0,2,1,0,0,0,10,1
70.0,67,0,0,1,6,40,0,1,0,0,3,3,1
70.0,110,0,0,1,3,3,2,0,0,0,0,10,1
70.0,125,1,1,1,14,10,9,1,1,1,1,3,1
70.0,184,3,2,1,9,53,2,3,0,0,1,3,1
71.0,90,0,0,1,5,18,0,1,0,0,3,3,1
71.0,100,0,0,1,9,1,4,4,0,0,0,10,1
71.0,137,0,0,1,5,16,1,1,0,1,1,3,1
71.0,139,0,0,1,3,8,2,0,0,0,0,10,1
71.0,162,0,0,1,7,10,1,1,1,1,1,3,1
71.0,165,2,2,1,4,4,2,1,0,0,0,10,1
71.0,175,1,1,1,6,25,1,0,2,1,0,3,1
71.0,185,0,0,1,3,0,1,0,0,0,0,1,1
72.0,4,2,2,1,3,11,1,0,0,0,1,3,1
72.0,22,0,0,1,5,5,1,1,1,1,0,4,1
72.0,24,2,3,1,9,6,5,3,0,0,0,4,1
72.0,61,0,0,1,10,11,6,3,0,0,0,4,1
72.0,85,1,1,1,10,0,6,3,0,0,0,4,1
72.0,96,0,0,1,7,10,0,3,0,1,2,3,1
72.0,98,0,0,1,3,14,0,0,0,0,0,3,1
72.0,123,3,2,1,5,5,2,0,1,1,0,3,1
72.0,180,3,3,1,12,1,6,4,0,1,0,3,1
73.0,27,0,0,1,5,1,2,1,0,1,0,3,1
73.0,49,0,0,1,6,2,2,3,0,0,0,10,1
73.0,51,0,0,1,4,1,0,1,0,1,0,4,1
73.0,55,1,1,1,9,5,6,2,0,0,0,4,1
73.0,104,1,1,1,4,12,1,0,1,1,0,4,1
73.0,112,0,0,1,5,8,1,0,1,2,0,3,1
73.0,130,0,0,1,4,1,2,0,0,0,1,4,1
73.0,135,1,1,1,5,19,0,0,0,1,1,3,1
73.0,135,4,4,1,5,7,2,0,1,1,0,4,1
74.0,16,0,0,1,6,16,2,1,0,0,2,3,1
74.0,25,3,2,1,9,9,2,2,0,1,3,4,1
74.0,41,1,1,1,14,18,3,7,0,2,0,3,1
74.0,60,0,0,1,3,22,0,0,0,1,0,5,1
74.0,68,0,0,1,10,4,7,1,0,1,0,4,1
74.0,144,2,2,1,11,1,7,3,0,0,0,3,1
74.0,154,0,0,1,3,4,0,1,0,0,1,3,1
74.0,158,0,0,1,21,26,10,5,2,2,1,3,1
74.0,160,0,0,1,3,4,0,1,0,1,0,4,1
74.0,184,0,0,1,13,53,5,2,0,0,1,3,1
74.0,189,2,2,1,8,19,1,0,2,1,2,3,1
75.0,2,0,0,1,2,12,0,0,0,0,0,1,1
75.0,8,0,0,1,12,40,5,3,2,0,1,3,1
75.0,35,0,0,1,3,11,0,0,0,1,0,5,1
75.0,90,1,1,1,4,1,1,1,0,0,0,1,1
75.0,113,0,0,1,7,15,2,1,2,1,0,4,1
75.0,124,0,0,1,7,11,2,2,0,1,1,3,1
75.0,130,2,2,1,3,0,0,2,0,0,0,10,1
75.0,152,0,0,1,10,0,7,1,0,0,0,1,1
76.0,6,2,2,1,12,3,3,6,1,1,0,4,1
76.0,59,0,0,1,6,1,1,4,0,0,0,10,1
76.0,64,1,1,1,28,2,15,10,1,1,0,3,1
76.0,187,2,2,1,5,14,0,2,0,1,1,3,1
77.0,44,1,1,1,4,6,1,0,0,1,1,4,1
77.0,46,0,0,1,6,1,3,1,0,1,0,3,1
77.0,51,0,0,1,5,9,1,1,1,1,0,3,1
77.0,71,1,1,1,12,40,3,3,1,0,3,3,1
77.0,79,0,0,1,2,2,1,0,0,0,0,1,1
77.0,84,1,1,1,3,14,1,0,1,0,0,3,1
77.0,108,0,0,1,4,3,1,0,0,0,1,4,1
77.0,137,0,0,1,11,5,6,4,0,0,0,4,1
77.0,149,1,1,1,6,10,2,1,1,1,0,4,1
77.0,150,0,0,1,3,5,1,0,0,1,0,3,1
77.0,170,0,0,1,4,9,0,2,0,1,0,4,1
77.0,183,1,1,1,11,11,6,2,1,0,1,3,1
78.0,44,3,2,1,5,36,1,0,1,1,0,3,1
78.0,129,0,0,1,5,30,0,1,1,1,1,3,1
78.0,154,0,0,1,13,26,4,2,2,3,1,3,1
79.0,30,0,0,1,7,22,1,1,1,1,2,3,1
79.0,65,1,1,1,7,0,3,3,0,0,0,4,1
79.0,74,0,0,1,9,32,1,1,3,2,1,3,1
79.0,107,1,1,1,3,15,0,0,0,1,0,5,1
79.0,182,1,1,1,3,0,1,0,0,1,0,4,1
80.0,18,1,1,1,5,11,0,1,0,2,1,3,1
80.0,48,0,0,1,4,14,1,0,0,1,1,3,1
80.0,81,0,0,1,5,2,3,0,0,0,1,4,1
80.0,93,2,0,1,3,15,0,0,0,0,0,4,1
80.0,174,0,0,1,16,7,7,5,1,0,2,3,1
80.0,180,2,2,1,11,41,4,0,4,1,1,3,1
81.0,0,2,2,1,12,0,7,3,0,0,0,1,1
81.0,31,0,0,1,7,20,1,0,1,2,1,3,1
81.0,69,0,0,1,9,42,0,2,1,1,3,3,1
81.0,88,0,0,1,6,10,1,2,0,1,1,4,1
81.0,107,0,0,1,4,5,1,0,0,0,2,4,1
81.0,114,2,3,1,10,7,6,2,0,0,1,3,1
81.0,120,0,0,1,6,5,1,1,1,1,0,3,1
81.0,122,0,0,1,7,41,0,1,1,2,2,3,1
81.0,143,0,0,1,5,13,1,0,1,2,0,3,1
82.0,25,0,0,1,4,1,1,1,0,1,0,4,1
82.0,79,0,0,1,4,41,1,0,1,0,1,3,1
82.0,100,0,0,1,5,2,1,1,0,0,0,4,1
82.0,117,0,0,1,7,8,2,1,0,0,3,4,1
82.0,161,1,2,1,5,6,2,1,0,0,1,4,1
83.0,14,2,2,1,20,29,3,4,5,4,2,3,1
83.0,16,0,0,1,14,49,2,2,4,3,1,3,1
83.0,23,3,2,1,4,1,1,0,1,1,0,3,1
83.0,41,0,0,1,6,2,1,1,1,2,0,3,1
83.0,57,1,1,1,5,9,1,2,0,0,1,4,1
83.0,61,0,0,1,25,2,13,10,0,0,0,1,1
83.0,75,3,2,1,3,8,1,0,0,0,1,3,1
83.0,99,0,0,1,10,0,6,2,0,1,0,3,1
83.0,119,0,0,1,19,5,7,9,0,1,0,3,1
83.0,148,0,0,1,9,26,0,2,1,1,1,3,1
83.0,164,0,0,1,5,12,1,0,1,1,0,3,1
83.0,189,0,0,1,9,1,5,0,1,1,0,4,1
84.0,2,0,0,1,5,9,2,0,1,1,0,3,1
84.0,52,2,0,1,3,16,1,0,1,0,0,3,1
84.0,63,2,2,1,18,2,10,6,0,0,0,1,1
84.0,67,1,1,1,3,11,0,0,0,0,0,3,1
84.0,75,0,0,1,4,4,1,1,0,0,0,1,1
84.0,83,1,1,1,5,5,1,0,0,1,1,4,1
84.0,111,0,0,1,4,4,0,2,0,1,0,3,1
84.0,114,1,1,1,6,16,1,2,0,1,1,3,1
84.0,124,2,2,1,4,3,1,1,0,1,0,4,1
84.0,140,0,0,1,3,10,1,0,0,1,0,4,1
85.0,34,0,0,1,5,4,1,1,0,1,1,3,1
85.0,60,0,0,1,4,21,1,0,0,1,1,3,1
85.0,65,2,3,1,4,13,0,1,1,0,1,4,1
85.0,81,0,0,1,4,2,1,1,0,1,0,3,1
85.0,107,0,0,1,7,22,1,0,2,1,2,3,1
86.0,15,0,0,1,7,16,3,1,0,1,1,3,1
86.0,29,0,0,1,4,7,1,1,0,0,1,4,1
86.0,36,0,0,1,5,9,1,1,0,1,1,3,1
86.0,102,0,0,1,6,3,2,0,1,1,0,3,1
86.0,133,1,1,1,3,0,1,0,0,0,0,1,1
86.0,149,2,1,1,6,3,1,1,0,1,1,4,1
86.0,162,0,0,1,7,6,2,2,0,1,0,4,1
86.0,177,1,1,1,5,4,2,1,0,0,1,4,1
86.0,177,2,2,1,8,1,6,0,0,0,0,1,1
86.0,179,1,1,1,8,8,1,1,2,2,0,3,1
87.0,3,0,0,1,10,9,4,2,1,0,2,3,1
87.0,48,2,2,1,5,8,0,2,0,1,1,3,1
87.0,74,1,1,1,3,4,1,0,0,0,0,1,1
87.0,74,2,2,1,15,9,10,4,0,0,0,10,1
87.0,111,0,0,1,3,14,1,0,0,0,1,4,1
87.0,115,0,0,1,4,6,2,0,0,1,0,4,1
87.0,141,0,0,1,7,13,2,1,0,1,2,3,1
87.0,146,1,1,1,5,14,2,2,0,0,0,4,1
87.0,152,0,0,1,9,3,5,2,0,1,0,4,1
87.0,154,0,0,1,3,8,0,0,0,0,0,1,1
87.0,167,1,1,1,4,10,1,0,1,1,0,3,1
87.0,168,0,0,1,9,1,2,5,0,0,0,4,1
87.0,168,1,1,1,5,6,1,1,0,0,2,4,1
87.0,173,1,1,1,4,3,2,1,0,0,0,10,1
88.0,0,1,1,1,4,2,0,1,0,1,1,3,1
88.0,10,0,0,1,8,5,2,2,1,0,1,3,1
88.0,11,1,2,1,5,21,0,0,1,0,0,3,1
88.0,46,2,2,1,3,3,1,0,0,0,0,1,1
88.0,85,0,0,1,6,7,1,0,1,2,1,3,1
88.0,104,3,2,1,5,4,0,3,0,1,0,3,1
89.0,6,1,1,1,5,6,1,2,0,0,1,4,1
89.0,12,1,0,1,5,7,1,1,0,2,0,3,1
89.0,61,0,0,1,3,0,1,0,0,0,0,1,1
89.0,101,1,1,1,5,15,1,1,0,1,1,3,1
89.0,118,1,1,1,4,19,1,0,0,0,2,3,1
90.0,47,1,1,1,12,4,7,2,1,1,0,3,1
90.0,153,3,3,1,4,1,1,1,0,1,0,3,1
91.0,20,1,1,1,3,4,1,0,0,1,0,4,1
91.0,23,0,0,1,4,1,1,1,0,0,0,1,1
91.0,26,2,1,1,4,8,1,0,1,0,1,3,1
91.0,43,2,1,1,13,30,5,2,2,1,2,3,1
91.0,53,1,2,1,11,46,2,3,3,2,0,3,1
91.0,113,0,0,1,6,1,0,3,0,2,0,4,1
91.0,114,0,0,1,7,12,3,0,2,1,0,3,1
91.0,123,1,1,1,15,3,9,3,0,2,0,3,1
91.0,162,0,0,1,5,2,2,1,0,1,0,3,1
91.0,185,0,0,1,4,0,1,1,0,0,0,1,1
92.0,4,1,1,1,8,10,1,0,1,2,2,3,1
92.0,7,0,0,1,5,11,1,1,0,1,1,3,1
92.0,29,1,2,1,6,23,0,1,1,1,2,3,1
92.0,35,0,0,1,3,0,1,0,0,0,0,1,1
92.0,45,0,0,1,5,7,1,1,0,1,1,3,1
92.0,77,0,0,1,3,2,0,1,0,0,0,1,1
92.0,99,0,0,1,4,0,1,1,0,1,0,4,1
92.0,101,0,0,1,5,2,0,2,0,2,0,4,1
92.0,114,0,0,1,4,1,1,1,0,0,0,1,1
92.0,131,0,0,1,7,28,2,1,2,0,1,3,1
92.0,178,0,0,1,5,29,1,1,0,1,1,3,1
93.0,21,0,0,1,5,2,1,1,0,1,0,1,1
93.0,45,0,0,1,5,4,1,2,1,0,0,3,1
93.0,61,4,4,1,3,3,1,0,0,0,0,1,1
93.0,67,3,0,1,9,8,3,4,0,0,1,10,1
93.0,73,1,1,1,3,0,1,0,0,0,0,1,1
93.0,109,1,0,1,5,2,2,0,0,0,1,4,1
93.0,128,0,0,1,6,6,1,2,0,1,1,4,1
93.0,130,0,0,1,6,7,2,1,0,1,0,4,1
93.0,158,0,0,1,7,20,1,1,0,2,1,3,1
93.0,164,0,0,1,6,11,1,1,1,1,1,3,1
93.0,166,2,2,1,5,7,1,1,0,1,1,3,1
94.0,114,0,0,1,10,7,2,6,0,1,0,3,1
94.0,133,1,1,1,3,1,1,0,0,0,0,1,1
94.0,138,0,0,1,4,0,3,0,0,0,0,4,1
94.0,153,3,1,1,3,2,1,1,0,0,0,1,1
94.0,162,0,0,1,4,2,1,0,1,1,0,4,1
94.0,176,0,0,1,6,38,2,1,1,1,0,3,1
95.0,1,1,1,1,5,3,2,0,0,0,1,4,1
95.0,28,0,0,1,7,1,1,2,0,1,1,3,1
95.0,36,0,0,1,16,21,6,7,0,0,0,3,1
95.0,44,1,1,1,4,1,1,0,0,1,0,4,1
95.0,47,2,2,1,25,5,13,11,0,0,0,1,1
95.0,67,0,0,1,10,14,4,1,2,1,1,3,1
95.0,74,1,1,1,3,0,1,0,0,0,0,1,1
95.0,164,0,0,1,4,11,1,0,1,1,0,3,1
96.0,32,1,1,1,7,15,1,2,0,1,2,4,1
96.0,56,0,0,1,4,14,1,0,0,0,2,3,1
96.0,83,1,1,1,4,0,2,1,0,0,0,10,1
96.0,114,0,0,1,4,7,1,0,0,0,1,3,1
96.0,126,0,0,1,4,4,1,1,1,0,0,4,1
96.0,145,0,0,1,4,21,1,1,0,0,1,4,1
96.0,154,1,1,1,15,18,5,4,2,2,1,3,1
96.0,178,0,0,1,9,1,7,1,0,0,0,4,1
96.0,179,1,1,1,7,26,1,0,0,1,1,3,1
97.0,54,0,0,1,2,3,1,0,0,0,0,1,1
97.0,82,1,0,1,3,3,1,1,0,0,0,1,1
97.0,89,2,1,1,4,5,1,1,0,0,0,1,1
97.0,112,0,0,1,7,8,2,4,0,0,0,4,1
97.0,144,0,0,1,7,16,1,1,1,1,1,3,1
97.0,172,0,0,1,5,8,1,2,0,1,0,3,1
98.0,6,1,1,1,5,0,3,0,0,0,0,1,1
98.0,19,0,0,1,5,11,1,0,0,1,2,3,1
98.0,41,1,1,1,3,1,1,0,0,1,0,4,1
98.0,64,0,0,1,3,2,1,0,0,0,0,1,1
98.0,74,0,0,1,25,4,12,11,0,0,1,3,1
98.0,86,1,1,1,4,4,0,1,0,1,1,3,1
98.0,94,0,0,1,9,19,3,0,2,2,0,3,1
98.0,-1,0,0,1,7,12,2,0,0,0,4,3,1
98.0,146,0,0,1,4,3,2,1,0,0,0,10,1
98.0,170,0,0,1,3,2,1,0,0,0,0,1,1
99.0,51,1,1,1,6,2,2,2,1,0,0,3,1
99.0,67,0,0,1,4,7,1,0,0,1,1,3,1
99.0,82,0,0,1,3,16,1,0,0,0,1,3,1
99.0,140,1,1,1,2,3,1,0,0,0,0,1,1
100.0,11,0,0,1,7,21,0,2,0,3,1,3,1
100.0,61,1,0,1,4,9,1,2,0,0,0,10,1
100.0,136,1,1,1,6,12,2,0,1,1,1,3,1
101.0,26,0,0,1,7,3,2,1,1,1,1,4,1
101.0,29,2,2,1,5,3,3,0,0,0,1,4,1
101.0,39,3,3,1,4,3,1,1,0,1,0,4,1
101.0,43,1,1,1,15,2,9,4,0,1,0,4,1
101.0,64,0,0,1,3,2,1,0,0,0,1,4,1
101.0,68,0,0,1,3,3,0,0,0,0,0,1,1
101.0,76,0,0,1,9,27,2,3,1,1,1,3,1
101.0,84,1,1,1,6,24,0,1,1,2,1,3,1
101.0,137,0,0,1,9,37,2,2,2,0,2,3,1
101.0,143,1,1,1,4,4,3,0,0,0,0,4,1
101.0,163,0,0,1,3,2,1,0,0,0,0,1,1
101.0,168,1,1,1,15,52,2,3,3,4,0,3,1
102.0,18,2,2,1,4,5,1,0,0,1,1,3,1
102.0,29,0,0,1,3,13,0,1,0,1,0,3,1
102.0,59,0,0,1,4,4,2,0,0,1,0,4,1
102.0,83,0,0,1,14,1,7,5,0,1,0,3,1
102.0,109,0,0,1,5,25,2,0,0,0,0,3,1
102.0,114,2,2,1,19,6,8,9,0,1,0,4,1
102.0,118,1,1,1,4,7,0,1,0,1,1,3,1
102.0,133,0,0,1,7,9,1,2,1,2,0,4,1
102.0,156,0,0,1,16,42,10,1,2,1,1,3,1
102.0,169,3,2,1,4,8,2,1,0,0,0,10,1
103.0,33,0,0,1,3,14,1,0,0,1,0,3,1
103.0,37,2,2,1,25,2,13,10,0,1,0,4,1
103.0,85,0,0,1,4,11,1,0,1,1,0,3,1
103.0,108,2,2,1,2,2,1,0,0,0,0,1,1
103.0,113,0,0,1,11,1,7,2,1,0,0,3,1
103.0,122,0,0,1,34,2,20,13,0,0,0,4,1
103.0,138,1,1,1,5,14,1,1,0,1,1,4,1
103.0,142,0,0,1,7,8,1,1,1,2,1,3,1
103.0,158,0,0,1,12,3,4,6,0,1,0,3,1
104.0,11,0,0,1,4,9,1,0,1,1,0,3,1
104.0,87,0,0,1,8,17,0,1,2,2,2,3,1
105.0,8,0,0,1,9,7,5,2,0,1,0,4,1
105.0,17,0,0,1,6,23,2,0,2,0,1,3,1
105.0,34,1,1,1,5,1,2,2,0,0,0,4,1
105.0,42,0,0,1,6,11,0,2,0,0,1,3,1
105.0,69,0,0,1,3,2,0,1,0,0,0,1,1
105.0,95,0,0,1,13,11,6,5,0,1,0,3,1
105.0,99,3,3,1,6,9,2,1,1,0,1,3,1
105.0,102,0,0,1,4,6,2,0,0,0,0,1,1
105.0,121,1,0,1,3,4,1,0,0,0,0,1,1
105.0,126,0,0,1,4,1,3,0,0,0,0,10,1
105.0,157,1,1,1,3,14,1,0,1,0,0,3,1
106.0,46,0,0,1,5,6,1,1,0,1,1,3,1
106.0,63,2,2,1,7,3,3,1,0,0,2,3,1
106.0,165,0,0,1,5,22,1,0,1,1,0,3,1
107.0,88,0,0,1,10,5,4,2,0,0,2,3,1
107.0,95,1,1,1,3,2,0,1,0,1,0,3,1
107.0,118,2,2,1,8,10,1,0,2,1,2,3,1
107.0,149,0,0,1,5,10,0,2,0,1,1,3,1
107.0,166,1,1,1,4,2,1,1,0,0,0,1,1
108.0,32,1,1,1,6,9,1,1,2,1,0,3,1
108.0,39,2,0,1,5,20,2,0,1,0,1,3,1
108.0,110,0,0,1,8,19,3,1,1,1,1,3,1
108.0,112,1,1,1,5,6,2,0,0,1,1,4,1
108.0,116,0,0,1,5,5,1,0,1,2,0,3,1
108.0,148,1,1,1,4,22,0,0,0,0,1,3,1
108.0,154,0,0,1,6,6,2,1,0,0,1,4,1
109.0,0,1,1,1,4,1,2,1,0,0,0,10,1
109.0,19,1,2,1,3,3,0,0,0,0,0,1,1
109.0,111,1,1,1,5,2,2,1,0,1,0,3,1
109.0,120,0,0,1,8,4,1,5,1,0,0,4,1
109.0,175,1,1,1,4,8,0,1,0,1,1,3,1
110.0,7,0,0,1,5,4,0,2,0,2,0,3,1
110.0,22,0,0,1,14,1,7,6,0,0,0,10,1
110.0,25,0,0,1,4,10,1,0,0,0,2,3,1
110.0,45,1,1,1,3,18,1,0,0,1,0,3,1
110.0,65,0,0,1,5,14,0,1,0,1,1,4,1
110.0,69,0,0,1,6,8,2,1,0,1,1,3,1
110.0,89,0,0,1,3,1,1,0,0,1,0,4,1
110.0,108,2,2,1,4,1,2,0,0,1,0,4,1
110.0,142,0,0,1,6,5,1,1,2,1,0,3,1
110.0,176,0,0,1,9,11,2,2,1,2,1,4,1
111.0,56,0,0,1,7,24,1,0,2,1,1,3,1
111.0,61,0,0,1,4,1,1,1,0,1,0,4,1
111.0,114,1,2,1,7,8,4,2,0,0,0,4,1
111.0,118,2,2,1,3,0,0,1,0,1,0,4,1
111.0,155,0,0,1,5,2,1,2,0,1,0,3,1
112.0,48,0,0,1,7,13,2,0,0,0,4,3,1
112.0,53,0,0,1,5,4,2,1,0,0,1,4,1
112.0,63,1,1,1,12,15,5,2,0,1,2,3,1
112.0,63,3,0,1,5,1,3,0,0,0,0,1,1
112.0,85,0,0,1,2,0,1,0,0,0,0,1,1
112.0,87,2,2,1,7,8,1,2,1,2,0,4,1
112.0,143,0,0,1,3,0,1,0,0,0,0,1,1
112.0,173,0,0,1,9,13,3,0,1,1,3,3,1
113.0,4,1,0,1,3,1,1,0,0,0,0,1,1
113.0,30,0,0,1,5,2,2,1,1,0,0,4,1
113.0,49,4,3,1,3,3,2,0,0,0,0,10,1
113.0,52,0,0,1,9,25,6,0,0,0,0,3,1
113.0,71,0,0,1,7,3,0,6,0,0,0,4,1
113.0,76,3,5,1,2,1,1,0,0,0,0,1,1
113.0,111,2,2,1,3,2,2,0,0,0,0,10,1
113.0,117,2,2,1,2,0,1,0,0,0,0,1,1
113.0,122,4,3,1,4,5,1,1,0,1,0,4,1
113.0,123,0,0,1,7,2,4,0,0,1,0,4,1
113.0,125,0,0,1,6,11,1,2,0,1,1,4,1
113.0,145,5,3,1,5,1,2,1,0,0,1,4,1
113.0,156,0,0,1,3,6,0,1,0,0,1,4,1
113.0,174,1,1,1,4,2,2,1,0,0,0,10,1
114.0,4,1,0,1,5,20,1,1,1,1,0,3,1
114.0,10,1,1,1,4,1,1,1,0,0,0,1,1
114.0,25,0,0,1,8,3,5,1,0,1,0,4,1
114.0,34,1,0,1,11,7,7,2,0,0,1,3,1
114.0,46,4,3,1,2,1,1,0,0,0,0,1,1
114.0,49,0,0,1,12,18,2,2,1,3,3,3,1
114.0,91,0,0,1,5,1,2,1,0,1,0,4,1
114.0,105,0,0,1,2,0,1,0,0,0,0,1,1
114.0,132,1,1,1,4,11,1,1,0,0,1,3,1
114.0,151,1,2,1,3,7,1,0,1,0,0,4,1
114.0,161,0,0,1,5,5,2,0,0,0,2,4,1
115.0,91,0,0,1,12,49,1,6,3,1,0,3,1
115.0,168,2,2,1,5,0,1,1,0,0,1,3,1
116.0,33,0,0,1,4,0,3,0,0,0,0,4,1
116.0,45,2,1,1,2,2,1,0,0,0,0,1,1
116.0,54,3,1,1,4,12,0,1,0,1,1,3,1
116.0,94,2,1,1,7,8,4,1,0,0,0,1,1
116.0,120,0,0,1,3,2,1,1,0,0,0,1,1
116.0,136,0,0,1,24,3,11,11,0,0,0,1,1
116.0,165,1,1,1,4,1,1,1,0,0,0,1,1
116.0,169,0,0,1,4,21,1,1,0,1,0,3,1
116.0,177,0,0,1,5,18,1,0,1,1,1,3,1
117.0,29,0,0,1,5,0,2,1,0,0,0,4,1
117.0,74,3,3,1,3,0,1,0,0,0,0,1,1
117.0,81,1,1,1,6,3,2,1,0,1,1,3,1
117.0,110,1,1,1,7,16,1,1,2,2,0,3,1
117.0,121,0,0,1,7,0,2,3,0,0,0,1,1
117.0,123,1,1,1,16,4,8,6,0,0,1,4,1
117.0,165,0,0,1,3,4,1,0,0,0,1,4,1
118.0,20,0,0,1,11,5,3,5,1,1,0,3,1
118.0,53,0,0,1,5,29,0,0,1,1,0,3,1
118.0,56,0,0,1,7,1,5,1,0,0,0,10,1
118.0,80,0,0,1,7,20,0,2,1,2,0,3,1
118.0,104,0,0,1,2,3,0,0,0,0,0,1,1
118.0,120,1,1,1,16,9,7,5,0,1,1,3,1
119.0,21,0,0,1,7,0,5,1,0,0,0,4,1
119.0,31,0,0,1,5,7,0,2,0,0,0,3,1
119.0,46,0,0,1,5,16,1,0,1,2,0,3,1
119.0,102,1,3,1,10,28,3,0,2,1,3,3,1
119.0,124,0,0,1,3,7,0,1,0,0,0,1,1
119.0,133,0,0,1,7,7,3,1,1,0,1,3,1
119.0,146,6,1,1,10,3,7,1,0,0,0,3,1
120.0,0,0,0,1,3,2,0,1,0,0,1,3,1
120.0,58,1,1,1,4,11,0,1,0,1,1,3,1
120.0,71,0,0,1,15,18,7,2,1,1,3,3,1
120.0,113,2,2,1,12,8,7,2,1,1,0,3,1
120.0,124,1,1,1,18,0,9,8,0,0,0,10,1
120.0,140,2,1,1,3,4,1,0,0,0,0,1,1
120.0,143,4,3,1,9,1,5,2,0,0,0,1,1
121.0,26,0,0,1,18,20,8,6,1,2,0,3,1
121.0,100,2,2,1,3,4,1,0,0,1,0,4,1
121.0,113,0,0,1,17,6,6,9,1,0,0,4,1
121.0,133,1,1,1,3,1,2,0,0,0,0,10,1
121.0,157,0,0,1,6,7,1,1,2,0,0,3,1
121.0,186,3,2,1,5,1,3,1,0,0,0,4,1
121.0,188,1,0,1,9,38,3,0,2,0,2,3,1
122.0,25,0,0,1,16,13,6,4,1,1,3,3,1
122.0,33,1,1,1,5,9,1,1,0,1,1,3,1
122.0,59,0,0,1,5,6,1,0,0,1,1,3,1
122.0,86,0,0,1,5,4,2,1,0,0,1,4,1
122.0,89,0,0,1,14,45,5,3,2,1,2,3,1
122.0,101,1,1,1,3,3,0,0,0,1,0,5,1
122.0,130,1,1,1,8,42,0,1,3,2,1,3,1
122.0,159,0,0,1,14,6,7,4,1,1,0,4,1
122.0,172,4,3,1,3,8,2,0,0,0,0,10,1
122.0,182,0,0,1,3,5,1,0,0,0,1,3,1
123.0,84,0,0,1,8,3,3,3,0,1,0,4,1
123.0,136,1,1,1,3,0,2,0,0,0,0,10,1
123.0,139,1,1,1,6,9,1,1,1,1,1,3,1
123.0,139,2,3,1,15,3,11,3,0,0,0,10,1
123.0,140,0,0,1,3,3,1,0,0,0,0,1,1
123.0,141,1,1,1,17,62,6,3,2,2,3,3,1
123.0,174,0,0,1,5,26,1,0,0,1,2,3,1
123.0,174,1,1,1,7,50,2,0,1,0,3,3,1
123.0,183,0,0,1,8,21,1,0,2,2,2,3,1
124.0,49,2,2,1,4,4,1,1,0,0,1,4,1
124.0,63,1,1,1,8,14,3,2,1,1,0,3,1
124.0,71,0,0,1,7,6,1,0,1,1,0,3,1
124.0,91,0,0,1,6,1,1,3,0,1,0,4,1
125.0,1,0,0,1,7,10,2,1,1,1,0,4,1
125.0,97,2,1,1,12,2,7,4,0,0,0,10,1
125.0,100,1,1,1,4,17,0,1,0,1,1,3,1
125.0,116,1,1,1,4,17,1,0,0,1,0,3,1
125.0,119,0,0,1,4,0,2,0,0,0,0,1,1
125.0,128,1,1,1,4,6,3,0,0,0,0,4,1
126.0,62,1,0,1,8,43,1,0,3,2,1,3,1
126.0,69,0,0,1,5,3,2,2,0,0,0,10,1
126.0,117,0,0,1,5,18,1,1,0,0,2,3,1
127.0,5,0,0,1,9,11,3,1,1,1,2,3,1
127.0,37,1,1,1,9,60,0,2,2,2,2,3,1
127.0,46,0,0,1,3,5,2,0,0,0,0,10,1
127.0,76,1,1,1,3,4,1,0,0,1,0,4,1
127.0,83,0,0,1,4,1,1,2,0,0,0,10,1
127.0,108,0,0,1,5,18,1,0,1,2,0,3,1
127.0,132,2,2,1,9,14,5,0,1,0,2,3,1
127.0,142,0,0,1,6,0,4,1,0,0,0,10,1
127.0,144,0,0,1,5,6,1,1,0,0,1,4,1
127.0,151,1,0,1,10,11,6,2,0,1,0,4,1
128.0,40,2,2,1,3,2,1,0,0,0,1,4,1
128.0,75,0,0,1,4,6,1,0,0,0,0,4,1
128.0,109,1,1,1,4,10,0,0,0,0,0,3,1
128.0,134,0,0,1,19,31,7,4,1,2,4,3,1
128.0,156,2,2,1,3,3,0,1,1,0,0,4,1
128.0,174,1,1,1,4,0,1,1,0,1,0,4,1
128.0,183,0,0,1,9,41,0,2,2,1,1,3,1
129.0,61,0,0,1,6,8,2,0,1,1,1,3,1
129.0,79,0,0,1,14,4,7,5,0,0,0,1,1
129.0,85,1,1,1,15,14,8,5,0,0,1,3,1
129.0,114,2,2,1,4,0,2,1,0,0,0,4,1
129.0,133,2,2,1,3,4,0,0,0,0,0,1,1
129.0,142,2,2,1,5,13,2,1,0,0,1,3,1
129.0,185,0,0,1,13,7,5,5,0,2,0,3,1
130.0,2,0,0,1,10,33,5,0,1,1,2,3,1
130.0,6,0,0,1,5,5,1,1,1,1,0,3,1
130.0,14,0,0,1,17,51,4,6,3,1,2,3,1
130.0,62,0,0,1,3,0,1,1,0,0,0,1,1
130.0,64,1,1,1,4,1,1,1,0,0,0,1,1
130.0,100,0,0,1,5,4,1,1,0,1,1,4,1
130.0,128,1,1,1,12,4,3,5,1,1,0,3,1
130.0,156,0,0,1,6,5,1,4,0,0,0,4,1
130.0,158,2,2,1,2,2,1,0,0,0,0,1,1
130.0,180,2,2,1,3,1,1,1,0,0,0,1,1
130.0,189,3,2,1,2,2,1,0,0,0,0,1,1
131.0,31,2,2,1,5,2,2,2,0,0,0,10,1
131.0,33,0,0,1,12,11,8,0,1,0,1,3,1
131.0,40,1,0,1,3,2,1,0,0,0,0,1,1
131.0,52,0,0,1,3,34,1,0,0,0,0,3,1
131.0,67,1,1,1,7,5,2,1,2,1,0,3,1
131.0,70,0,0,1,4,4,1,1,0,1,0,4,1
131.0,77,1,1,1,4,0,1,1,0,0,0,1,1
131.0,156,0,0,1,32,15,15,15,0,1,0,3,1
132.0,31,1,2,1,4,2,1,0,0,1,0,4,1
132.0,89,0,0,1,5,18,1,1,0,1,1,3,1
132.0,127,1,1,1,8,4,5,1,0,0,1,4,1
132.0,130,1,1,1,8,16,0,1,2,2,2,3,1
132.0,132,3,2,1,8,11,5,0,1,0,1,3,1
132.0,136,4,4,1,4,17,0,1,0,1,0,3,1
132.0,181,0,0,1,31,6,15,15,0,0,0,10,1
132.0,185,0,0,1,9,4,5,3,0,0,0,4,1
133.0,7,3,3,1,2,3,0,0,0,0,0,1,1
133.0,25,0,0,1,4,2,1,1,0,0,1,4,1
133.0,36,3,2,1,6,7,1,1,0,1,1,3,1
133.0,77,0,0,1,5,31,0,1,0,1,1,3,1
133.0,91,2,2,1,4,2,1,1,0,0,0,1,1
133.0,111,0,0,1,5,4,3,0,0,0,1,4,1
133.0,126,0,0,1,6,1,4,1,0,0,0,10,1
134.0,43,0,0,1,3,4,1,0,0,1,0,4,1
134.0,48,1,1,1,3,0,1,1,0,0,0,1,1
134.0,76,0,0,1,4,16,2,0,0,1,0,4,1
134.0,100,1,2,1,3,1,0,1,0,1,0,4,1
134.0,182,3,3,1,9,40,1,2,0,1,2,3,1
135.0,14,0,0,1,4,10,1,0,0,1,1,4,1
135.0,22,0,0,1,6,4,2,1,1,1,0,4,1
135.0,28,1,1,1,4,1,1,1,0,1,0,4,1
135.0,40,0,0,1,3,12,1,0,0,1,0,4,1
135.0,52,0,0,1,12,9,3,4,0,2,2,3,1
135.0,79,0,0,1,6,5,1,3,0,0,1,3,1
135.0,99,2,1,1,4,13,1,1,0,1,0,3,1
135.0,139,0,0,1,6,8,2,1,0,1,1,3,1
135.0,139,1,1,1,6,7,2,1,1,0,1,4,1
136.0,40,2,2,1,3,0,1,0,0,0,0,1,1
136.0,83,0,0,1,5,2,2,0,0,0,1,4,1
136.0,88,0,0,1,4,3,0,1,0,1,0,4,1
136.0,96,0,0,1,4,3,1,2,0,0,0,10,1
136.0,103,1,1,1,4,0,1,1,0,1,0,4,1
136.0,135,1,1,1,5,1,1,2,0,0,1,4,1
136.0,141,0,0,1,6,6,2,1,1,1,0,3,1
136.0,145,1,1,1,6,6,0,2,0,2,0,3,1
136.0,165,0,0,1,19,2,11,6,0,0,0,1,1
136.0,194,1,1,1,3,2,2,0,0,0,0,10,1
137.0,6,0,0,1,6,16,0,3,0,2,0,3,1
137.0,45,1,1,1,5,3,2,1,0,0,1,4,1
137.0,58,1,1,1,6,11,1,1,1,2,0,3,1
137.0,82,0,0,1,3,11,1,0,0,0,1,4,1
137.0,94,0,0,1,3,9,1,0,0,0,1,3,1
137.0,96,0,0,1,7,5,1,2,0,1,1,4,1
137.0,155,0,0,1,3,14,1,0,0,1,0,4,1
137.0,155,4,1,1,11,158,1,1,3,2,0,3,1
137.0,185,0,0,1,8,7,5,1,0,0,1,4,1
138.0,82,1,1,1,5,4,1,1,0,1,1,4,1
138.0,82,2,2,1,4,0,2,1,0,0,0,4,1
138.0,87,1,1,1,3,1,1,0,0,1,0,4,1
138.0,138,0,0,1,6,15,2,0,2,1,0,3,1
138.0,156,1,1,1,9,14,2,2,1,2,1,3,1
138.0,179,0,0,1,4,9,0,1,0,1,1,3,1
139.0,65,0,0,1,5,20,1,1,0,0,2,3,1
139.0,68,0,0,1,4,9,1,0,0,1,1,4,1
139.0,81,0,0,1,8,13,1,3,0,1,2,3,1
139.0,97,0,0,1,4,0,1,1,0,0,0,1,1
139.0,111,0,0,1,4,0,2,0,0,0,0,1,1
139.0,122,0,0,1,13,39,4,2,2,2,1,3,1
139.0,129,0,0,1,6,7,2,1,0,0,1,4,1
139.0,152,1,1,1,16,0,9,5,0,0,0,4,1
139.0,154,1,1,1,4,11,1,0,1,1,0,3,1
139.0,161,0,0,1,10,18,2,2,2,2,1,3,1
139.0,175,1,1,1,4,0,1,1,0,0,0,1,1
139.0,176,0,0,1,4,7,1,0,1,1,0,3,1
139.0,179,3,2,1,8,6,3,2,1,1,0,4,1
139.0,186,0,0,1,5,1,3,1,0,0,0,4,1
140.0,0,0,0,1,13,12,5,5,1,1,0,3,1
140.0,25,0,0,1,7,8,2,1,1,1,1,4,1
140.0,34,1,1,1,5,2,1,1,1,1,0,4,1
140.0,41,0,0,1,4,7,3,0,0,0,0,4,1
140.0,86,0,0,1,5,13,3,0,0,0,1,3,1
140.0,147,3,0,1,4,3,2,0,0,0,1,4,1
140.0,157,2,2,1,5,0,3,1,0,0,0,4,1
140.0,161,1,2,1,21,2,12,7,0,0,1,4,1
140.0,168,0,0,1,4,3,0,1,0,1,0,3,1
141.0,3,1,2,1,6,14,0,0,1,1,1,3,1
141.0,14,0,0,1,5,5,2,0,0,0,1,4,1
141.0,17,1,1,1,3,3,0,0,0,1,0,5,1
141.0,32,0,0,1,6,8,2,1,1,1,0,4,1
141.0,92,0,0,1,4,4,2,0,0,0,1,4,1
141.0,114,1,1,1,8,24,0,2,2,2,1,3,1
141.0,114,4,2,1,3,4,1,0,0,0,0,1,1
141.0,143,2,1,1,11,4,4,3,1,1,1,3,1
141.0,193,0,0,1,4,6,1,1,0,1,0,4,1
142.0,5,0,0,1,3,3,2,0,0,0,0,10,1
142.0,8,0,0,1,33,12,17,14,0,1,0,4,1
142.0,17,4,3,1,5,5,1,2,0,1,0,3,1
142.0,30,1,1,1,4,5,2,1,0,0,0,10,1
142.0,44,0,0,1,4,5,1,2,0,0,0,4,1
142.0,102,0,0,1,6,5,1,1,0,1,1,3,1
142.0,109,1,1,1,4,2,1,1,0,1,0,4,1
142.0,130,0,0,1,17,2,10,6,0,0,0,4,1
142.0,149,0,0,1,9,2,6,2,0,0,0,3,1
142.0,156,0,0,1,4,6,2,0,0,0,1,4,1
142.0,187,0,0,1,3,0,1,0,0,1,0,4,1
143.0,8,0,0,1,7,18,0,5,0,0,1,3,1
143.0,14,0,0,1,5,6,1,1,0,2,0,3,1
143.0,15,1,2,1,3,2,1,0,0,0,1,4,1
143.0,31,1,1,1,3,14,1,0,0,0,1,3,1
143.0,144,0,0,1,4,3,2,0,0,1,0,4,1
143.0,183,0,0,1,5,6,2,1,0,0,1,3,1
144.0,51,0,0,1,4,6,1,1,0,0,1,4,1
144.0,56,0,0,1,4,2,3,0,0,0,0,4,1
144.0,105,0,0,1,5,0,3,1,0,0,0,1,1
144.0,107,1,0,1,8,29,2,3,0,0,2,3,1
144.0,113,0,0,1,6,39,0,1,0,1,1,3,1
144.0,129,1,1,1,9,2,5,2,0,1,0,4,1
144.0,160,1,1,1,6,1,4,1,0,0,0,4,1
145.0,99,0,0,1,6,29,0,1,1,1,2,3,1
146.0,20,0,0,1,7,6,1,1,1,2,0,3,1
146.0,30,0,0,1,5,6,1,1,0,1,0,1,1
146.0,70,0,0,1,12,5,7,3,0,1,0,3,1
146.0,88,1,1,1,8,1,6,1,0,0,0,10,1
146.0,88,2,2,1,5,8,3,1,0,0,0,4,1
146.0,118,1,1,1,5,3,1,0,0,1,1,3,1
146.0,146,0,0,1,5,4,1,2,0,1,0,4,1
147.0,7,1,1,1,5,0,1,2,0,1,0,4,1
147.0,23,0,0,1,3,5,1,0,1,0,0,3,1
147.0,41,0,0,1,7,3,2,1,1,1,0,4,1
147.0,57,0,0,1,3,4,1,0,0,0,1,4,1
147.0,61,1,0,1,4,2,2,1,0,0,0,10,1
147.0,90,0,0,1,5,1,1,1,0,1,0,4,1
147.0,97,0,0,1,5,13,1,0,1,2,0,3,1
147.0,105,3,3,1,5,4,1,2,0,1,0,4,1
147.0,121,1,1,1,3,0,1,0,0,1,0,4,1
147.0,159,0,0,1,5,5,1,1,0,1,1,4,1
148.0,46,0,0,1,4,10,0,1,0,1,1,3,1
148.0,85,0,0,1,3,0,1,1,0,0,0,10,1
148.0,103,1,1,1,3,2,0,2,0,0,0,10,1
148.0,129,1,1,1,4,0,1,1,0,0,0,1,1
148.0,133,0,0,1,3,2,1,0,0,0,0,1,1
148.0,167,0,0,1,7,3,1,1,1,2,1,3,1
149.0,3,2,2,1,4,0,2,1,0,0,0,10,1
149.0,19,0,0,1,10,5,7,1,0,1,0,4,1
149.0,107,0,0,1,7,15,0,3,0,1,2,3,1
149.0,131,0,0,1,4,4,1,0,1,1,0,3,1
149.0,142,0,0,1,5,6,1,0,0,1,1,3,1
149.0,153,0,0,1,4,2,2,1,0,0,0,10,1
150.0,11,1,1,1,10,6,3,5,0,0,0,4,1
150.0,32,1,1,1,4,3,2,0,0,0,1,4,1
150.0,42,1,1,1,12,29,2,3,1,2,3,3,1
150.0,89,0,0,1,10,31,1,5,1,0,2,3,1
150.0,96,0,0,1,17,2,8,7,0,1,0,4,1
150.0,97,2,1,1,3,3,1,0,0,1,0,3,1
150.0,105,0,0,1,9,115,1,1,3,2,1,3,1
150.0,119,4,2,1,3,7,1,0,0,1,0,4,1
150.0,135,0,0,1,5,10,1,0,0,0,1,3,1
151.0,2,2,2,1,4,2,1,1,0,0,0,1,1
151.0,46,0,0,1,3,1,1,0,0,1,0,4,1
151.0,50,0,0,1,6,1,5,0,0,0,0,4,1
151.0,62,1,0,1,4,4,2,1,0,0,0,10,1
151.0,79,0,0,1,4,8,1,1,0,0,0,1,1
151.0,104,0,0,1,38,4,20,17,0,0,0,4,1
151.0,120,1,1,1,5,7,2,1,0,1,0,4,1
151.0,136,0,0,1,5,4,1,2,0,0,1,4,1
151.0,144,2,1,1,4,0,0,1,0,2,0,3,1
152.0,0,1,1,1,3,1,1,0,0,1,0,4,1
152.0,10,1,1,1,3,1,1,0,0,0,0,1,1
152.0,80,0,0,1,3,4,1,0,0,0,0,1,1
152.0,80,1,1,1,3,4,1,0,0,0,0,1,1
152.0,99,0,0,1,7,10,4,2,0,0,0,4,1
152.0,104,1,1,1,3,4,1,0,0,0,0,1,1
152.0,124,0,0,1,6,37,1,1,0,0,3,3,1
152.0,140,1,0,1,6,4,5,0,0,0,0,3,1
152.0,160,0,0,1,3,9,1,0,0,1,0,4,1
152.0,171,0,0,1,5,8,1,1,0,0,2,3,1
152.0,178,1,1,1,9,2,5,2,0,0,0,1,1
152.0,192,2,2,1,11,16,1,2,1,1,4,3,1
153.0,9,1,1,1,4,7,1,0,1,1,0,3,1
153.0,69,2,1,1,4,7,1,0,1,1,0,3,1
153.0,104,0,0,1,4,0,2,1,0,0,0,10,1
153.0,118,0,0,1,3,6,1,0,0,0,1,3,1
153.0,123,1,1,1,7,11,1,2,0,2,0,3,1
153.0,150,1,1,1,5,1,1,1,0,1,0,4,1
153.0,169,0,0,1,6,16,2,1,1,1,0,4,1
153.0,172,0,0,1,3,7,1,0,0,1,0,3,1
153.0,187,1,1,1,4,3,2,1,0,0,0,10,1
154.0,25,4,4,1,4,1,1,1,0,1,0,4,1
154.0,85,0,0,1,8,3,2,2,1,1,1,3,1
154.0,145,2,1,1,6,10,3,1,0,1,0,3,1
154.0,151,0,0,1,5,3,0,2,0,1,1,3,1
154.0,170,0,0,1,6,2,2,1,0,1,1,3,1
155.0,12,1,2,1,3,1,1,0,0,0,0,1,1
155.0,30,1,1,1,2,1,1,0,0,0,0,1,1
155.0,60,0,0,1,2,6,1,0,0,0,0,1,1
155.0,64,0,0,1,5,5,1,0,1,2,0,3,1
155.0,82,0,0,1,5,1,2,2,0,0,0,10,1
155.0,126,2,2,1,4,0,1,0,0,1,0,3,1
155.0,146,0,0,1,4,3,1,1,0,1,0,4,1
155.0,188,0,0,1,11,5,6,2,1,1,0,3,1
155.0,189,1,2,1,10,5,6,3,0,0,0,4,1
155.0,190,1,2,1,12,12,2,6,0,0,3,3,1
156.0,20,1,1,1,6,15,1,1,1,1,1,3,1
156.0,64,0,0,1,5,2,1,2,0,1,0,4,1
156.0,112,0,0,1,4,3,1,1,0,0,0,1,1
156.0,115,0,0,1,5,4,2,1,0,0,1,4,1
156.0,126,3,3,1,9,32,0,0,2,1,2,3,1
156.0,140,0,0,1,17,3,4,10,1,0,1,3,1
156.0,190,0,0,1,4,21,1,0,1,0,1,3,1
157.0,1,0,0,1,4,3,2,0,0,0,1,4,1
157.0,25,1,1,1,6,3,3,1,0,1,0,3,1
157.0,61,2,2,1,4,4,0,1,0,1,1,3,1
157.0,79,0,0,1,5,13,1,1,1,1,0,4,1
157.0,82,0,0,1,5,6,1,1,1,0,1,4,1
157.0,93,0,0,1,6,22,1,1,1,2,0,3,1
157.0,99,0,0,1,3,2,1,1,0,0,0,1,1
157.0,106,0,0,1,5,14,0,2,0,1,1,3,1
157.0,153,0,0,1,6,22,1,1,2,1,0,3,1
157.0,159,1,1,1,7,39,1,0,0,1,2,3,1
157.0,165,1,1,1,4,5,1,0,0,1,1,3,1
158.0,32,0,0,1,13,24,4,1,1,1,3,3,1
158.0,32,1,1,1,26,4,14,10,0,1,0,4,1
158.0,43,0,0,1,7,41,1,1,1,1,0,3,1
158.0,64,0,0,1,4,4,2,0,0,0,1,4,1
158.0,76,0,0,1,3,11,0,1,0,1,0,4,1
158.0,88,2,3,1,4,7,1,1,0,0,1,3,1
158.0,114,0,0,1,6,10,0,2,0,1,1,3,1
159.0,11,1,1,1,14,6,5,6,0,1,1,4,1
159.0,72,0,0,1,11,4,5,3,1,1,0,4,1
159.0,108,0,0,1,18,11,9,5,1,1,0,3,1
159.0,158,0,0,1,8,18,1,2,1,1,2,3,1
159.0,166,0,0,1,4,14,1,0,0,1,1,3,1
160.0,67,1,1,1,8,16,0,4,0,0,1,3,1
160.0,96,0,0,1,3,1,1,0,0,1,0,4,1
160.0,118,0,0,1,6,22,0,1,1,1,1,3,1
160.0,137,0,0,1,3,8,0,1,0,1,0,3,1
160.0,146,0,0,1,4,6,2,0,1,0,0,4,1
160.0,148,4,0,1,4,2,2,0,0,0,0,1,1
161.0,25,3,2,1,9,28,1,2,1,2,2,3,1
161.0,32,0,0,1,4,26,1,0,1,0,1,3,1
161.0,43,0,0,1,4,5,0,1,0,1,1,3,1
161.0,51,0,0,1,5,6,2,0,0,0,2,3,1
161.0,75,2,2,1,4,2,0,1,0,2,0,3,1
161.0,93,0,0,1,4,6,1,0,0,1,1,3,1
161.0,133,4,2,1,2,0,1,0,0,0,0,1,1
161.0,179,0,0,1,6,17,2,1,1,0,1,4,1
162.0,19,0,0,1,5,3,2,0,0,0,2,3,1
162.0,22,1,1,1,3,2,1,0,0,0,0,1,1
162.0,26,3,3,1,6,9,2,0,1,1,1,4,1
162.0,35,0,0,1,6,5,1,2,0,0,2,4,1
162.0,38,0,0,1,4,3,2,1,0,0,0,4,1
162.0,42,0,0,1,9,2,4,2,1,1,0,3,1
162.0,54,1,1,1,3,0,0,2,0,0,0,10,1
162.0,99,0,0,1,5,4,0,2,0,2,0,4,1
162.0,108,0,0,1,7,7,2,2,0,0,1,4,1
162.0,143,1,1,1,16,1,6,8,0,0,0,1,1
162.0,161,3,4,1,4,1,1,1,0,0,0,1,1
163.0,15,0,0,1,5,6,0,2,0,2,0,3,1
163.0,32,0,0,1,3,3,0,0,0,0,0,1,1
163.0,46,0,0,1,5,2,1,1,0,1,1,4,1
163.0,65,0,0,1,4,9,0,1,0,0,1,3,1
163.0,83,1,1,1,4,17,0,1,1,0,0,3,1
163.0,85,0,0,1,4,6,2,0,0,1,0,4,1
163.0,104,1,0,1,9,3,6,1,0,0,0,4,1
163.0,116,0,0,1,4,4,2,0,0,1,0,4,1
163.0,118,1,1,1,3,3,1,0,1,0,0,3,1
163.0,157,0,0,1,9,30,1,2,1,2,0,3,1
164.0,24,2,2,1,3,0,1,1,0,0,0,1,1
164.0,27,0,0,1,4,10,0,2,0,1,0,3,1
164.0,52,0,0,1,5,3,1,0,1,1,1,4,1
164.0,61,0,0,1,5,4,2,0,0,1,1,3,1
164.0,102,2,2,1,4,5,1,1,0,1,0,3,1
164.0,120,1,1,1,4,9,0,1,0,1,1,3,1
164.0,166,1,1,1,4,0,2,1,0,0,0,1,1
164.0,197,0,0,1,3,3,0,1,0,1,0,4,1
165.0,23,1,1,1,3,0,1,0,0,0,0,1,1
165.0,59,0,0,1,3,0,1,0,0,0,0,1,1
165.0,83,0,0,1,5,13,1,1,0,0,2,3,1
165.0,102,0,0,1,7,16,1,0,0,1,3,3,1
165.0,106,1,1,1,4,0,3,0,0,0,0,4,1
165.0,113,0,0,1,13,35,8,2,2,0,0,3,1
165.0,121,2,3,1,3,1,0,1,0,0,0,1,1
165.0,122,0,0,1,4,1,1,1,0,0,0,1,1
165.0,127,0,0,1,17,1,10,6,0,0,0,3,1
165.0,178,2,3,1,6,2,2,3,0,0,0,4,1
165.0,185,1,1,1,19,4,10,7,0,0,0,1,1
166.0,28,0,0,1,5,12,1,1,0,2,0,3,1
166.0,38,0,0,1,8,13,1,0,2,3,1,3,1
166.0,39,2,0,1,4,3,2,1,0,0,0,4,1
166.0,60,0,0,1,11,27,5,3,1,0,1,3,1
166.0,67,0,0,1,5,11,1,0,1,1,1,4,1
166.0,95,0,0,1,3,0,0,1,0,1,0,3,1
166.0,131,1,1,1,7,5,3,0,1,2,0,3,1
166.0,154,0,0,1,3,9,1,0,0,1,0,4,1
167.0,17,1,1,1,4,0,1,1,0,0,0,1,1
167.0,42,0,0,1,4,3,1,1,0,0,1,3,1
167.0,106,1,1,1,4,1,1,1,0,0,0,1,1
167.0,121,2,2,1,13,7,6,3,1,1,0,3,1
167.0,145,0,0,1,25,4,13,11,0,0,0,10,1
167.0,146,0,0,1,3,4,0,0,0,1,0,5,1
167.0,175,0,0,1,6,11,2,0,1,1,1,3,1
168.0,8,0,0,1,5,30,1,1,0,1,0,3,1
168.0,37,0,0,1,5,24,1,0,1,1,1,3,1
168.0,63,1,1,1,4,0,1,1,0,0,0,1,1
168.0,83,0,0,1,37,11,18,16,1,1,0,3,1
168.0,123,1,1,1,5,3,0,2,0,1,1,4,1
168.0,161,1,1,1,5,5,1,1,0,2,0,3,1
168.0,177,1,1,1,4,7,1,0,0,1,0,4,1
168.0,189,0,0,1,5,16,0,1,1,0,2,3,1
169.0,35,0,0,1,4,3,1,2,0,0,0,10,1
169.0,41,0,0,1,4,3,1,0,0,1,1,3,1
169.0,64,0,0,1,3,5,0,1,0,1,0,3,1
169.0,78,0,0,1,5,8,0,1,0,2,1,3,1
169.0,118,3,3,1,6,4,1,1,1,2,0,3,1
169.0,162,2,1,1,4,9,2,0,0,1,0,4,1
169.0,166,1,1,1,4,3,2,0,0,0,1,4,1
169.0,177,0,0,1,7,13,1,1,1,1,1,4,1
169.0,178,0,0,1,3,0,0,1,0,0,0,1,1
169.0,182,0,0,1,3,10,0,1,0,1,0,3,1
170.0,9,1,0,1,4,6,1,1,0,0,0,1,1
170.0,32,0,0,1,3,3,1,0,0,1,0,4,1
170.0,47,0,0,1,22,5,9,11,0,1,0,3,1
170.0,53,0,0,1,6,4,2,1,1,1,0,4,1
170.0,58,1,1,1,11,0,5,5,0,0,0,1,1
170.0,61,0,0,1,9,23,3,2,0,1,2,3,1
170.0,72,3,4,1,3,1,1,0,0,0,0,1,1
170.0,104,0,0,1,6,2,3,1,0,0,1,3,1
170.0,112,0,0,1,9,13,2,5,0,0,1,3,1
170.0,184,3,2,1,7,15,0,2,1,2,1,3,1
171.0,28,0,0,1,10,1,6,3,0,0,0,10,1
171.0,47,0,0,1,3,17,1,0,0,1,0,3,1
171.0,71,0,0,1,6,7,1,1,0,1,1,3,1
171.0,96,0,0,1,3,0,1,0,0,0,0,1,1
171.0,105,0,0,1,5,11,0,2,1,1,0,4,1
171.0,161,1,1,1,3,3,1,0,0,0,0,1,1
172.0,19,0,0,1,14,9,7,5,0,0,1,4,1
172.0,35,0,0,1,4,6,1,1,0,1,0,4,1
172.0,44,0,0,1,5,3,2,1,0,0,1,4,1
172.0,45,3,3,1,3,12,1,0,0,0,1,3,1
172.0,71,1,1,1,5,25,0,1,0,1,1,3,1
172.0,98,0,0,1,4,4,3,0,0,0,0,4,1
172.0,114,0,0,1,6,6,1,1,1,2,0,3,1
172.0,145,1,1,1,2,0,1,0,0,0,0,1,1
172.0,161,2,3,1,2,0,1,0,0,0,0,1,1
172.0,163,0,0,1,6,5,1,3,0,1,0,3,1
173.0,19,0,0,1,10,4,4,4,0,0,1,3,1
173.0,25,0,0,1,13,3,8,3,0,0,1,3,1
173.0,44,1,1,1,11,1,7,3,0,0,0,10,1
173.0,51,4,3,1,13,2,11,0,0,0,0,4,1
173.0,53,0,0,1,6,22,1,0,1,0,1,3,1
173.0,61,0,0,1,15,47,2,7,1,2,2,3,1
173.0,78,1,0,1,6,0,5,0,0,0,0,4,1
173.0,83,0,0,1,16,13,8,6,1,0,0,4,1
173.0,99,1,2,1,4,1,2,1,0,0,0,10,1
173.0,118,2,1,1,4,3,1,1,0,0,0,1,1
173.0,151,0,0,1,4,5,1,1,0,0,1,4,1
173.0,158,0,0,1,5,2,2,1,1,0,0,4,1
174.0,0,2,2,1,5,1,3,0,1,0,0,10,1
174.0,1,0,0,1,9,20,2,1,2,2,0,3,1
174.0,24,0,0,1,7,3,2,2,1,1,0,3,1
174.0,86,0,0,1,3,0,2,0,0,0,0,10,1
174.0,89,2,2,1,4,4,2,0,0,1,0,4,1
174.0,118,1,1,1,14,18,5,1,2,3,2,3,1
174.0,120,0,0,1,6,22,1,1,0,1,2,3,1
174.0,146,1,1,1,3,1,1,1,0,0,0,1,1
174.0,150,3,3,1,8,35,1,1,2,1,1,3,1
174.0,165,0,0,1,3,4,1,0,0,0,0,1,1
174.0,170,0,0,1,4,9,0,1,0,0,0,3,1
174.0,173,0,0,1,9,4,3,3,0,1,1,3,1
174.0,174,0,0,1,4,1,1,0,0,1,0,4,1
175.0,19,0,0,1,12,7,5,4,0,0,2,3,1
175.0,27,2,1,1,3,0,1,0,0,0,0,1,1
175.0,99,0,0,1,8,13,1,1,2,1,2,3,1
175.0,102,0,0,1,15,2,7,7,0,0,0,4,1
175.0,116,0,0,1,9,76,1,3,1,1,2,3,1
175.0,153,0,0,1,7,17,3,1,1,1,0,4,1
175.0,177,0,0,1,3,2,0,0,0,0,0,1,1
175.0,185,4,4,1,5,8,3,1,0,0,0,4,1
176.0,1,3,2,1,3,2,0,0,0,0,0,1,1
176.0,4,0,0,1,4,4,1,1,0,1,0,4,1
176.0,40,0,0,1,4,7,0,2,1,0,0,4,1
176.0,61,1,1,1,6,10,1,1,0,0,3,4,1
176.0,64,2,2,1,8,6,3,3,0,1,0,4,1
176.0,105,2,2,1,13,46,4,2,1,2,0,3,1
176.0,142,2,2,1,9,6,2,4,1,1,0,3,1
176.0,163,0,0,1,5,3,1,2,0,1,0,4,1
176.0,174,0,0,1,3,7,0,1,1,0,0,4,1
177.0,1,0,0,1,4,0,2,1,0,0,0,10,1
177.0,22,0,0,1,5,3,1,1,0,1,1,4,1
177.0,22,1,1,1,3,2,1,0,0,1,0,4,1
177.0,30,0,0,1,3,0,1,1,0,0,0,1,1
177.0,31,0,0,1,3,0,1,0,0,0,0,1,1
177.0,49,0,0,1,10,22,2,5,0,0,1,3,1
177.0,82,0,0,1,5,3,3,0,0,0,1,4,1
177.0,98,0,0,1,5,24,2,1,0,0,1,3,1
177.0,119,1,1,1,5,3,0,1,0,1,1,3,1
177.0,152,0,0,1,26,1,13,11,0,1,0,4,1
177.0,186,0,0,1,6,3,1,2,0,1,1,3,1
177.0,190,0,0,1,5,27,0,1,0,0,1,3,1
178.0,15,2,2,1,2,4,1,0,0,0,0,1,1
178.0,58,0,0,1,4,1,2,0,0,0,1,4,1
178.0,87,1,1,1,4,0,2,0,0,0,0,1,1
178.0,93,0,0,1,6,1,1,2,0,1,0,3,1
178.0,123,0,0,1,5,5,1,1,0,0,1,1,1
178.0,179,1,1,1,4,4,3,0,0,0,0,4,1
178.0,185,1,1,1,7,0,4,1,1,0,0,3,1
178.0,189,2,1,1,4,0,3,0,0,0,0,4,1
179.0,7,2,2,1,10,0,6,3,0,0,0,4,1
179.0,38,2,2,1,4,1,2,0,0,0,0,1,1
179.0,58,0,0,1,3,19,0,0,0,0,0,3,1
179.0,89,0,0,1,8,2,3,3,0,0,1,3,1
179.0,96,1,1,1,4,4,1,0,0,1,0,4,1
179.0,106,0,0,1,5,37,1,1,1,1,0,3,1
179.0,174,1,1,1,3,2,0,1,0,1,0,3,1
179.0,185,1,1,1,3,6,1,0,0,1,0,4,1
180.0,41,1,1,1,5,8,2,0,1,1,0,4,1
180.0,48,1,1,1,7,0,2,4,0,0,0,4,1
180.0,52,0,0,1,17,21,5,5,3,1,2,3,1
180.0,74,0,0,1,9,14,1,3,1,1,1,3,1
180.0,97,0,0,1,3,3,1,0,0,0,1,4,1
180.0,103,2,2,1,6,5,1,2,0,1,0,4,1
180.0,109,0,0,1,7,6,3,2,0,0,1,3,1
180.0,117,0,0,1,3,6,0,1,1,0,0,4,1
180.0,119,0,0,1,15,3,10,4,0,0,0,4,1
180.0,133,0,0,1,4,5,1,0,0,0,1,4,1
180.0,158,0,0,1,9,1,3,5,0,0,0,10,1
181.0,8,1,1,1,7,9,4,0,1,1,0,3,1
181.0,31,2,1,1,8,14,3,0,0,0,1,3,1
181.0,38,0,0,1,3,4,1,0,0,0,1,3,1
181.0,52,2,1,1,4,5,1,1,0,0,0,1,1
181.0,65,1,1,1,3,2,1,0,0,0,1,4,1
181.0,83,0,0,1,3,0,1,0,0,0,0,1,1
181.0,92,0,0,1,7,3,1,4,1,0,0,3,1
181.0,111,0,0,1,11,1,5,4,0,0,0,1,1
181.0,115,1,0,1,4,0,1,1,0,0,0,1,1
181.0,140,0,0,1,4,0,2,1,0,0,0,10,1
181.0,143,0,0,1,4,8,1,0,1,1,0,3,1
181.0,150,3,3,1,4,2,1,0,0,0,1,4,1
181.0,152,0,0,1,4,2,0,1,0,0,1,4,1
181.0,158,0,0,1,7,5,2,1,1,1,1,4,1
181.0,185,2,0,1,9,15,8,0,0,0,0,4,1
181.0,190,1,1,1,4,3,1,0,1,1,0,3,1
182.0,50,0,0,1,23,9,12,7,0,2,1,3,1
182.0,118,0,0,1,3,8,1,0,0,0,1,3,1
182.0,150,0,0,1,4,0,1,1,0,0,0,1,1
182.0,172,0,0,1,5,3,1,1,1,0,1,3,1
182.0,173,2,2,1,3,1,2,0,0,0,0,1,1
182.0,181,1,1,1,3,0,1,0,0,0,0,1,1
183.0,31,0,0,1,4,11,0,1,0,1,0,3,1
183.0,96,0,0,1,6,5,2,1,0,1,1,4,1
183.0,119,0,0,1,2,0,1,0,0,0,0,1,1
183.0,126,0,0,1,12,15,5,0,2,2,2,3,1
183.0,145,2,2,1,4,0,1,1,0,0,0,1,1
183.0,171,0,0,1,5,3,1,1,0,1,0,4,1
183.0,192,1,1,1,4,2,2,0,0,0,1,4,1
184.0,3,0,0,1,11,8,3,2,1,1,3,3,1
184.0,3,1,1,1,6,0,3,0,0,1,0,4,1
184.0,20,0,0,1,6,20,0,1,2,1,1,3,1
184.0,36,0,0,1,11,29,4,1,2,0,3,3,1
184.0,52,1,1,1,5,4,1,1,0,1,1,4,1
184.0,62,0,0,1,6,20,1,2,0,1,1,4,1
184.0,85,1,1,1,3,2,1,0,0,0,0,1,1
184.0,98,0,0,1,6,1,5,0,0,0,0,1,1
184.0,100,3,3,1,4,1,1,1,0,0,0,1,1
184.0,125,0,0,1,12,13,3,2,2,2,2,3,1
184.0,177,0,0,1,4,9,1,0,1,1,0,3,1
185.0,177,1,1,1,7,3,5,1,0,0,0,10,1
186.0,13,1,1,1,6,6,3,1,0,0,0,4,1
186.0,23,1,1,1,5,9,1,1,0,1,1,3,1
186.0,58,0,0,1,6,12,0,2,0,2,1,3,1
186.0,60,1,1,1,7,2,2,3,0,0,0,1,1
186.0,67,1,1,1,4,3,1,1,0,0,1,3,1
186.0,74,1,0,1,4,15,1,0,0,1,1,3,1
186.0,98,0,0,1,3,4,1,0,0,0,1,4,1
186.0,104,1,1,1,4,4,2,1,0,0,0,3,1
186.0,111,1,1,1,3,0,1,0,0,0,0,1,1
186.0,150,0,0,1,3,6,0,0,0,0,0,3,1
186.0,157,2,2,1,10,2,2,6,0,1,0,3,1
187.0,3,0,0,1,7,6,2,1,1,0,2,3,1
187.0,14,0,0,1,7,62,0,1,1,1,2,3,1
187.0,59,2,2,1,5,2,1,0,0,1,1,3,1
187.0,90,1,1,1,6,3,2,1,1,1,0,4,1
187.0,116,0,0,1,4,2,1,1,0,0,0,1,1
187.0,137,0,0,1,10,12,2,4,0,1,2,3,1
188.0,11,1,1,1,2,0,0,1,0,0,0,1,1
188.0,27,3,2,1,2,4,1,0,0,0,0,1,1
188.0,31,0,0,1,15,4,7,6,0,0,0,1,1
188.0,37,1,0,1,3,15,1,0,0,1,0,3,1
188.0,49,2,1,1,3,2,1,0,0,1,0,4,1
188.0,150,1,1,1,5,8,0,1,0,2,1,3,1
188.0,170,0,0,1,7,18,2,1,1,1,1,4,1
188.0,170,3,3,1,5,3,3,1,0,0,0,4,1
189.0,7,0,0,1,4,5,1,1,1,0,0,4,1
189.0,10,0,0,1,9,14,3,2,0,2,0,4,1
189.0,37,0,0,1,10,2,7,1,0,1,0,3,1
189.0,44,0,0,1,4,0,1,1,0,0,0,1,1
189.0,51,4,2,1,6,3,3,1,0,0,0,4,1
189.0,64,0,0,1,5,2,2,1,0,0,1,4,1
189.0,66,0,0,1,6,10,1,3,1,0,0,3,1
189.0,110,2,2,1,3,3,0,0,0,0,0,1,1
189.0,130,2,3,1,14,9,7,4,0,0,2,3,1
190.0,15,0,0,1,4,5,1,1,0,1,0,4,1
190.0,21,0,0,1,17,11,7,6,1,2,0,3,1
190.0,56,0,0,1,7,7,1,2,1,1,1,3,1
190.0,92,0,0,1,7,16,1,1,1,1,2,3,1
190.0,119,1,1,1,3,0,1,0,0,0,0,1,1
190.0,137,0,0,1,27,0,14,11,0,0,0,4,1
190.0,186,1,2,1,3,0,1,1,0,0,0,10,1
191.0,38,0,0,1,8,12,2,4,0,0,0,4,1
191.0,115,3,3,1,9,0,6,1,1,0,0,4,1
191.0,122,0,0,1,3,6,0,1,0,0,1,3,1
191.0,127,0,0,1,5,5,2,2,0,0,0,10,1
191.0,169,1,1,1,4,1,2,0,0,1,0,4,1
192.0,44,0,0,1,6,14,1,0,0,1,0,3,1
192.0,64,0,0,1,14,31,1,4,2,2,2,3,1
192.0,92,2,2,1,3,1,2,0,0,0,0,10,1
192.0,99,0,0,1,15,11,10,4,0,0,0,4,1
192.0,147,0,0,1,5,5,1,0,1,1,1,4,1
192.0,162,0,0,1,3,13,1,0,0,0,1,3,1
193.0,48,0,0,1,17,13,11,3,0,0,2,3,1
193.0,79,0,0,1,5,45,0,1,1,0,2,3,1
193.0,129,0,0,1,3,1,1,1,0,0,0,10,1
193.0,130,0,0,1,26,1,14,10,0,0,0,1,1
193.0,151,1,1,1,4,2,1,1,0,0,0,1,1
193.0,182,2,2,1,4,0,1,2,0,0,0,10,1
194.0,16,0,0,1,11,39,2,2,3,3,0,3,1
194.0,20,0,0,1,5,7,2,0,1,1,0,3,1
194.0,34,0,0,1,3,4,0,0,0,0,0,1,1
194.0,43,0,0,1,4,27,0,1,1,1,0,3,1
194.0,52,0,0,1,5,24,0,2,0,1,1,3,1
194.0,58,2,2,1,14,0,10,3,0,0,0,10,1
194.0,139,0,0,1,3,2,0,1,0,1,0,3,1
194.0,156,4,4,1,4,0,1,1,0,0,0,1,1
194.0,160,1,1,1,3,5,0,1,0,1,0,4,1
194.0,179,0,0,1,5,4,3,0,0,0,1,10,1
194.0,188,0,0,1,17,2,7,9,0,0,0,10,1
195.0,53,0,0,1,7,6,2,3,0,1,0,4,1
195.0,58,1,1,1,7,2,3,3,0,0,0,4,1
195.0,66,1,1,1,3,2,1,0,0,0,0,1,1
195.0,72,1,1,1,5,7,1,1,2,0,0,3,1
195.0,135,1,1,1,3,0,1,0,0,0,0,1,1
195.0,149,0,0,1,5,15,1,0,0,0,3,4,1
195.0,149,2,1,1,7,10,4,2,0,0,0,3,1
195.0,156,0,0,1,34,0,18,15,0,0,0,4,1
196.0,1,1,1,1,6,22,0,2,0,2,1,3,1
196.0,20,0,0,1,5,7,2,0,1,1,0,4,1
196.0,36,4,3,1,15,21,5,4,1,1,2,3,1
196.0,64,1,1,1,6,2,3,1,1,0,0,3,1
196.0,66,0,0,1,7,2,3,2,0,0,1,3,1
196.0,84,2,2,1,3,0,1,0,0,0,0,1,1
196.0,96,0,0,1,6,13,1,2,0,0,2,3,1
196.0,117,0,0,1,5,13,1,1,0,0,0,3,1
196.0,179,0,0,1,5,4,0,2,0,1,0,1,1
197.0,38,0,0,1,9,81,1,1,2,1,3,3,1
197.0,47,0,0,1,12,4,3,4,1,1,1,3,1
197.0,49,2,2,1,3,4,1,0,0,1,0,4,1
197.0,58,3,2,1,4,6,1,0,0,1,0,4,1
197.0,66,2,1,1,8,12,4,1,0,0,1,3,1
197.0,69,0,0,1,4,1,1,1,0,0,0,1,1
197.0,88,2,2,1,5,1,3,0,0,0,1,4,1
197.0,98,1,1,1,3,1,1,0,0,1,0,4,1
197.0,162,1,1,1,5,7,3,0,0,1,0,3,1
197.0,168,0,0,1,5,4,1,3,0,0,0,4,1
198.0,19,3,0,1,4,15,0,1,0,0,2,3,1
198.0,137,4,3,1,3,27,0,1,0,1,0,4,1
198.0,148,0,0,1,10,3,5,3,0,0,1,3,1
198.0,153,0,0,1,5,4,1,2,0,0,1,4,1
198.0,165,0,0,1,18,8,10,5,1,1,0,4,1
198.0,167,0,0,1,9,4,2,5,1,0,0,4,1
198.0,169,1,1,1,3,0,1,1,0,0,0,10,1
198.0,173,0,0,1,5,2,1,1,0,2,0,4,1
198.0,188,0,0,1,11,2,5,3,1,0,0,3,1
199.0,37,0,0,1,3,10,0,0,0,0,0,1,1
199.0,62,1,1,1,19,1,12,5,0,0,0,1,1
199.0,91,1,1,1,3,0,1,0,0,0,0,1,1
199.0,93,2,2,1,9,52,1,1,1,1,2,3,1
199.0,159,1,0,1,2,1,1,0,0,0,0,1,1
199.0,160,1,1,1,13,45,4,1,3,0,4,3,1
199.0,183,0,0,1,12,6,6,3,1,1,0,4,1
200.0,37,0,0,1,3,14,0,1,0,1,0,3,1
200.0,55,1,1,1,5,2,2,2,0,0,0,10,1
200.0,57,2,2,1,6,1,3,0,1,1,0,4,1
200.0,87,0,0,1,9,4,3,4,0,0,0,1,1
200.0,132,0,0,1,13,9,3,7,0,1,1,3,1
200.0,140,0,0,1,11,10,3,5,1,1,0,3,1
200.0,158,3,3,1,4,1,1,1,0,0,0,1,1
201.0,24,0,0,1,5,7,2,1,0,0,1,3,1
201.0,45,0,0,1,3,4,1,0,0,0,0,1,1
201.0,56,1,1,1,6,0,3,1,0,0,0,1,1
201.0,75,1,1,1,12,7,2,3,2,3,1,3,1
201.0,78,0,0,1,6,4,3,1,1,0,0,3,1
201.0,135,1,1,1,16,8,7,5,0,1,2,3,1
201.0,140,0,0,1,5,4,3,0,0,0,1,3,1
202.0,18,0,0,1,4,10,0,1,0,1,1,3,1
202.0,40,1,1,1,19,12,9,5,1,2,0,3,1
202.0,56,0,0,1,5,0,3,0,0,0,0,1,1
202.0,87,5,4,1,3,4,1,0,0,0,0,1,1
202.0,106,0,0,1,5,7,0,4,0,0,0,3,1
202.0,112,0,0,1,7,8,1,1,1,1,1,3,1
202.0,116,0,0,1,11,17,3,1,2,0,4,3,1
202.0,125,1,1,1,3,7,1,0,1,0,0,3,1
203.0,28,0,0,1,7,9,2,1,1,0,2,3,1
203.0,64,0,0,1,6,5,4,1,0,0,0,10,1
203.0,103,1,1,1,6,1,1,1,1,2,0,3,1
203.0,184,0,0,1,3,5,1,0,0,1,0,3,1
204.0,29,1,1,1,4,5,0,1,0,2,0,3,1
204.0,31,1,1,1,4,3,1,1,0,0,0,1,1
204.0,66,1,1,1,6,4,1,1,0,1,2,3,1
204.0,81,0,0,1,4,14,1,0,0,0,2,3,1
204.0,88,1,1,1,6,8,2,1,0,2,0,3,1
204.0,90,0,0,1,15,21,2,3,2,3,3,3,1
205.0,30,1,1,1,4,7,0,1,0,2,0,3,1
205.0,34,1,2,1,8,3,0,3,0,2,2,3,1
205.0,50,1,1,1,4,1,1,1,0,0,1,4,1
205.0,81,2,2,1,6,1,3,1,0,0,0,1,1
205.0,118,0,0,1,4,0,2,1,0,0,0,10,1
205.0,124,2,1,1,4,10,0,1,1,1,0,3,1
205.0,154,3,3,1,4,3,1,1,0,0,0,1,1
205.0,-1,2,4,1,12,57,5,1,0,0,3,3,1
206.0,1,0,0,1,5,4,2,1,0,0,1,4,1
206.0,20,1,1,1,4,3,1,1,0,1,0,4,1
206.0,28,1,1,1,21,2,9,10,0,1,0,4,1
206.0,37,0,0,1,9,1,4,3,0,0,0,1,1
206.0,43,1,1,1,11,9,9,0,0,0,1,4,1
206.0,53,1,1,1,5,1,2,1,0,0,1,4,1
206.0,64,0,0,1,5,4,1,1,0,1,0,1,1
206.0,71,3,2,1,3,0,1,0,0,0,0,1,1
206.0,79,1,1,1,6,3,2,1,0,1,1,4,1
206.0,80,0,0,1,3,14,0,1,1,0,0,3,1
206.0,86,0,0,1,5,1,3,1,0,0,0,4,1
206.0,92,0,0,1,3,3,1,0,0,0,1,4,1
206.0,110,0,0,1,11,2,6,4,0,0,0,4,1
206.0,124,1,0,1,5,7,0,1,0,1,1,3,1
206.0,137,1,1,1,3,5,1,0,1,0,0,3,1
206.0,138,0,0,1,7,6,1,4,0,0,1,4,1
206.0,142,0,0,1,10,30,4,1,1,1,1,3,1
206.0,142,2,1,1,2,1,0,1,0,0,0,1,1
206.0,180,0,0,1,3,6,1,0,0,0,1,4,1
207.0,1,5,4,1,6,6,4,0,0,0,0,1,1
207.0,56,0,0,1,4,4,1,1,0,1,0,3,1
207.0,98,0,0,1,5,7,1,0,0,0,2,3,1
207.0,183,1,1,1,4,3,2,1,0,0,0,10,1
208.0,20,0,0,1,3,12,1,0,0,1,0,3,1
208.0,28,1,1,1,9,44,1,2,2,2,1,3,1
208.0,54,0,0,1,12,4,8,2,0,1,0,3,1
208.0,68,2,2,1,3,1,0,1,0,0,0,1,1
208.0,72,0,0,1,5,16,2,0,0,1,1,4,1
208.0,106,0,0,1,5,8,2,0,1,0,1,4,1
208.0,118,0,0,1,5,11,1,0,0,1,0,3,1
208.0,185,0,0,1,7,22,1,1,1,2,1,3,1
209.0,7,0,0,1,6,21,0,1,1,1,1,3,1
209.0,28,0,0,1,7,8,3,1,1,1,0,3,1
209.0,46,2,2,1,3,4,1,0,0,0,1,4,1
209.0,53,0,0,1,3,17,0,0,0,0,0,4,1
209.0,65,1,1,1,3,12,1,0,0,1,0,4,1
209.0,93,2,1,1,6,4,3,1,0,1,0,3,1
209.0,98,0,0,1,15,5,7,6,0,1,0,4,1
209.0,108,0,0,1,4,6,1,1,0,0,0,1,1
209.0,145,0,0,1,7,6,2,1,1,1,1,4,1
209.0,167,2,1,1,7,67,0,1,1,1,2,3,1
209.0,187,1,1,1,10,18,3,4,0,1,1,3,1
209.0,190,1,1,1,5,2,2,1,0,0,1,4,1
210.0,106,0,0,1,2,6,0,0,0,0,0,1,1
210.0,124,3,1,1,11,15,4,1,2,1,2,3,1
210.0,146,0,0,1,4,3,0,1,0,1,1,3,1
210.0,171,0,0,1,3,3,1,0,0,0,1,4,1
210.0,172,1,1,1,4,0,1,1,0,1,0,4,1
211.0,87,1,1,1,4,5,1,1,0,1,0,4,1
211.0,95,0,0,1,3,12,1,0,0,0,1,4,1
211.0,96,1,1,1,3,3,1,0,0,0,0,1,1
211.0,114,0,0,1,11,4,6,1,1,1,1,4,1
211.0,133,0,0,1,6,18,1,0,2,2,0,3,1
211.0,181,5,2,1,9,15,3,0,1,0,1,3,1
211.0,184,0,0,1,3,5,1,0,0,0,1,4,1
211.0,191,0,0,1,7,10,1,1,0,1,3,4,1
212.0,59,0,0,1,7,4,2,1,0,0,2,3,1
212.0,97,0,0,1,2,1,1,0,0,0,0,1,1
213.0,35,1,0,1,14,2,9,4,0,0,0,10,1
213.0,70,1,1,1,10,26,1,3,1,2,2,3,1
213.0,86,0,0,1,5,6,3,1,0,0,0,3,1
213.0,94,1,1,1,4,1,2,0,0,0,0,1,1
214.0,33,0,0,1,8,3,3,1,1,1,0,3,1
214.0,43,0,0,1,6,5,3,0,0,1,1,3,1
214.0,48,6,2,1,18,4,7,10,0,0,0,10,1
214.0,78,0,0,1,11,4,5,5,0,0,0,4,1
214.0,98,0,0,1,3,2,2,0,0,0,0,10,1
214.0,127,0,0,1,6,3,1,2,0,2,0,4,1
214.0,163,0,0,1,17,8,8,5,0,1,0,4,1
215.0,5,0,0,1,5,16,1,0,1,2,0,3,1
215.0,18,1,1,1,6,5,2,2,0,1,0,3,1
215.0,29,2,2,1,4,12,0,2,0,1,0,3,1
215.0,49,1,1,1,6,5,3,0,0,1,1,3,1
215.0,66,0,0,1,3,3,1,0,0,0,1,4,1
215.0,78,0,0,1,4,2,2,0,0,0,1,4,1
215.0,143,0,0,1,8,8,4,1,0,1,1,4,1
216.0,55,2,2,1,7,9,0,1,2,1,1,3,1
216.0,86,0,0,1,9,18,1,1,2,2,2,3,1
216.0,99,3,2,1,11,1,7,3,0,0,0,10,1
216.0,104,1,1,1,5,3,2,1,0,0,1,4,1
216.0,108,1,1,1,3,4,1,0,0,0,0,1,1
216.0,162,3,3,1,3,4,1,0,0,0,0,1,1
217.0,17,2,2,1,24,4,12,10,0,0,1,4,1
217.0,52,0,0,1,5,10,1,0,1,2,0,3,1
217.0,53,0,0,1,4,4,0,1,0,2,0,3,1
217.0,74,0,0,1,4,8,0,1,0,2,0,3,1
217.0,124,0,0,1,21,19,3,14,1,2,0,3,1
217.0,156,1,1,1,3,2,1,0,0,0,0,1,1
217.0,167,0,0,1,6,3,1,1,0,1,2,3,1
217.0,178,3,2,1,6,2,2,1,0,1,0,4,1
218.0,29,1,1,1,2,1,1,0,0,0,0,1,1
218.0,44,0,0,1,6,24,1,0,1,0,3,3,1
218.0,84,0,0,1,6,11,1,1,1,1,1,4,1
218.0,141,0,0,1,9,28,4,1,2,0,1,3,1
218.0,185,4,0,1,5,84,0,1,1,0,1,3,1
219.0,2,0,0,1,11,10,3,4,1,2,0,3,1
219.0,12,0,0,1,4,3,0,2,0,1,0,4,1
219.0,43,0,0,1,5,28,0,1,1,0,2,3,1
219.0,104,0,0,1,9,10,4,2,0,1,1,3,1
219.0,122,1,1,1,7,0,2,4,0,0,0,4,1
219.0,124,0,0,1,32,2,15,15,0,0,1,4,1
220.0,50,1,0,1,4,3,3,0,0,0,0,4,1
220.0,92,0,0,1,6,14,1,1,0,0,2,3,1
220.0,100,0,0,1,6,1,3,1,0,0,0,1,1
220.0,108,1,1,1,5,2,3,0,1,0,0,4,1
220.0,121,0,0,1,3,9,1,0,0,1,0,4,1
220.0,139,0,0,1,11,19,1,2,0,2,4,3,1
220.0,139,1,1,1,5,5,1,2,0,1,0,4,1
220.0,160,0,0,1,4,2,1,0,0,0,0,4,1
220.0,164,1,1,1,4,6,1,0,0,1,1,3,1
221.0,42,0,0,1,16,19,2,8,2,3,0,3,1
221.0,66,2,2,1,11,5,5,3,0,1,0,3,1
221.0,73,0,0,1,6,1,2,1,1,0,0,4,1
221.0,98,1,1,1,9,39,1,1,0,2,3,3,1
221.0,114,0,0,1,3,2,1,1,0,0,0,1,1
221.0,127,1,1,1,3,0,1,0,0,0,0,1,1
221.0,176,1,1,1,5,4,4,0,0,0,0,10,1
222.0,66,1,1,1,9,10,2,2,1,1,1,3,1
222.0,82,1,1,1,7,4,3,1,1,0,1,3,1
222.0,94,0,0,1,8,25,0,1,1,1,4,3,1
222.0,113,0,0,1,4,6,1,0,2,0,0,3,1
222.0,156,0,0,1,7,11,3,2,0,1,0,3,1
222.0,161,1,1,1,5,0,2,2,0,0,0,10,1
222.0,172,0,0,1,7,12,2,0,1,2,0,3,1
222.0,173,0,0,1,5,5,3,0,0,0,0,4,1
222.0,179,0,0,1,9,1,5,2,0,0,0,1,1
223.0,27,0,0,1,6,12,0,2,0,1,1,3,1
223.0,43,0,0,1,5,19,2,0,1,1,0,4,1
223.0,48,0,0,1,8,4,0,6,0,1,0,3,1
223.0,76,1,1,1,3,2,1,0,0,1,0,4,1
223.0,89,0,0,1,5,7,3,1,0,0,0,10,1
223.0,127,2,2,1,3,8,1,0,1,0,0,3,1
223.0,135,0,0,1,3,1,1,1,0,0,0,10,1
223.0,153,2,2,1,14,4,10,3,0,0,0,10,1
223.0,172,2,2,1,4,1,1,1,0,0,0,1,1
224.0,26,0,0,1,4,2,1,1,0,0,0,1,1
224.0,48,0,0,1,6,2,2,1,0,1,0,4,1
224.0,136,2,2,1,2,0,1,0,0,0,0,1,1
225.0,31,0,0,1,3,7,1,0,1,0,0,3,1
225.0,47,1,1,1,3,20,0,1,0,1,0,3,1
225.0,50,0,0,1,7,12,1,2,0,2,1,3,1
225.0,54,0,0,1,3,2,0,1,0,1,0,3,1
225.0,100,0,0,1,4,3,2,0,1,0,0,4,1
225.0,122,1,1,1,4,9,1,0,1,0,0,3,1
225.0,143,2,2,1,3,17,0,1,0,1,0,3,1
225.0,148,3,3,1,7,6,0,2,0,2,1,3,1
225.0,156,0,0,1,3,6,0,0,0,0,0,1,1
225.0,183,2,1,1,6,1,5,0,0,0,0,4,1
226.0,26,0,0,1,3,0,0,1,0,1,0,3,1
226.0,32,0,0,1,15,8,6,7,0,1,0,4,1
226.0,54,2,2,1,5,6,1,1,1,1,0,3,1
226.0,92,0,0,1,8,0,5,0,0,1,0,4,1
226.0,97,1,1,1,7,6,1,1,1,2,1,3,1
226.0,155,1,0,1,3,4,1,1,0,0,0,1,1
227.0,10,0,0,1,4,9,2,0,0,0,1,4,1
227.0,20,2,1,1,7,1,2,2,1,1,0,3,1
227.0,49,0,0,1,5,6,3,1,0,0,0,4,1
227.0,68,0,0,1,6,1,3,1,0,1,0,4,1
227.0,109,0,0,1,4,7,1,1,0,1,0,4,1
227.0,185,0,0,1,5,3,3,0,0,0,0,1,1
228.0,20,0,0,1,5,5,1,2,0,1,0,3,1
228.0,42,0,0,1,5,2,1,2,0,0,1,4,1
228.0,57,0,0,1,5,15,1,2,1,0,0,3,1
228.0,-1,0,0,1,4,21,0,1,0,0,2,3,1
228.0,122,4,3,1,3,1,1,0,0,0,0,1,1
228.0,147,1,1,1,4,5,2,0,0,1,0,4,1
229.0,1,0,0,1,6,10,1,0,0,0,1,3,1
229.0,35,1,1,1,8,15,2,1,0,1,2,3,1
229.0,39,1,2,1,30,3,15,14,0,0,0,10,1
229.0,69,0,0,1,3,1,2,0,0,0,0,1,1
229.0,74,1,1,1,3,10,0,1,0,1,0,3,1
229.0,88,2,2,1,8,41,0,1,3,2,1,3,1
229.0,128,0,0,1,11,2,5,3,0,0,1,4,1
229.0,138,1,1,1,12,7,5,4,1,1,0,4,1
229.0,141,2,0,1,5,21,1,0,0,0,1,3,1
229.0,148,0,0,1,2,3,0,0,0,0,0,1,1
229.0,174,1,1,1,5,1,2,1,1,0,0,4,1
229.0,180,1,0,1,3,4,2,0,0,0,0,10,1
230.0,8,0,0,1,6,6,1,0,1,2,0,3,1
230.0,28,0,0,1,12,10,3,7,0,0,1,3,1
230.0,70,0,0,1,4,9,1,0,0,1,1,3,1
230.0,70,1,1,1,4,4,1,1,0,1,0,4,1
230.0,83,0,0,1,3,2,0,0,0,1,0,5,1
230.0,107,0,0,1,12,9,9,0,1,0,1,3,1
230.0,180,1,1,1,3,3,1,0,0,1,0,4,1
230.0,187,1,0,1,4,2,2,1,0,0,0,10,1
231.0,62,0,0,1,21,10,11,8,0,0,1,3,1
231.0,84,3,2,1,8,3,4,0,0,0,2,3,1
231.0,111,0,0,1,5,7,1,1,0,2,0,3,1
231.0,121,1,1,1,3,1,2,0,0,0,0,10,1
231.0,156,0,0,1,4,10,1,0,0,0,1,3,1
231.0,157,1,1,1,11,22,7,1,0,0,0,3,1
231.0,175,0,0,1,8,10,2,3,0,1,1,4,1
231.0,187,2,2,1,4,0,3,0,0,0,0,4,1
232.0,10,1,1,1,4,8,1,0,0,0,0,3,1
232.0,76,2,2,1,4,5,3,0,0,0,0,10,1
232.0,120,0,0,1,5,2,1,2,0,1,0,4,1
232.0,143,1,1,1,3,4,0,1,0,1,0,4,1
232.0,152,0,0,1,6,28,1,0,1,0,1,3,1
232.0,158,0,0,1,3,5,1,0,0,1,0,4,1
232.0,162,1,1,1,5,22,1,1,0,1,1,4,1
233.0,22,1,0,1,16,11,5,5,2,2,1,3,1
233.0,47,1,1,1,5,1,2,2,0,0,0,10,1
233.0,76,1,1,1,20,17,11,4,2,1,1,3,1
233.0,78,0,0,1,11,14,3,1,3,2,1,3,1
233.0,102,3,1,1,3,6,1,0,0,0,0,1,1
233.0,110,1,1,1,16,3,7,8,0,0,0,3,1
233.0,122,0,0,1,6,9,2,0,0,1,2,3,1
234.0,47,2,2,1,12,2,8,3,0,0,0,1,1
234.0,54,0,0,1,7,39,0,2,1,1,2,3,1
234.0,89,0,0,1,6,5,4,0,0,0,0,1,1
234.0,98,0,0,1,3,6,1,0,0,1,0,4,1
234.0,127,0,0,1,4,8,1,1,0,1,0,4,1
234.0,155,0,0,1,3,0,1,0,0,1,0,4,1
235.0,35,0,0,1,4,1,2,1,0,0,0,4,1
235.0,97,0,0,1,7,7,3,0,1,2,0,3,1
235.0,103,0,0,1,5,3,2,0,1,1,0,3,1
235.0,109,0,0,1,3,1,1,1,0,0,0,1,1
235.0,142,3,4,1,3,0,1,0,0,0,0,1,1
235.0,161,1,1,1,6,9,2,1,0,1,1,3,1
235.0,171,0,0,1,8,6,2,2,1,1,1,3,1
235.0,182,0,0,1,7,15,1,1,1,1,2,3,1
236.0,13,0,0,1,18,20,11,1,2,1,1,3,1
236.0,36,0,0,1,6,7,1,2,0,1,0,4,1
236.0,54,2,2,1,10,13,7,0,0,0,2,3,1
236.0,62,2,0,1,4,8,1,1,0,1,0,4,1
236.0,81,0,0,1,4,13,1,0,1,0,1,3,1
236.0,170,2,0,1,4,3,2,1,0,0,0,10,1
237.0,63,1,1,1,11,6,5,5,0,0,0,1,1
237.0,90,0,0,1,5,0,3,0,0,0,0,4,1
237.0,116,0,0,1,4,6,2,0,0,0,1,4,1
237.0,175,0,0,1,9,44,2,0,2,0,2,3,1
238.0,15,2,2,1,3,10,0,1,0,0,0,1,1
238.0,26,2,1,1,10,11,3,5,0,0,1,3,1
238.0,39,2,2,1,9,7,0,4,1,2,0,3,1
238.0,39,3,3,1,5,25,0,1,0,2,1,3,1
238.0,124,2,2,1,3,5,1,1,0,0,0,1,1
238.0,138,1,1,1,3,1,0,1,0,1,0,3,1
238.0,147,0,0,1,5,10,1,0,1,1,0,4,1
239.0,9,0,0,1,12,59,4,3,1,0,2,3,1
239.0,22,0,0,1,3,5,0,1,0,1,0,4,1
239.0,29,2,3,1,3,1,1,0,0,0,0,1,1
239.0,31,1,0,1,9,2,8,0,0,0,0,10,1
239.0,43,0,0,1,12,19,7,1,0,1,2,3,1
239.0,61,1,1,1,3,0,1,0,0,0,0,1,1
239.0,131,0,0,1,4,1,1,1,0,0,0,1,1
239.0,131,1,1,1,4,1,1,1,0,1,0,4,1
239.0,139,1,1,1,12,2,5,5,0,1,0,4,1
239.0,144,0,0,1,3,2,0,1,0,1,0,4,1
239.0,149,0,0,1,10,16,1,1,2,2,3,3,1
239.0,175,2,1,1,5,13,2,0,0,0,1,4,1
239.0,184,1,0,1,8,31,0,1,2,1,1,3,1
240.0,53,0,0,1,8,6,2,3,0,1,1,3,1
240.0,122,1,1,1,5,16,2,0,1,1,0,4,1
240.0,152,1,1,1,6,1,4,0,1,0,0,4,1
240.0,157,3,2,1,5,1,2,1,0,1,0,4,1
240.0,164,0,0,1,7,14,2,1,0,0,3,3,1
240.0,181,0,0,1,6,8,0,1,1,1,2,3,1
241.0,6,1,0,1,5,2,3,0,1,0,0,3,1
241.0,30,1,1,1,5,13,1,1,1,1,0,3,1
241.0,66,0,0,1,4,5,3,0,0,0,0,4,1
241.0,108,0,0,1,14,3,8,3,0,2,0,3,1
241.0,179,2,2,1,3,4,1,1,0,0,0,1,1
242.0,16,0,0,1,3,4,1,0,0,1,0,4,1
242.0,29,0,0,1,3,2,0,2,0,0,0,10,1
242.0,47,2,2,1,3,0,2,0,0,0,0,10,1
242.0,83,2,2,1,7,6,2,1,1,1,0,4,1
242.0,119,1,1,1,13,13,5,4,1,1,1,3,1
242.0,140,1,1,1,3,1,1,0,0,1,0,4,1
242.0,158,1,1,1,4,3,0,1,0,1,1,4,1
243.0,14,0,0,1,4,3,1,1,0,0,0,1,1
243.0,49,3,3,1,3,2,1,0,0,0,0,1,1
243.0,74,0,0,1,6,49,1,0,2,1,1,3,1
243.0,95,0,0,1,3,5,0,1,0,1,0,4,1
243.0,136,0,0,1,4,10,2,1,0,0,0,10,1
243.0,169,2,2,1,5,1,1,1,0,2,0,4,1
244.0,1,2,1,1,3,5,0,0,0,0,0,1,1
244.0,62,0,0,1,4,5,2,0,0,1,0,4,1
244.0,66,2,2,1,8,6,5,1,1,0,0,3,1
244.0,94,0,0,1,5,16,2,1,0,0,1,4,1
244.0,109,2,1,1,3,5,1,0,0,0,0,1,1
244.0,113,0,0,1,17,29,7,3,2,1,3,3,1
244.0,157,0,0,1,10,15,5,2,0,1,1,3,1
244.0,168,1,1,1,7,48,1,1,1,1,1,3,1
244.0,175,0,0,1,5,4,1,1,0,2,0,4,1
245.0,18,4,3,1,4,3,1,0,1,1,0,3,1
245.0,40,5,2,1,5,2,3,1,0,0,0,4,1
245.0,77,1,1,1,6,26,1,0,1,1,2,3,1
245.0,84,0,0,1,3,3,0,1,0,1,0,4,1
245.0,92,2,2,1,5,6,2,0,1,1,0,4,1
245.0,113,0,0,1,4,8,1,0,1,1,0,3,1
245.0,120,2,3,1,2,2,1,0,0,0,0,1,1
245.0,129,3,1,1,8,11,3,0,2,1,1,3,1
245.0,180,0,0,1,6,1,5,0,0,0,0,4,1
246.0,8,1,1,1,4,9,1,0,1,1,0,3,1
246.0,75,0,0,1,19,13,10,5,1,0,1,3,1
246.0,77,0,0,1,6,11,1,0,0,1,3,3,1
246.0,100,0,0,1,3,0,1,0,0,0,0,1,1
247.0,29,0,0,1,8,9,4,2,0,0,1,3,1
247.0,94,0,0,1,7,10,1,2,1,2,0,3,1
247.0,102,0,0,1,9,13,3,1,1,1,1,4,1
247.0,119,0,0,1,4,19,0,1,0,2,0,3,1
247.0,119,1,2,1,4,4,1,1,0,0,0,1,1
247.0,121,2,1,1,3,4,1,1,0,0,0,1,1
247.0,150,0,0,1,5,20,1,0,1,2,0,3,1
247.0,162,1,1,1,5,9,2,1,0,1,0,3,1
248.0,35,0,0,1,4,13,1,0,0,1,1,4,1
248.0,45,0,0,1,5,9,1,1,0,1,1,3,1
248.0,45,6,5,1,3,3,1,0,0,1,0,4,1
248.0,58,0,0,1,4,8,2,0,0,1,0,4,1
248.0,91,2,1,1,17,9,8,7,1,0,0,4,1
248.0,177,0,0,1,3,3,1,0,0,1,0,4,1
248.0,178,0,0,1,5,6,2,1,0,0,1,4,1
248.0,182,0,0,1,5,3,2,1,0,0,0,1,1
248.0,188,0,0,1,7,8,0,1,1,1,0,3,1
249.0,30,0,0,1,14,2,7,5,0,0,0,1,1
249.0,34,0,0,1,3,1,1,0,0,0,0,1,1
249.0,72,3,2,1,3,3,2,0,0,0,0,10,1
249.0,99,0,0,1,6,17,0,1,2,1,0,3,1
249.0,103,0,0,1,3,1,1,0,0,1,0,3,1
249.0,126,0,0,1,4,1,1,1,0,0,0,1,1
249.0,181,0,0,1,3,1,1,0,0,0,0,1,1
249.0,185,0,0,1,4,3,1,1,0,0,1,4,1
250.0,34,0,0,1,4,2,1,2,0,0,0,10,1
250.0,37,0,0,1,3,0,1,0,0,0,0,1,1
250.0,71,0,0,1,7,1,4,2,0,0,0,10,1
250.0,86,0,0,1,6,4,2,1,0,1,1,3,1
250.0,89,1,1,1,2,5,1,0,0,0,0,1,1
250.0,130,0,0,1,13,9,6,2,0,0,3,4,1
250.0,138,0,0,1,7,12,2,1,0,2,1,4,1
250.0,142,1,1,1,8,4,6,0,0,1,0,4,1
251.0,43,0,0,1,4,4,3,0,0,0,0,4,1
251.0,46,2,2,1,13,9,7,3,0,0,2,3,1
251.0,50,0,0,1,3,10,0,0,0,1,0,5,1
251.0,66,0,0,1,5,2,2,1,0,0,1,4,1
251.0,86,0,0,1,20,20,11,3,1,1,2,3,1
251.0,88,0,0,1,7,9,0,2,0,3,1,3,1
251.0,88,2,2,1,5,1,2,1,0,1,0,4,1
251.0,97,1,1,1,11,9,5,4,0,0,1,4,1
251.0,137,0,0,1,6,17,1,1,0,1,0,3,1
251.0,145,2,1,1,3,0,2,0,0,0,0,10,1
251.0,150,0,0,1,10,4,6,1,1,1,0,3,1
251.0,156,0,0,1,4,6,0,1,0,1,1,4,1
251.0,166,1,1,1,3,4,0,0,0,0,0,1,1
251.0,168,0,0,1,30,1,15,14,0,0,0,1,1
252.0,23,2,1,1,6,6,2,1,0,1,1,4,1
252.0,52,0,0,1,7,4,3,2,0,0,0,1,1
252.0,55,2,2,1,21,5,10,9,0,0,1,4,1
252.0,75,0,0,1,3,3,1,0,0,0,1,4,1
252.0,103,1,1,1,13,11,6,4,0,1,1,3,1
252.0,146,0,0,1,4,16,1,1,0,0,0,1,1
252.0,156,0,0,1,3,3,1,0,0,0,1,4,1
252.0,163,0,0,1,9,10,4,1,1,0,2,3,1
252.0,166,1,1,1,8,11,2,1,1,2,0,3,1
253.0,0,3,3,1,4,5,1,0,1,1,0,3,1
253.0,6,1,1,1,6,4,3,1,0,0,0,1,1
253.0,18,1,1,1,3,9,1,0,0,1,0,3,1
253.0,32,1,1,1,5,8,1,0,0,0,3,3,1
253.0,38,0,0,1,5,2,1,1,1,1,0,4,1
253.0,67,1,0,1,19,41,8,5,2,1,0,3,1
253.0,107,2,1,1,4,2,1,1,0,0,0,1,1
253.0,121,1,1,1,2,0,1,0,0,0,0,1,1
253.0,161,0,0,1,6,21,0,1,0,2,2,3,1
253.0,192,0,0,1,7,38,1,1,0,2,2,3,1
253.0,196,1,1,1,16,0,10,5,0,0,0,1,1
253.0,196,3,2,1,4,2,1,1,0,0,0,1,1
254.0,11,2,2,1,8,28,1,2,0,2,2,3,1
254.0,17,1,1,1,4,12,0,1,0,2,0,3,1
254.0,65,0,0,1,9,5,4,4,0,0,0,10,1
254.0,88,0,0,1,5,3,0,2,0,1,1,4,1
254.0,92,0,0,1,6,3,2,1,1,1,0,3,1
254.0,119,2,2,1,4,0,2,1,0,0,0,4,1
254.0,119,3,3,1,4,6,0,1,0,1,1,3,1
254.0,124,1,1,1,15,18,3,6,0,2,2,3,1
254.0,148,1,1,1,15,1,9,4,0,0,0,1,1
254.0,167,0,0,1,29,1,14,13,0,0,0,1,1
254.0,186,1,1,1,2,3,1,0,0,0,0,1,1
254.0,189,0,0,1,3,2,0,1,0,1,0,4,1
255.0,23,1,1,1,4,9,0,1,0,0,2,4,1
255.0,33,4,3,1,8,27,0,0,1,1,2,3,1
255.0,63,1,2,1,3,2,1,0,0,0,0,1,1
255.0,71,2,2,1,6,0,3,1,0,0,0,1,1
255.0,156,0,0,1,12,2,9,1,0,0,0,1,1
255.0,160,0,0,1,4,2,3,0,0,0,0,4,1
255.0,169,1,1,1,9,30,1,2,1,2,2,3,1
255.0,172,1,1,1,5,5,2,0,1,1,0,4,1
255.0,177,2,2,1,9,20,3,0,2,2,1,3,1
256.0,59,1,1,1,8,9,4,2,0,1,0,4,1
256.0,77,1,1,1,5,3,1,1,0,1,1,4,1
256.0,107,1,1,1,4,10,0,1,0,1,1,3,1
256.0,118,0,0,1,4,6,1,0,1,1,0,3,1
256.0,141,1,1,1,5,5,1,3,0,0,0,4,1
256.0,168,0,0,1,3,0,1,0,0,0,0,1,1
257.0,44,0,0,1,5,10,2,0,1,1,0,3,1
257.0,64,1,1,1,9,5,6,1,0,0,1,4,1
257.0,68,2,2,1,6,1,4,1,0,0,0,3,1
257.0,83,3,2,1,5,2,2,0,0,1,1,3,1
257.0,112,1,1,1,8,39,2,2,1,1,1,3,1
257.0,165,1,1,1,8,9,2,1,2,2,0,3,1
257.0,166,0,0,1,7,13,0,2,0,3,1,3,1
257.0,183,0,0,1,3,3,0,1,0,1,0,3,1
257.0,187,4,3,1,3,1,2,0,0,0,0,10,1
258.0,4,0,0,1,8,11,1,1,0,1,3,3,1
258.0,22,0,0,1,3,20,1,0,0,1,0,3,1
258.0,67,2,2,1,5,4,1,1,2,0,0,3,1
258.0,82,0,0,1,3,14,1,0,0,1,0,3,1
258.0,93,0,0,1,4,4,1,1,0,1,0,3,1
258.0,96,0,0,1,7,45,0,1,1,1,1,3,1
258.0,98,0,0,1,4,2,1,0,0,1,1,3,1
258.0,102,0,0,1,19,16,11,5,0,0,2,3,1
258.0,118,1,1,1,6,36,1,1,1,1,1,3,1
258.0,121,1,1,1,11,2,6,4,0,0,0,10,1
258.0,188,0,0,1,9,23,3,3,0,0,2,3,1
259.0,13,0,0,1,5,5,2,1,0,0,1,4,1
259.0,57,0,0,1,4,2,3,0,0,0,0,10,1
259.0,61,2,2,1,11,23,3,2,1,1,3,3,1
259.0,66,0,0,1,11,5,4,5,0,1,0,4,1
259.0,66,1,1,1,4,10,0,1,1,0,0,4,1
259.0,101,2,3,1,6,4,3,1,0,0,1,3,1
259.0,159,1,1,1,3,2,2,0,0,0,0,1,1
259.0,163,1,2,1,4,7,3,0,0,0,0,10,1
259.0,191,0,0,1,2,4,0,0,0,0,0,1,1
260.0,6,0,0,1,4,6,2,0,0,0,1,4,1
260.0,6,2,2,1,5,2,1,2,0,1,0,3,1
260.0,7,3,3,1,5,5,2,1,0,1,0,4,1
260.0,8,0,0,1,5,7,1,0,0,1,0,3,1
260.0,20,3,3,1,4,3,2,0,0,0,1,4,1
260.0,110,1,1,1,6,0,2,1,0,1,0,4,1
260.0,147,0,0,1,13,5,9,3,0,0,0,3,1
260.0,175,1,1,1,9,15,5,1,1,1,0,4,1
261.0,1,0,0,1,6,1,1,2,0,1,1,3,1
261.0,14,0,0,1,2,3,0,0,0,0,0,1,1
261.0,43,0,0,1,6,5,2,1,0,1,1,4,1
261.0,52,0,0,1,7,19,1,1,1,2,1,3,1
261.0,58,0,0,1,3,7,0,1,0,1,0,4,1
261.0,60,2,1,1,8,2,4,3,0,0,0,4,1
261.0,61,0,0,1,2,0,1,0,0,0,0,1,1
261.0,75,1,1,1,9,2,2,5,0,0,1,4,1
261.0,84,0,0,1,6,1,3,0,1,0,1,4,1
261.0,-1,0,0,1,8,10,4,0,2,1,0,3,1
261.0,146,0,0,1,4,5,1,1,0,0,1,4,1
261.0,150,1,1,1,14,27,3,2,4,3,1,3,1
261.0,155,0,0,1,11,55,2,4,1,0,1,3,1
261.0,179,0,0,1,4,5,2,0,1,0,0,1,1
261.0,181,0,0,1,22,13,10,8,1,0,2,3,1
262.0,17,1,1,1,4,3,0,1,0,2,0,3,1
262.0,62,0,0,1,5,5,2,0,0,0,2,4,1
262.0,87,1,0,1,6,11,1,1,1,1,1,3,1
262.0,88,0,0,1,5,3,1,1,0,1,0,4,1
262.0,136,0,0,1,3,3,0,1,0,1,0,4,1
262.0,155,0,0,1,7,2,5,0,0,1,0,4,1
262.0,180,0,0,1,5,5,1,1,0,1,1,4,1
263.0,14,1,2,1,4,12,0,0,0,0,1,3,1
263.0,51,0,0,1,8,25,1,3,1,2,0,3,1
263.0,64,1,1,1,12,21,6,2,0,2,0,3,1
263.0,117,3,3,1,3,3,1,1,0,0,0,1,1
263.0,121,0,0,1,3,13,0,1,0,1,0,3,1
263.0,130,0,0,1,3,0,2,0,0,0,0,10,1
263.0,130,1,1,1,3,6,1,0,0,1,0,4,1
263.0,140,0,0,1,15,3,9,5,0,0,0,10,1
263.0,160,1,1,1,3,6,0,1,1,0,0,3,1
263.0,164,0,0,1,6,14,2,0,1,0,1,3,1
263.0,179,0,0,1,20,35,4,5,2,4,1,3,1
264.0,53,0,0,1,5,2,2,0,0,1,1,3,1
264.0,123,1,1,1,4,2,0,1,0,0,0,4,1
264.0,140,0,0,1,5,14,0,1,0,1,2,3,1
264.0,191,1,1,1,3,4,1,0,0,0,0,1,1
265.0,11,1,1,1,14,2,11,2,0,0,0,10,1
265.0,41,0,0,1,6,2,2,2,0,1,0,10,1
265.0,54,1,1,1,21,0,9,11,0,0,0,1,1
265.0,86,1,1,1,14,3,11,2,0,0,0,3,1
265.0,101,0,0,1,3,1,1,0,0,1,0,4,1
265.0,102,0,0,1,7,16,1,1,1,1,2,3,1
265.0,109,0,0,1,5,2,0,2,0,2,0,3,1
265.0,152,0,0,1,17,23,4,2,5,3,2,3,1
265.0,155,1,1,1,25,6,10,12,0,1,1,4,1
266.0,24,1,1,1,4,3,0,2,0,1,0,4,1
266.0,78,0,0,1,5,12,1,1,0,1,1,3,1
266.0,118,0,0,1,6,13,1,1,1,1,1,3,1
266.0,138,2,2,1,3,2,0,1,0,1,0,4,1
266.0,146,0,0,1,31,5,13,15,0,0,2,4,1
267.0,57,1,1,1,6,4,2,2,0,0,1,4,1
267.0,63,2,1,1,3,4,1,0,0,1,0,4,1
267.0,78,0,0,1,5,2,3,0,0,0,0,3,1
267.0,88,0,0,1,10,18,2,1,1,2,3,3,1
267.0,96,0,0,1,8,49,0,1,1,1,1,3,1
267.0,99,1,1,1,7,2,0,2,1,2,0,3,1
267.0,110,0,0,1,5,8,1,0,0,0,3,4,1
267.0,116,1,1,1,3,1,2,0,0,0,0,10,1
267.0,124,0,0,1,4,6,2,0,0,1,0,4,1
267.0,187,0,0,1,3,4,0,1,0,0,0,1,1
268.0,5,0,0,1,4,10,0,0,0,1,0,3,1
268.0,18,0,0,1,3,4,1,1,0,0,0,1,1
268.0,39,1,1,1,4,1,1,1,0,0,0,1,1
268.0,133,0,0,1,4,4,1,1,0,0,0,1,1
268.0,146,0,0,1,6,21,1,1,0,1,1,3,1
268.0,155,1,0,1,3,5,1,0,0,0,0,1,1
268.0,164,0,0,1,18,49,2,9,1,2,3,3,1
268.0,186,0,0,1,6,17,2,1,0,2,0,3,1
269.0,41,0,0,1,4,6,0,1,1,0,0,3,1
269.0,60,0,0,1,5,5,1,1,0,0,2,3,1
269.0,75,1,1,1,3,2,1,0,0,0,0,1,1
269.0,95,0,0,1,5,6,2,1,0,0,1,4,1
269.0,101,0,0,1,5,5,1,0,1,1,1,4,1
269.0,120,0,0,1,3,16,1,0,1,0,0,3,1
269.0,123,1,1,1,8,4,1,3,1,2,0,3,1
269.0,142,0,0,1,13,21,9,1,1,1,0,3,1
270.0,28,0,0,1,7,7,3,0,1,2,0,3,1
270.0,103,0,0,1,7,53,0,1,1,2,2,3,1
270.0,118,1,1,1,3,0,2,0,0,0,0,10,1
271.0,10,0,0,1,5,5,1,2,0,0,1,3,1
271.0,20,0,0,1,3,1,1,0,0,0,0,1,1
271.0,23,0,0,1,4,1,1,0,0,0,0,4,1
271.0,41,0,0,1,15,11,9,4,0,1,0,4,1
271.0,46,2,2,1,7,5,5,0,0,1,0,4,1
271.0,70,0,0,1,3,18,1,0,0,0,1,3,1
271.0,113,0,0,1,9,25,4,2,0,0,0,3,1
271.0,136,1,1,1,5,2,1,2,0,1,0,4,1
271.0,162,0,0,1,6,19,2,1,1,0,1,3,1
272.0,87,1,2,1,3,4,0,0,0,0,0,1,1
272.0,108,0,0,1,28,15,16,10,0,1,0,4,1
272.0,135,0,0,1,3,3,0,0,0,0,0,1,1
272.0,146,0,0,1,4,0,1,0,0,1,0,4,1
272.0,148,1,1,1,8,2,5,1,0,0,1,4,1
272.0,191,0,0,1,3,3,0,1,0,1,0,3,1
273.0,12,0,0,1,11,4,7,2,0,0,1,4,1
273.0,44,4,4,1,9,1,7,0,0,0,0,1,1
273.0,61,0,0,1,4,12,0,1,0,0,0,3,1
273.0,64,1,1,1,4,9,1,0,0,1,0,3,1
273.0,73,2,2,1,4,5,1,1,0,1,0,4,1
273.0,92,2,2,1,3,1,1,0,0,1,0,4,1
273.0,100,0,0,1,3,13,0,0,0,1,0,5,1
273.0,112,0,0,1,4,15,3,0,0,0,0,10,1
273.0,129,0,0,1,5,6,2,1,0,0,1,4,1
273.0,145,1,1,1,4,11,2,0,0,0,1,4,1
274.0,14,0,0,1,3,6,1,0,0,1,0,3,1
274.0,59,0,0,1,6,0,2,1,1,0,0,4,1
274.0,87,0,0,1,4,22,0,1,0,1,1,3,1
274.0,95,1,1,1,4,3,1,0,1,1,0,3,1
274.0,129,1,1,1,6,8,1,1,1,1,1,4,1
274.0,162,1,1,1,9,13,3,4,0,0,1,3,1
274.0,177,0,0,1,3,3,1,0,0,0,0,1,1
274.0,179,0,0,1,5,2,1,2,0,1,0,10,1
275.0,1,0,0,1,9,10,3,4,0,0,1,3,1
275.0,16,0,0,1,10,13,1,1,1,2,1,3,1
275.0,18,1,1,1,3,2,2,0,0,0,0,10,1
275.0,21,0,0,1,19,3,11,6,0,0,1,4,1
275.0,58,0,0,1,4,6,1,1,0,0,1,4,1
275.0,60,0,0,1,14,0,7,5,0,0,0,1,1
275.0,69,0,0,1,6,11,0,1,0,2,1,3,1
275.0,91,1,1,1,5,5,1,2,0,1,0,4,1
275.0,108,0,0,1,5,4,0,1,1,2,0,3,1
275.0,112,1,1,1,3,4,0,1,0,1,0,4,1
275.0,151,0,0,1,5,6,1,1,0,1,1,3,1
276.0,23,0,0,1,3,1,1,0,0,1,0,4,1
276.0,58,0,0,1,10,31,1,2,3,2,1,3,1
276.0,75,2,2,1,3,1,1,0,0,0,0,1,1
276.0,90,2,3,1,6,0,4,0,0,1,0,4,1
276.0,123,2,1,1,9,68,0,1,2,2,1,3,1
276.0,165,1,1,1,12,1,4,7,0,0,0,4,1
276.0,169,1,1,1,7,44,1,0,1,2,0,3,1
277.0,26,0,0,1,10,21,3,1,1,2,2,3,1
277.0,66,0,0,1,6,18,1,0,0,0,3,3,1
277.0,108,0,0,1,5,8,2,0,0,0,2,3,1
277.0,119,0,0,1,5,7,2,1,0,0,1,4,1
277.0,129,2,2,1,5,0,4,0,0,0,0,1,1
277.0,130,2,3,1,4,13,0,1,0,1,0,3,1
277.0,136,0,0,1,8,44,0,0,2,2,0,3,1
277.0,138,0,0,1,7,2,6,0,0,0,0,4,1
277.0,147,0,0,1,4,2,1,1,0,1,0,4,1
277.0,175,0,0,1,6,5,2,0,2,0,0,3,1
277.0,178,1,1,1,9,3,6,2,0,0,0,3,1
278.0,2,0,0,1,3,4,1,0,1,0,0,3,1
278.0,96,3,3,1,4,1,1,1,0,0,0,1,1
278.0,150,3,2,1,8,8,4,0,0,0,1,3,1
278.0,157,3,3,1,3,0,1,0,0,1,0,4,1
278.0,177,1,1,1,7,1,4,1,0,1,0,4,1
279.0,6,0,0,1,6,6,2,0,1,1,1,3,1
279.0,29,0,0,1,11,8,6,4,0,0,0,10,1
279.0,43,0,0,1,5,3,3,0,0,0,1,4,1
279.0,49,1,1,1,3,5,2,0,0,0,0,10,1
279.0,75,1,1,1,3,14,1,0,0,1,0,3,1
279.0,118,0,0,1,4,5,1,1,0,1,0,4,1
279.0,171,1,1,1,8,3,6,1,0,0,0,4,1
279.0,178,1,1,1,7,2,1,4,0,0,0,3,1
280.0,75,2,2,1,2,1,1,0,0,0,0,1,1
280.0,100,0,0,1,5,10,3,0,0,0,1,3,1
280.0,104,0,0,1,3,1,2,0,0,0,0,10,1
280.0,108,0,0,1,11,23,3,2,0,0,2,3,1
280.0,132,5,0,1,12,22,5,3,1,1,1,3,1
280.0,150,0,0,1,2,0,1,0,0,0,0,1,1
280.0,164,0,0,1,9,1,5,3,0,0,0,4,1
280.0,173,1,1,1,15,18,2,7,2,2,1,3,1
281.0,1,0,0,1,3,1,1,0,0,0,0,1,1
281.0,4,0,0,1,3,4,1,0,0,1,0,4,1
281.0,9,1,1,1,4,3,0,2,0,1,0,4,1
281.0,23,2,2,1,5,3,0,2,1,1,0,3,1
281.0,47,0,0,1,14,17,3,2,3,4,0,3,1
281.0,81,1,1,1,4,2,2,0,0,0,0,1,1
281.0,154,1,1,1,4,1,1,1,0,0,0,1,1
282.0,27,0,0,1,5,5,0,2,0,1,1,3,1
282.0,40,0,0,1,3,1,1,0,0,0,0,1,1
282.0,82,1,1,1,3,1,0,1,0,0,0,1,1
282.0,135,1,1,1,7,9,1,0,1,1,0,3,1
282.0,188,0,0,1,3,0,1,0,0,0,0,1,1
283.0,1,2,2,1,5,3,2,1,0,1,0,3,1
283.0,33,0,0,1,3,9,1,0,0,1,0,4,1
283.0,37,0,0,1,2,0,1,0,0,0,0,1,1
283.0,59,0,0,1,4,7,1,0,1,1,0,3,1
283.0,63,0,0,1,7,7,3,1,1,1,0,3,1
283.0,109,1,1,1,5,6,2,0,1,1,0,3,1
283.0,116,1,2,1,17,4,8,7,0,0,1,4,1
283.0,116,2,3,1,15,15,7,4,0,2,1,3,1
283.0,161,0,0,1,18,44,8,5,2,1,1,3,1
284.0,26,0,0,1,4,6,1,0,0,1,1,3,1
284.0,43,0,0,1,20,8,6,11,1,1,0,3,1
284.0,50,0,0,1,2,3,1,0,0,0,0,1,1
284.0,52,1,1,1,12,8,5,4,0,0,2,3,1
284.0,65,4,2,1,3,0,1,1,0,0,0,1,1
284.0,68,0,0,1,15,16,7,5,1,0,0,3,1
284.0,74,0,0,1,6,13,2,1,0,0,1,3,1
284.0,99,1,1,1,9,19,3,1,1,2,0,3,1
284.0,171,1,1,1,3,0,1,0,0,0,0,1,1
284.0,185,1,0,1,4,2,1,1,0,0,0,1,1
285.0,0,2,1,1,12,9,7,1,1,1,1,4,1
285.0,6,0,0,1,6,8,2,1,0,2,0,3,1
285.0,7,0,0,1,11,14,5,4,0,0,1,3,1
285.0,53,1,1,1,4,5,1,0,1,1,0,4,1
285.0,127,2,2,1,5,6,1,1,0,1,1,3,1
285.0,197,3,3,1,4,0,2,1,0,0,0,4,1
285.0,198,0,0,1,14,28,4,3,3,2,0,3,1
286.0,9,0,0,1,4,1,2,1,0,0,0,10,1
286.0,25,0,0,1,6,6,1,2,0,2,0,4,1
286.0,28,0,0,1,5,14,1,1,1,1,0,4,1
286.0,59,0,0,1,13,14,7,3,1,0,1,3,1
286.0,87,3,3,1,4,1,1,1,0,0,0,1,1
286.0,120,1,1,1,3,3,1,0,0,0,0,1,1
286.0,163,1,1,1,4,4,1,1,0,0,1,4,1
286.0,169,1,1,1,15,3,9,5,0,0,0,3,1
286.0,175,0,0,1,9,19,2,2,2,2,0,4,1
286.0,179,0,0,1,5,1,3,1,0,0,0,10,1
286.0,182,0,0,1,3,5,0,1,0,1,0,3,1
287.0,25,1,1,1,4,10,1,0,1,1,0,3,1
287.0,47,0,0,1,5,2,0,2,0,1,0,1,1
287.0,57,0,0,1,9,20,2,1,1,0,3,3,1
287.0,78,1,1,1,3,2,1,1,0,0,0,10,1
287.0,82,0,0,1,4,4,1,0,0,1,1,3,1
287.0,97,0,0,1,6,8,1,2,0,0,2,4,1
287.0,129,1,1,1,15,2,8,5,0,0,1,4,1
287.0,176,0,0,1,19,5,8,9,0,1,0,4,1
287.0,186,0,0,1,7,3,3,2,0,0,1,4,1
287.0,189,0,0,1,4,0,2,1,0,0,0,4,1
288.0,9,0,0,1,3,1,0,0,0,0,0,1,1
288.0,67,2,0,1,3,4,1,0,0,0,1,4,1
288.0,135,1,1,1,3,1,1,0,0,0,0,1,1
288.0,156,0,0,1,3,5,1,0,0,1,0,4,1
288.0,161,1,1,1,3,2,1,0,0,0,1,4,1
289.0,21,0,0,1,7,29,1,0,1,0,0,3,1
289.0,25,0,0,1,5,9,2,1,1,0,0,4,1
289.0,82,0,0,1,5,5,1,2,1,0,0,4,1
289.0,82,3,1,1,8,36,1,0,1,0,5,3,1
289.0,114,0,0,1,10,10,2,2,2,1,2,3,1
289.0,115,0,0,1,3,1,2,0,0,0,0,1,1
289.0,116,1,1,1,5,13,0,2,0,1,1,3,1
289.0,121,1,1,1,4,9,2,1,0,0,0,10,1
289.0,150,1,1,1,4,13,1,1,0,0,1,3,1
290.0,12,0,0,1,16,22,11,2,0,1,0,3,1
290.0,36,1,1,1,4,0,1,1,0,0,0,1,1
290.0,66,0,0,1,15,3,6,7,0,0,1,4,1
290.0,126,0,0,1,2,2,1,0,0,0,0,1,1
290.0,127,1,1,1,23,6,9,10,1,1,0,3,1
290.0,149,1,1,1,3,4,1,0,0,1,0,4,1
291.0,7,1,1,1,9,2,3,4,0,0,1,3,1
291.0,15,0,0,1,5,14,1,1,0,0,2,3,1
291.0,27,0,0,1,10,13,1,2,2,3,0,3,1
291.0,84,2,1,1,14,73,6,3,1,1,1,3,1
291.0,100,1,1,1,4,0,1,1,0,0,0,1,1
291.0,171,0,0,1,4,2,1,1,0,1,0,4,1
291.0,180,0,0,1,7,0,4,2,0,0,0,1,1
291.0,190,0,0,1,2,0,1,0,0,0,0,1,1
292.0,2,1,1,1,7,9,2,2,0,2,0,4,1
292.0,19,1,1,1,4,6,1,1,0,1,0,4,1
292.0,28,0,0,1,5,5,2,0,1,1,0,4,1
292.0,69,1,1,1,2,1,1,0,0,0,0,1,1
292.0,79,9,4,1,3,1,1,0,0,0,0,1,1
292.0,96,1,1,1,4,10,1,0,0,0,2,3,1
292.0,104,0,0,1,7,12,2,1,0,1,2,3,1
292.0,148,0,0,1,5,3,1,1,1,0,0,1,1
292.0,173,0,0,1,3,23,1,0,0,0,1,3,1
292.0,177,0,0,1,4,2,3,0,0,0,0,4,1
293.0,34,1,1,1,8,15,3,0,1,0,3,3,1
293.0,57,0,0,1,3,3,0,1,0,0,1,4,1
293.0,61,2,3,1,5,11,0,1,0,1,1,3,1
293.0,97,1,0,1,5,3,2,1,0,0,1,4,1
293.0,132,1,1,1,5,5,2,1,0,1,0,3,1
293.0,161,1,1,1,6,11,1,0,1,1,1,4,1
293.0,173,0,0,1,5,0,0,2,0,2,0,4,1
293.0,176,0,0,1,3,5,1,0,0,0,0,1,1
294.0,17,2,2,1,4,1,2,1,0,0,0,10,1
294.0,24,2,2,1,4,0,1,1,0,0,0,1,1
294.0,29,1,1,1,12,11,3,3,0,1,2,3,1
294.0,31,1,1,1,14,0,7,5,0,0,0,4,1
294.0,33,0,0,1,6,10,2,0,2,1,0,3,1
294.0,59,3,3,1,2,0,1,0,0,0,0,1,1
294.0,98,1,1,1,5,3,2,1,0,0,1,4,1
294.0,118,1,1,1,8,19,2,0,1,1,2,3,1
294.0,140,0,0,1,24,14,14,6,2,0,1,3,1
294.0,144,1,1,1,9,3,3,5,0,0,0,4,1
294.0,178,1,1,1,3,6,1,0,0,0,0,1,1
295.0,39,2,3,1,3,12,0,1,0,1,0,4,1
295.0,46,1,1,1,3,6,0,0,0,0,0,1,1
295.0,52,0,0,1,6,10,2,1,0,0,2,4,1
295.0,81,1,1,1,4,7,1,0,0,0,2,4,1
295.0,134,0,0,1,4,17,1,1,1,0,0,4,1
295.0,140,1,1,1,7,8,3,2,0,1,0,3,1
295.0,157,0,0,1,16,5,11,3,0,0,1,3,1
295.0,163,3,3,1,4,5,1,1,0,0,1,4,1
296.0,20,3,2,1,4,1,2,1,0,0,0,3,1
296.0,51,1,1,1,6,3,1,1,1,2,0,3,1
296.0,124,1,1,1,3,0,1,0,0,0,0,1,1
296.0,129,2,1,1,12,5,6,3,1,1,0,3,1
296.0,174,0,0,1,39,2,21,16,1,0,0,3,1
297.0,16,0,0,1,3,9,1,0,0,0,0,1,1
297.0,56,0,0,1,6,8,1,1,1,2,0,3,1
297.0,114,2,2,1,7,27,2,0,1,0,1,3,1
297.0,119,0,0,1,7,6,1,2,0,2,0,3,1
297.0,154,0,0,1,3,0,0,1,0,1,0,4,1
297.0,154,1,2,1,4,12,1,0,0,1,1,3,1
297.0,156,0,0,1,6,9,1,1,1,1,1,3,1
297.0,161,1,1,1,11,0,7,1,0,1,0,4,1
298.0,16,0,0,1,4,1,2,0,0,0,0,1,1
298.0,44,0,0,1,7,9,3,3,0,0,0,10,1
298.0,54,0,0,1,4,0,1,1,0,1,0,4,1
298.0,81,0,0,1,3,0,0,1,0,1,0,4,1
298.0,98,0,0,1,5,4,2,1,0,0,0,1,1
298.0,118,1,1,1,13,4,9,3,0,0,0,10,1
298.0,123,2,2,1,3,0,1,0,0,0,0,1,1
298.0,145,1,1,1,5,6,0,0,0,1,1,3,1
298.0,146,0,0,1,6,5,1,1,1,1,0,4,1
298.0,161,0,0,1,4,4,2,1,0,0,0,10,1
298.0,169,3,3,1,5,4,1,2,0,1,0,4,1
298.0,175,0,0,1,3,2,0,0,0,1,0,5,1
298.0,190,0,0,1,5,3,1,2,0,1,0,3,1
299.0,18,0,0,1,11,35,1,4,2,2,1,3,1
299.0,43,1,1,1,2,0,1,0,0,0,0,1,1
299.0,143,0,0,1,5,12,1,1,0,1,1,3,1
299.0,157,6,6,1,5,9,0,1,0,2,1,3,1
299.0,174,3,1,1,5,11,1,0,1,1,0,3,1
299.0,187,0,0,1,6,0,4,1,0,0,0,4,1
300.0,27,0,0,1,5,4,1,1,0,1,0,4,1
300.0,42,1,1,1,3,12,1,0,0,1,0,3,1
300.0,64,3,2,1,2,3,0,0,0,0,0,1,1
300.0,72,0,0,1,4,4,1,1,0,1,0,4,1
300.0,113,2,2,1,3,20,0,0,0,0,0,3,1
300.0,118,0,0,1,4,4,1,0,1,1,0,3,1
300.0,131,0,0,1,3,0,1,0,0,1,0,4,1
300.0,175,0,0,1,4,4,1,1,0,1,0,4,1
300.0,180,1,0,1,11,2,5,4,0,0,0,1,1
300.0,184,1,1,1,4,0,1,1,0,0,0,1,1
301.0,25,0,0,1,6,10,2,1,0,1,1,3,1
301.0,26,2,2,1,8,2,5,2,0,0,0,10,1
301.0,46,0,0,1,3,9,1,0,0,1,0,3,1
301.0,60,1,1,1,7,10,3,0,0,1,0,3,1
301.0,96,3,3,1,5,0,2,1,0,0,0,1,1
301.0,124,0,0,1,4,8,1,1,0,1,0,3,1
301.0,188,0,0,1,3,0,1,0,0,0,0,1,1
302.0,0,0,0,1,4,1,2,1,0,0,0,10,1
302.0,1,0,0,1,6,2,2,1,0,1,1,4,1
302.0,32,1,2,1,4,7,1,1,0,0,0,1,1
302.0,36,0,0,1,40,28,18,17,0,1,1,3,1
302.0,54,0,0,1,8,12,3,1,1,0,2,3,1
302.0,66,0,0,1,10,2,5,3,0,1,0,10,1
302.0,84,0,0,1,14,45,8,2,1,2,0,3,1
302.0,120,0,0,1,5,4,1,1,1,1,0,4,1
302.0,136,2,2,1,4,0,1,1,0,0,0,1,1
302.0,141,2,1,1,37,5,19,15,0,1,1,3,1
302.0,150,0,0,1,5,3,2,2,0,0,0,10,1
303.0,18,0,0,1,10,18,3,1,2,1,1,3,1
303.0,18,2,1,1,20,37,8,5,2,0,2,3,1
303.0,29,0,0,1,5,7,1,1,1,1,0,4,1
303.0,52,3,3,1,10,0,4,5,0,0,0,4,1
303.0,53,0,0,1,5,12,1,1,1,1,0,3,1
303.0,59,0,0,1,8,1,6,1,0,0,0,4,1
303.0,102,2,2,1,3,8,0,1,0,0,1,3,1
303.0,102,3,1,1,6,5,3,1,0,0,0,4,1
303.0,121,2,2,1,6,1,2,0,2,1,0,3,1
303.0,142,0,0,1,4,12,0,0,0,0,0,3,1
303.0,155,0,0,1,5,2,1,0,1,1,0,3,1
303.0,158,1,1,1,6,38,0,1,0,2,0,3,1
304.0,8,1,1,1,5,5,1,2,0,0,1,4,1
304.0,76,0,0,1,5,0,3,1,0,0,0,1,1
304.0,85,1,1,1,4,12,1,0,1,0,0,3,1
304.0,111,0,0,1,5,3,1,1,1,1,0,4,1
304.0,148,1,1,1,5,14,0,1,1,2,0,3,1
304.0,158,4,1,1,10,32,1,2,3,3,0,3,1
305.0,9,1,1,1,7,2,2,3,0,0,1,3,1
305.0,23,0,0,1,3,1,1,0,0,0,0,1,1
305.0,24,1,1,1,4,1,1,1,0,0,0,1,1
305.0,52,0,0,1,4,2,1,1,0,0,0,1,1
305.0,73,0,0,1,7,7,1,3,0,1,1,3,1
305.0,102,0,0,1,5,2,1,2,0,1,0,3,1
305.0,190,0,0,1,14,22,5,4,0,0,4,3,1
306.0,5,0,0,1,3,1,1,0,0,1,0,4,1
306.0,18,0,0,1,12,101,2,1,4,3,1,3,1
306.0,31,1,1,1,6,23,2,0,2,0,1,3,1
306.0,89,1,1,1,4,2,2,0,1,0,0,4,1
306.0,90,0,0,1,8,4,2,4,1,0,0,3,1
306.0,99,1,1,1,4,6,2,0,0,0,1,4,1
306.0,118,1,1,1,3,2,1,0,0,0,0,1,1
306.0,141,0,0,1,3,4,0,0,0,1,0,5,1
306.0,164,0,0,1,5,12,2,0,2,0,0,3,1
306.0,165,0,0,1,3,0,1,0,0,0,0,1,1
306.0,183,1,0,1,7,2,5,1,0,0,0,1,1
307.0,3,0,0,1,5,19,1,1,1,1,0,3,1
307.0,29,0,0,1,4,13,0,1,0,2,0,3,1
307.0,32,0,0,1,12,9,5,3,0,0,3,4,1
307.0,70,1,1,1,3,2,2,0,0,0,0,10,1
307.0,81,0,0,1,6,3,1,1,0,1,1,3,1
307.0,110,1,0,1,3,38,0,1,1,0,0,3,1
307.0,117,0,0,1,4,3,2,1,0,0,0,10,1
307.0,120,0,0,1,4,2,1,1,0,1,0,4,1
307.0,143,3,2,1,9,5,6,1,0,1,0,4,1
307.0,144,0,0,1,4,12,0,1,0,1,1,3,1
307.0,167,1,1,1,3,2,1,1,0,0,0,1,1
307.0,187,1,1,1,4,4,0,1,0,1,1,3,1
308.0,24,0,0,1,6,20,1,0,2,2,0,3,1
308.0,49,3,3,1,3,2,1,0,0,0,0,1,1
308.0,51,0,0,1,2,4,1,0,0,0,0,1,1
308.0,53,0,0,1,8,3,4,1,0,0,2,3,1
308.0,102,0,0,1,5,7,1,1,0,1,1,3,1
308.0,116,0,0,1,24,40,8,8,1,1,4,3,1
308.0,127,0,0,1,13,12,6,5,0,1,0,3,1
308.0,160,1,1,1,5,6,1,1,0,1,0,1,1
308.0,162,0,0,1,10,2,2,3,1,3,0,3,1
308.0,193,0,0,1,14,5,3,8,0,2,0,3,1
309.0,53,1,1,1,6,4,2,1,0,2,0,4,1
309.0,118,2,1,1,3,9,1,0,0,0,0,1,1
309.0,169,0,0,1,5,18,0,1,0,1,2,3,1
310.0,36,0,0,1,14,50,4,5,1,2,0,3,1
310.0,40,0,0,1,4,6,2,1,0,0,0,10,1
310.0,41,0,0,1,2,1,1,0,0,0,0,1,1
310.0,63,1,1,1,3,2,1,0,0,0,0,1,1
310.0,100,0,0,1,5,3,1,1,0,1,1,3,1
311.0,19,0,0,1,3,9,1,0,0,1,0,4,1
311.0,87,1,2,1,5,8,0,1,0,0,0,3,1
311.0,98,0,0,1,6,1,3,2,0,0,0,10,1
311.0,167,0,0,1,10,15,3,3,1,2,0,3,1
311.0,170,1,1,1,18,6,8,7,0,0,1,4,1
312.0,7,0,0,1,9,16,4,1,1,1,1,3,1
312.0,7,1,1,1,5,19,1,1,1,0,1,3,1
312.0,20,1,0,1,8,43,2,2,1,1,1,3,1
312.0,42,0,0,1,3,5,1,0,0,1,0,4,1
312.0,106,1,1,1,3,1,2,0,0,0,0,10,1
312.0,138,1,1,1,4,0,1,1,0,0,0,1,1
312.0,149,0,0,1,2,5,0,0,0,0,0,1,1
313.0,50,0,0,1,3,5,1,0,0,0,0,1,1
313.0,99,0,0,1,2,0,1,0,0,0,0,1,1
313.0,103,3,2,1,3,13,1,0,0,0,1,4,1
313.0,150,0,0,1,14,35,1,9,1,0,2,3,1
314.0,0,0,0,1,10,4,4,4,0,0,1,4,1
314.0,42,0,0,1,6,21,1,1,1,1,1,3,1
314.0,56,0,0,1,23,2,14,8,0,0,0,10,1
314.0,70,0,0,1,3,0,1,1,0,0,0,10,1
314.0,88,3,0,1,5,5,3,0,0,0,0,4,1
314.0,96,1,1,1,2,0,1,0,0,0,0,1,1
314.0,152,1,0,1,6,5,1,1,1,1,0,3,1
315.0,27,1,1,1,5,1,2,1,0,1,0,3,1
315.0,30,0,0,1,3,17,1,0,0,0,0,1,1
315.0,33,1,1,1,6,8,2,1,1,1,0,4,1
315.0,60,0,0,1,13,7,9,1,0,1,0,3,1
315.0,108,0,0,1,5,11,0,1,0,1,1,4,1
315.0,135,1,1,1,5,4,1,1,0,0,1,1,1
316.0,61,1,1,1,4,4,2,0,0,0,0,1,1
317.0,13,1,1,1,3,6,0,1,0,1,0,3,1
317.0,21,0,0,1,4,10,0,1,0,1,1,3,1
317.0,43,4,2,1,9,3,6,2,0,0,0,4,1
317.0,81,0,0,1,3,5,1,1,0,0,0,1,1
317.0,102,0,0,1,9,6,4,2,0,1,1,3,1
317.0,113,0,0,1,8,23,1,1,2,2,1,3,1
317.0,143,0,0,1,3,9,1,0,1,0,0,4,1
317.0,175,0,0,1,8,16,2,1,1,1,2,3,1
317.0,176,0,0,1,4,5,1,1,0,1,0,4,1
317.0,179,0,0,1,7,8,2,2,0,1,1,3,1
318.0,31,5,4,1,8,2,6,1,0,0,0,4,1
318.0,52,0,0,1,4,9,0,1,0,1,1,4,1
318.0,102,0,0,1,7,18,0,3,0,2,1,3,1
318.0,102,1,1,1,6,12,2,1,0,0,2,4,1
318.0,162,0,0,1,16,7,8,6,0,0,0,1,1
319.0,95,0,0,1,2,0,1,0,0,0,0,1,1
319.0,122,0,0,1,10,5,4,4,0,0,0,3,1
319.0,135,0,0,1,6,17,1,0,1,0,2,3,1
319.0,143,0,0,1,12,15,4,4,0,0,3,3,1
319.0,152,0,0,1,32,2,15,16,0,0,0,10,1
319.0,154,0,0,1,4,2,0,1,0,1,1,3,1
319.0,170,0,0,1,4,1,1,0,1,1,0,3,1
319.0,179,4,3,1,4,4,1,1,0,1,0,4,1
320.0,26,0,0,1,3,5,0,1,0,1,0,3,1
320.0,50,0,0,1,9,3,2,5,0,0,0,1,1
320.0,100,0,0,1,6,3,2,1,0,0,1,4,1
320.0,121,0,0,1,6,12,2,1,1,1,0,4,1
320.0,149,0,0,1,4,10,1,0,0,1,1,3,1
321.0,21,2,2,1,4,3,0,1,0,2,0,3,1
321.0,27,3,3,1,22,2,11,10,0,0,0,10,1
321.0,40,0,0,1,4,2,2,1,0,0,0,10,1
321.0,40,1,2,1,24,6,11,11,0,1,0,4,1
321.0,52,0,0,1,6,6,2,0,1,0,2,3,1
321.0,79,1,2,1,21,10,9,8,0,0,2,3,1
321.0,111,1,1,1,8,2,5,2,0,0,0,10,1
321.0,114,0,0,1,3,0,1,0,0,1,0,3,1
321.0,124,0,0,1,5,14,1,1,1,0,1,3,1
321.0,145,1,0,1,3,5,1,0,0,0,0,1,1
321.0,156,1,1,1,5,10,1,0,2,1,0,3,1
321.0,194,0,0,1,6,2,0,2,1,1,1,3,1
322.0,11,0,0,1,3,11,0,1,0,0,1,4,1
322.0,17,0,0,1,4,2,1,2,0,0,0,10,1
322.0,31,2,1,1,4,1,3,0,0,0,0,4,1
322.0,35,2,1,1,3,3,1,0,0,0,0,1,1
322.0,70,0,0,1,9,97,1,1,2,2,0,3,1
322.0,76,1,1,1,3,5,0,0,0,0,0,4,1
322.0,92,0,0,1,3,0,1,0,0,0,0,1,1
322.0,114,1,1,1,8,0,6,1,0,0,0,4,1
322.0,133,0,0,1,18,12,8,7,0,1,0,4,1
322.0,158,0,0,1,7,10,1,2,0,1,2,3,1
322.0,160,0,0,1,7,2,3,2,0,0,0,1,1
322.0,164,0,0,1,4,13,1,0,0,1,1,3,1
322.0,171,0,0,1,3,0,1,0,0,0,0,1,1
322.0,173,0,0,1,8,3,1,2,1,1,0,4,1
323.0,35,0,0,1,21,31,2,8,4,5,1,3,1
323.0,69,1,1,1,2,1,1,0,0,0,0,1,1
323.0,75,1,1,1,5,3,2,2,0,0,0,10,1
323.0,94,0,0,1,2,1,1,0,0,0,0,1,1
323.0,108,2,2,1,3,0,1,1,0,0,0,1,1
323.0,113,0,0,1,10,22,4,1,1,1,2,3,1
323.0,125,0,0,1,6,51,0,0,1,0,0,3,1
323.0,147,0,0,1,5,4,2,1,0,0,1,3,1
323.0,148,3,3,1,5,5,1,1,0,0,1,4,1
323.0,149,0,0,1,5,18,1,1,0,0,2,3,1
323.0,188,0,0,1,4,2,2,0,0,1,0,4,1
324.0,3,1,1,1,2,2,1,0,0,0,0,1,1
324.0,38,0,0,1,5,3,1,1,0,1,0,4,1
324.0,72,0,0,1,3,2,1,0,0,0,0,1,1
324.0,120,0,0,1,3,13,0,1,0,1,0,3,1
324.0,180,2,1,1,11,19,3,3,1,2,1,3,1
325.0,64,4,4,1,5,3,1,1,0,1,1,3,1
325.0,65,0,0,1,4,4,1,0,0,0,0,4,1
325.0,124,0,0,1,29,3,15,11,0,1,1,3,1
325.0,166,0,0,1,4,3,1,2,0,0,0,10,1
325.0,192,1,1,1,3,4,1,0,0,0,0,1,1
326.0,4,1,1,1,23,1,13,8,0,0,0,1,1
326.0,33,1,1,1,6,8,1,1,1,0,1,3,1
326.0,85,0,0,1,17,8,10,4,0,1,1,3,1
326.0,88,0,0,1,24,11,8,12,1,1,1,3,1
326.0,91,0,0,1,3,2,0,1,0,0,0,1,1
326.0,91,1,1,1,8,8,2,2,1,1,0,3,1
326.0,133,1,1,1,4,0,1,1,0,0,0,1,1
326.0,151,1,1,1,3,1,1,0,0,0,0,1,1
326.0,156,0,0,1,3,27,0,0,0,1,0,5,1
326.0,163,1,1,1,4,0,2,1,0,0,0,10,1
326.0,167,0,0,1,4,0,1,1,0,1,0,4,1
326.0,168,2,2,1,4,15,0,1,1,0,1,3,1
326.0,168,3,1,1,5,4,1,2,0,1,0,10,1
326.0,188,3,1,1,5,7,4,0,0,0,0,4,1
326.0,193,0,0,1,16,14,8,1,2,2,1,3,1
327.0,4,1,0,1,5,2,4,0,0,0,0,4,1
327.0,32,1,1,1,3,18,1,0,0,0,1,3,1
327.0,85,1,1,1,5,8,1,2,0,0,1,4,1
327.0,88,1,1,1,18,4,8,6,0,0,3,3,1
327.0,92,0,0,1,4,1,1,1,0,1,0,4,1
327.0,93,0,0,1,6,16,0,2,0,1,2,3,1
327.0,97,3,1,1,3,9,2,0,0,0,0,10,1
327.0,102,1,1,1,4,13,1,0,0,1,1,3,1
327.0,160,0,0,1,8,20,2,2,0,2,1,3,1
327.0,174,0,0,1,10,14,1,2,1,1,4,3,1
328.0,16,1,0,1,4,2,2,1,0,0,0,10,1
328.0,17,2,2,1,5,4,2,1,0,0,1,10,1
328.0,24,4,4,1,3,0,1,0,0,0,0,1,1
328.0,30,1,1,1,5,6,1,3,0,0,0,10,1
328.0,77,0,0,1,3,0,1,0,0,0,0,1,1
328.0,96,0,0,1,5,4,2,1,0,1,0,4,1
328.0,154,0,0,1,2,2,1,0,0,0,0,1,1
329.0,8,0,0,1,7,13,1,1,1,0,2,3,1
329.0,16,0,0,1,4,4,2,0,0,0,1,4,1
329.0,33,0,0,1,8,2,2,3,0,1,0,3,1
329.0,42,1,1,1,5,11,1,1,0,0,2,3,1
329.0,48,0,0,1,14,8,6,4,0,1,2,3,1
329.0,68,0,0,1,33,2,16,15,0,0,1,4,1
329.0,96,0,0,1,5,5,2,1,0,0,1,4,1
329.0,116,2,2,1,4,0,2,0,0,1,0,4,1
329.0,141,1,1,1,4,1,1,1,0,0,0,1,1
329.0,142,1,1,1,12,1,7,3,0,0,0,1,1
329.0,164,2,0,1,4,2,2,0,0,1,0,4,1
330.0,31,0,0,1,7,9,2,1,1,2,0,3,1
330.0,40,2,1,1,25,53,5,11,4,3,0,3,1
330.0,91,0,0,1,20,12,11,5,0,1,1,3,1
330.0,110,1,0,1,2,0,1,0,0,0,0,1,1
330.0,119,2,2,1,7,22,1,4,0,1,0,3,1
330.0,132,2,0,1,7,14,1,1,2,2,0,3,1
330.0,151,2,2,1,4,5,0,1,0,1,0,4,1
330.0,158,3,3,1,3,8,0,1,0,1,0,3,1
330.0,161,0,0,1,3,0,1,0,0,0,0,1,1
330.0,170,0,0,1,9,39,1,3,1,1,2,3,1
330.0,178,1,1,1,4,1,0,2,0,0,0,1,1
331.0,40,2,2,1,8,3,6,1,0,0,0,10,1
331.0,41,1,1,1,5,18,1,2,0,1,0,3,1
331.0,70,0,0,1,25,1,10,11,1,1,0,4,1
331.0,71,0,0,1,11,13,3,5,0,2,0,3,1
331.0,168,2,1,1,29,1,15,13,0,0,0,10,1
331.0,184,2,1,1,13,5,7,4,0,0,0,4,1
332.0,80,1,1,1,8,6,3,2,1,1,0,3,1
332.0,81,0,0,1,10,1,5,3,0,1,0,4,1
332.0,165,0,0,1,4,4,0,1,0,0,2,3,1
332.0,177,0,0,1,8,8,1,2,1,2,0,3,1
332.0,178,0,0,1,5,3,2,1,0,0,1,4,1
332.0,188,1,1,1,3,18,0,1,0,1,0,3,1
333.0,3,1,0,1,18,18,8,5,1,2,1,3,1
333.0,30,0,0,1,4,1,1,1,0,0,0,1,1
333.0,31,2,1,1,5,13,2,0,0,0,2,4,1
333.0,143,2,2,1,8,0,2,4,0,1,0,4,1
333.0,143,4,3,1,20,6,10,7,1,1,0,4,1
333.0,148,0,0,1,4,11,0,2,0,1,0,4,1
334.0,53,0,0,1,6,14,1,1,0,0,3,3,1
334.0,94,0,0,1,11,17,6,0,0,0,2,3,1
334.0,109,0,0,1,5,1,3,1,0,0,0,4,1
334.0,164,0,0,1,4,1,3,0,0,0,0,4,1
334.0,193,0,0,1,6,27,2,0,1,1,1,3,1
335.0,18,4,1,1,3,12,0,0,0,1,0,5,1
335.0,25,1,1,1,6,0,4,0,0,0,0,1,1
335.0,32,0,0,1,20,7,12,6,0,1,0,4,1
335.0,36,3,1,1,12,26,2,0,2,3,2,3,1
336.0,17,0,0,1,38,2,20,15,0,0,1,4,1
336.0,75,2,0,1,3,4,0,0,0,0,0,1,1
336.0,117,0,0,1,6,3,1,1,1,1,1,3,1
336.0,159,0,0,1,13,34,7,2,0,0,1,3,1
337.0,31,2,2,1,10,12,5,3,0,1,0,3,1
337.0,34,0,0,1,4,10,1,0,1,0,1,4,1
337.0,37,0,0,1,19,6,5,10,1,1,0,3,1
337.0,53,1,1,1,3,5,1,0,0,1,0,4,1
337.0,63,0,0,1,3,16,0,0,0,0,0,3,1
337.0,70,0,0,1,3,19,0,1,0,1,0,4,1
337.0,89,1,1,1,5,20,1,0,0,0,0,3,1
337.0,140,0,0,1,6,10,1,1,0,0,2,3,1
337.0,144,0,0,1,5,1,2,2,0,0,0,10,1
337.0,153,1,1,1,8,2,3,2,1,1,0,3,1
337.0,166,1,1,1,3,0,1,1,0,0,0,1,1
338.0,6,2,3,1,7,10,4,1,0,1,0,4,1
338.0,33,0,0,1,5,46,1,1,0,0,2,3,1
338.0,36,0,0,1,14,20,2,7,1,2,0,3,1
338.0,42,8,5,1,4,1,1,1,0,0,0,1,1
338.0,51,1,1,1,5,3,0,3,0,0,0,1,1
338.0,76,3,1,1,10,62,0,1,1,1,5,3,1
338.0,103,0,0,1,6,40,0,0,1,1,0,3,1
339.0,32,2,2,1,9,13,3,3,0,1,1,3,1
339.0,43,1,1,1,41,2,20,18,0,1,1,3,1
339.0,74,4,2,1,7,0,4,2,0,0,0,10,1
339.0,96,0,0,1,14,10,7,2,1,0,2,3,1
339.0,108,0,0,1,4,4,1,1,0,0,0,1,1
339.0,118,3,2,1,4,0,1,1,0,0,0,1,1
339.0,144,0,0,1,4,6,1,0,0,1,1,3,1
339.0,177,0,0,1,9,15,0,3,1,3,1,3,1
340.0,20,1,1,1,9,16,0,1,2,3,0,3,1
340.0,27,1,1,1,3,1,1,0,0,0,0,1,1
340.0,43,0,0,1,14,16,4,7,0,0,2,3,1
340.0,60,0,0,1,4,26,0,1,0,1,1,3,1
340.0,123,0,0,1,3,1,1,0,0,1,0,4,1
340.0,156,0,0,1,6,3,2,1,1,1,0,3,1
340.0,169,0,0,1,3,13,0,1,0,1,0,3,1
341.0,47,1,1,1,5,7,0,1,0,1,1,3,1
341.0,56,3,1,1,6,40,1,0,2,1,1,3,1
341.0,70,1,0,1,8,21,1,2,0,1,1,3,1
341.0,75,0,0,1,5,2,1,1,0,1,1,4,1
341.0,112,0,0,1,3,10,0,1,0,1,0,3,1
341.0,136,4,2,1,5,5,3,0,0,0,0,4,1
342.0,21,0,0,1,7,17,2,0,2,1,1,3,1
342.0,43,0,0,1,7,10,1,1,0,1,1,3,1
342.0,54,0,0,1,3,14,0,1,0,1,0,3,1
342.0,70,1,1,1,3,20,0,0,0,1,0,5,1
342.0,126,0,0,1,4,0,0,1,0,0,0,4,1
342.0,153,0,0,1,5,9,1,0,0,0,3,3,1
343.0,29,1,1,1,12,13,4,1,3,1,1,3,1
343.0,59,0,0,1,9,9,2,1,2,2,0,3,1
343.0,66,1,1,1,4,0,2,0,0,0,0,1,1
343.0,91,0,0,1,3,1,1,0,0,0,0,1,1
343.0,92,0,0,1,4,2,1,1,0,1,0,4,1
343.0,94,2,1,1,10,11,7,2,0,0,0,4,1
343.0,120,1,1,1,7,3,1,3,1,1,0,3,1
343.0,142,1,1,1,3,2,2,0,0,0,0,10,1
343.0,153,2,1,1,8,4,5,1,0,0,0,4,1
343.0,160,1,1,1,5,1,1,2,0,1,0,4,1
344.0,16,0,0,1,5,4,0,1,0,1,1,3,1
344.0,73,0,0,1,4,25,1,0,1,0,0,3,1
344.0,78,3,3,1,5,2,1,2,0,1,0,3,1
344.0,107,1,0,1,3,5,1,0,0,0,0,1,1
344.0,143,0,0,1,4,4,1,0,1,0,1,3,1
344.0,163,0,0,1,4,4,0,3,0,0,0,4,1
344.0,172,0,0,1,37,14,17,18,1,0,0,4,1
344.0,174,0,0,1,5,5,1,1,0,2,0,4,1
344.0,189,1,1,1,4,1,3,0,0,0,0,10,1
345.0,68,2,2,1,18,0,9,8,0,0,0,1,1
345.0,145,3,3,1,3,7,1,0,0,0,1,4,1
345.0,161,1,1,1,6,5,2,0,1,1,0,4,1
346.0,4,1,1,1,3,4,1,0,0,0,0,1,1
346.0,34,0,0,1,6,8,1,1,0,1,2,4,1
346.0,49,0,0,1,2,0,1,0,0,0,0,1,1
346.0,71,1,1,1,5,4,2,2,0,0,0,4,1
346.0,87,2,2,1,14,3,9,4,0,0,0,3,1
346.0,92,4,1,1,8,4,4,3,0,0,0,10,1
346.0,114,1,1,1,5,21,1,1,1,1,0,3,1
346.0,122,2,1,1,5,8,1,0,1,1,0,3,1
346.0,174,0,0,1,7,26,3,0,1,1,1,3,1
347.0,25,0,0,1,6,11,2,0,0,1,2,3,1
347.0,41,0,0,1,5,21,0,1,0,2,1,3,1
347.0,67,3,2,1,10,17,2,2,2,2,1,3,1
347.0,79,0,0,1,23,8,10,9,0,1,2,3,1
347.0,98,4,3,1,3,0,2,0,0,0,0,1,1
347.0,119,2,2,1,3,1,2,0,0,0,0,1,1
347.0,188,0,0,1,7,4,2,2,0,1,1,3,1
348.0,6,0,0,1,5,1,2,2,0,0,0,10,1
348.0,52,3,1,1,7,13,1,2,0,1,1,4,1
348.0,55,4,0,1,14,15,5,4,1,0,1,3,1
348.0,91,0,0,1,5,52,1,0,1,1,1,3,1
348.0,144,2,2,1,8,10,3,2,0,1,1,3,1
348.0,175,1,1,1,4,3,2,0,0,0,1,4,1
349.0,49,0,0,1,3,3,2,0,0,0,0,10,1
349.0,72,2,2,1,3,0,1,0,0,0,0,1,1
350.0,-1,1,1,1,5,13,2,1,0,0,1,3,1
350.0,34,0,0,1,16,1,9,6,0,0,0,10,1
350.0,74,0,0,1,19,7,9,7,0,2,0,3,1
350.0,112,0,0,1,6,4,1,1,1,1,0,4,1
350.0,157,0,0,1,6,7,3,1,0,0,1,4,1
350.0,161,2,2,1,4,4,1,0,0,1,1,3,1
350.0,189,0,0,1,4,21,1,0,1,1,0,3,1
351.0,22,0,0,1,4,2,2,1,0,0,0,10,1
351.0,75,2,1,1,3,4,0,1,0,1,0,4,1
351.0,111,1,1,1,3,0,1,1,0,0,0,1,1
351.0,142,2,2,1,4,3,2,0,0,1,0,4,1
351.0,153,0,0,1,5,5,0,2,1,1,0,4,1
351.0,162,0,0,1,6,14,1,0,1,1,0,4,1
351.0,174,1,1,1,4,0,0,1,0,1,0,4,1
351.0,181,0,0,1,29,7,16,9,1,1,1,3,1
352.0,14,0,0,1,4,2,1,1,0,0,0,1,1
352.0,21,1,1,1,6,22,1,1,1,0,2,3,1
352.0,68,1,1,1,7,1,3,1,0,1,0,4,1
352.0,90,0,0,1,6,14,0,2,0,2,1,4,1
352.0,105,0,0,1,19,1,9,9,0,0,0,4,1
353.0,0,0,0,1,17,6,9,6,0,1,0,4,1
353.0,60,2,2,1,6,6,2,0,2,1,0,3,1
353.0,98,0,0,1,25,3,11,12,0,0,1,3,1
353.0,134,4,2,1,3,3,1,0,1,0,0,4,1
354.0,17,0,0,1,6,6,1,2,0,1,1,4,1
354.0,18,0,0,1,6,8,0,2,0,2,1,3,1
354.0,63,1,1,1,6,5,3,0,0,0,0,4,1
354.0,84,1,1,1,7,8,0,3,0,1,1,3,1
354.0,86,0,0,1,4,7,2,0,0,0,1,4,1
354.0,87,1,0,1,5,14,3,1,0,0,0,3,1
354.0,118,0,0,1,3,3,1,0,0,0,1,3,1
354.0,126,0,0,1,5,11,0,1,1,2,0,3,1
354.0,178,1,1,1,5,4,1,2,0,1,0,3,1
355.0,5,1,1,1,5,14,2,0,1,0,1,3,1
355.0,16,0,0,1,4,12,1,1,0,1,0,4,1
355.0,20,0,0,1,6,11,2,2,0,0,1,3,1
355.0,47,0,0,1,4,6,1,1,0,0,1,4,1
355.0,62,0,0,1,4,3,2,1,0,0,0,10,1
355.0,99,2,2,1,4,15,1,0,2,0,0,3,1
355.0,102,3,1,1,6,4,2,1,1,1,0,4,1
355.0,108,1,1,1,5,8,2,0,1,1,0,3,1
355.0,110,1,1,1,13,0,8,4,0,0,0,1,1
355.0,147,1,1,1,4,2,1,0,0,1,0,4,1
355.0,181,2,2,1,6,15,0,1,0,1,1,3,1
356.0,22,1,1,1,11,8,3,1,2,2,1,3,1
356.0,28,2,2,1,4,1,1,1,0,1,0,4,1
356.0,68,2,2,1,3,3,1,1,0,0,0,1,1
356.0,119,0,0,1,8,7,2,4,0,1,0,4,1
356.0,179,2,2,1,5,0,3,1,0,0,0,4,1
357.0,25,0,0,1,6,8,1,1,0,1,1,4,1
357.0,30,0,0,1,6,25,1,0,1,2,0,3,1
357.0,30,1,1,1,7,11,1,2,1,2,0,3,1
357.0,81,0,0,1,4,19,1,1,0,1,0,3,1
357.0,108,1,1,1,7,10,2,1,1,0,1,3,1
357.0,118,1,1,1,5,4,2,1,0,1,0,3,1
357.0,120,0,0,1,6,0,2,3,0,0,0,4,1
357.0,133,3,3,1,4,4,2,0,0,0,1,4,1
357.0,144,0,0,1,7,6,0,2,1,2,1,3,1
358.0,43,0,0,1,3,11,0,1,1,0,0,3,1
358.0,70,0,0,1,8,10,3,1,1,1,0,4,1
358.0,76,2,1,1,5,33,0,0,0,2,0,3,1
358.0,123,0,0,1,4,9,1,0,0,1,1,3,1
358.0,171,0,0,1,4,8,1,0,0,0,2,3,1
358.0,176,2,2,1,3,8,0,1,0,1,0,3,1
359.0,1,1,1,1,4,3,1,0,0,1,1,3,1
359.0,10,0,0,1,20,11,8,10,0,1,0,4,1
359.0,12,0,0,1,20,3,9,10,0,0,0,10,1
359.0,16,1,1,1,6,9,1,2,0,0,2,3,1
359.0,129,0,0,1,6,18,0,1,1,1,2,3,1
359.0,146,0,0,1,6,21,2,1,0,0,2,3,1
360.0,31,0,0,1,12,9,5,4,0,1,0,4,1
360.0,32,2,3,1,9,3,5,1,1,1,0,3,1
360.0,37,1,1,1,15,7,9,4,1,0,0,3,1
360.0,44,0,0,1,3,9,1,0,0,0,1,3,1
360.0,74,1,1,1,2,2,1,0,0,0,0,1,1
360.0,108,0,0,1,6,8,2,1,0,0,2,3,1
360.0,125,0,0,1,5,30,2,0,0,0,2,3,1
361.0,36,0,0,1,3,14,0,1,0,1,0,4,1
361.0,62,1,1,1,9,25,3,1,2,1,1,3,1
361.0,70,0,0,1,4,3,2,0,0,0,1,4,1
361.0,80,3,2,1,19,3,7,10,0,1,0,3,1
361.0,90,0,0,1,10,5,5,4,0,0,0,1,1
361.0,140,0,0,1,24,1,14,8,0,0,1,4,1
361.0,154,0,0,1,5,11,0,2,0,1,1,3,1
361.0,176,1,1,1,4,2,2,0,0,0,1,4,1
362.0,0,0,0,1,4,3,2,0,0,1,0,4,1
362.0,69,0,0,1,11,6,3,5,0,1,1,4,1
362.0,76,0,0,1,8,28,1,0,1,2,2,3,1
362.0,108,0,0,1,7,13,1,2,0,1,0,3,1
362.0,141,1,1,1,3,9,1,0,1,0,0,4,1
362.0,179,3,2,1,12,16,3,4,1,2,1,3,1
362.0,192,2,2,1,3,1,1,0,0,0,0,1,1
363.0,29,1,1,1,5,3,2,1,0,1,0,4,1
363.0,99,1,1,1,5,1,2,0,1,0,1,4,1
363.0,100,1,1,1,5,14,1,0,0,0,2,3,1
363.0,179,0,0,1,3,0,1,0,0,0,0,1,1
363.0,190,1,1,1,3,1,1,1,0,0,0,10,1
364.0,59,2,2,1,7,10,0,3,0,1,2,4,1
364.0,135,0,0,1,3,6,1,1,0,0,0,1,1
364.0,141,1,1,1,5,20,1,1,0,0,2,3,1
365.0,25,2,2,1,3,1,1,0,0,0,0,1,1
365.0,29,3,3,1,8,7,2,2,0,0,3,3,1
365.0,109,0,0,1,4,18,1,0,0,1,1,3,1
365.0,134,0,0,1,3,3,1,0,0,0,1,4,1
365.0,169,0,0,1,15,35,9,2,1,0,1,3,1
365.0,171,1,0,1,5,6,4,0,0,0,0,10,1
365.0,172,0,0,1,9,52,1,2,1,2,2,3,1
365.0,175,2,1,1,6,1,4,1,0,0,0,10,1
366.0,16,2,1,1,6,13,2,1,0,1,1,3,1
366.0,18,0,0,1,6,43,0,1,1,1,2,3,1
366.0,49,0,0,1,6,19,1,1,1,1,1,3,1
366.0,64,2,2,1,4,2,2,1,0,0,0,4,1
366.0,106,2,1,1,6,9,3,0,0,0,1,3,1
366.0,114,0,0,1,7,12,1,3,0,1,1,3,1
366.0,184,1,1,1,5,5,1,0,1,1,0,3,1
367.0,34,1,1,1,5,19,2,0,1,0,1,3,1
367.0,75,0,0,1,3,2,0,0,0,1,0,5,1
367.0,87,0,0,1,15,28,5,3,3,2,1,3,1
367.0,91,1,1,1,7,1,3,1,2,0,0,3,1
367.0,129,0,0,1,6,4,3,0,1,1,0,3,1
367.0,134,0,0,1,14,1,7,5,0,0,0,1,1
367.0,137,0,0,1,3,8,0,0,0,0,0,1,1
367.0,185,0,0,1,11,10,4,1,2,1,2,3,1
368.0,11,0,0,1,5,3,1,1,0,1,1,4,1
368.0,152,0,0,1,7,1,2,3,0,0,0,1,1
368.0,177,0,0,1,3,14,0,0,0,0,0,3,1
369.0,31,0,0,1,10,1,7,1,0,0,0,1,1
369.0,47,0,0,1,8,12,1,2,2,2,0,3,1
369.0,107,0,0,1,2,0,1,0,0,0,0,1,1
370.0,30,0,0,1,6,2,3,1,0,1,0,3,1
370.0,62,1,1,1,5,1,1,1,0,1,0,1,1
370.0,95,0,0,1,5,14,0,2,0,1,1,3,1
370.0,121,1,1,1,4,0,2,1,0,0,0,10,1
370.0,128,0,0,1,4,22,0,1,1,1,0,3,1
370.0,167,0,0,1,10,2,8,1,0,0,0,4,1
371.0,6,0,0,1,8,24,2,1,1,1,2,3,1
371.0,29,0,0,1,8,6,3,2,0,1,1,3,1
371.0,51,0,0,1,3,4,1,0,0,1,0,3,1
371.0,77,0,0,1,4,2,0,3,0,0,0,4,1
371.0,123,1,1,1,3,7,1,0,0,1,0,3,1
371.0,146,0,0,1,23,5,12,9,0,0,1,4,1
372.0,11,1,1,1,6,7,3,0,1,1,0,4,1
372.0,33,0,0,1,3,6,1,0,0,1,0,4,1
372.0,43,0,0,1,5,2,3,0,0,0,0,4,1
372.0,80,0,0,1,11,7,5,4,0,1,0,4,1
372.0,81,1,2,1,4,3,1,1,0,1,0,4,1
372.0,108,0,0,1,7,3,4,1,0,0,1,3,1
372.0,143,0,0,1,8,5,2,1,0,1,2,3,1
372.0,153,2,2,1,4,15,1,0,0,1,1,3,1
373.0,11,0,0,1,5,9,2,1,0,0,1,4,1
373.0,16,0,0,1,11,46,2,1,2,0,2,3,1
373.0,48,0,0,1,6,3,1,1,0,1,1,3,1
373.0,98,0,0,1,7,36,0,0,1,2,1,3,1
373.0,129,0,0,1,5,4,2,0,1,0,1,4,1
373.0,131,0,0,1,14,2,7,5,1,0,0,3,1
373.0,171,0,0,1,5,22,0,2,0,2,0,3,1
373.0,190,0,0,1,15,3,8,5,0,0,1,4,1
374.0,18,1,1,1,2,1,1,0,0,0,0,1,1
374.0,65,2,2,1,5,6,1,0,0,1,1,3,1
374.0,74,0,0,1,10,14,3,0,3,2,1,3,1
374.0,87,2,0,1,6,40,2,0,1,1,0,3,1
374.0,101,0,0,1,5,3,1,1,1,1,0,4,1
374.0,102,0,0,1,8,4,2,3,0,1,1,4,1
374.0,133,3,2,1,5,1,3,0,1,0,0,4,1
374.0,135,0,0,1,6,1,3,1,0,0,1,3,1
374.0,185,0,0,1,12,3,5,5,0,1,0,4,1
375.0,27,1,1,1,6,1,2,1,0,1,0,4,1
375.0,58,0,0,1,8,6,1,2,1,1,2,3,1
375.0,69,0,0,1,7,7,0,1,2,1,1,3,1
375.0,91,1,1,1,4,2,1,1,0,0,0,1,1
375.0,108,1,1,1,4,2,3,0,0,0,0,4,1
375.0,193,0,0,1,9,6,1,3,1,2,1,4,1
376.0,41,0,0,1,4,1,1,1,0,0,0,1,1
376.0,49,0,0,1,4,2,1,1,0,0,0,1,1
376.0,119,2,1,1,5,27,2,1,0,0,0,3,1
376.0,163,0,0,1,4,6,1,0,0,1,1,3,1
377.0,36,1,1,1,7,8,2,1,1,2,0,4,1
377.0,38,1,0,1,5,5,2,1,0,0,1,4,1
377.0,62,0,0,1,3,2,0,2,0,0,0,10,1
377.0,67,0,0,1,8,14,0,3,1,1,2,3,1
377.0,92,0,0,1,3,6,2,0,0,0,0,1,1
377.0,142,0,0,1,5,18,1,0,2,0,1,3,1
377.0,149,1,1,1,7,50,1,0,2,1,2,3,1
377.0,156,0,0,1,6,11,1,0,1,0,1,3,1
377.0,171,0,0,1,4,2,1,1,0,1,0,4,1
378.0,10,0,0,1,6,2,1,1,0,2,1,3,1
378.0,33,1,1,1,7,13,1,3,0,1,1,3,1
378.0,64,0,0,1,10,15,5,2,0,1,1,3,1
378.0,69,0,0,1,7,3,2,1,1,1,1,3,1
378.0,81,1,0,1,6,2,2,1,1,1,0,4,1
379.0,1,0,0,1,7,4,4,0,1,0,1,3,1
379.0,54,0,0,1,6,10,0,1,1,1,2,3,1
379.0,80,0,0,1,3,2,1,0,0,0,1,4,1
379.0,158,2,2,1,4,1,1,1,0,0,0,1,1
380.0,29,3,4,1,5,3,2,0,1,0,0,4,1
380.0,37,0,0,1,17,6,8,8,0,0,0,4,1
380.0,68,0,0,1,7,27,1,0,2,1,2,3,1
380.0,88,0,0,1,5,3,2,1,0,1,0,3,1
380.0,117,0,0,1,3,4,1,0,0,0,0,1,1
381.0,14,0,0,1,4,1,1,1,0,0,0,1,1
381.0,27,1,1,1,4,0,2,1,0,0,0,10,1
381.0,41,0,0,1,3,6,1,0,0,0,0,1,1
381.0,50,1,1,1,9,9,1,4,0,0,1,3,1
381.0,51,4,2,1,5,10,1,1,0,0,2,3,1
381.0,70,0,0,1,5,4,0,1,0,2,1,3,1
381.0,83,0,0,1,3,2,2,0,0,0,0,10,1
381.0,100,0,0,1,3,1,1,0,0,0,0,1,1
381.0,121,1,1,1,3,6,1,0,0,1,0,3,1
381.0,132,0,0,1,3,1,1,0,0,0,0,1,1
381.0,158,0,0,1,4,11,0,1,0,1,1,3,1
382.0,7,0,0,1,20,15,12,3,3,1,0,3,1
382.0,7,3,3,1,10,8,5,2,0,2,0,3,1
382.0,13,0,0,1,4,1,1,0,0,0,0,4,1
382.0,77,0,0,1,11,13,3,2,2,2,1,3,1
382.0,115,0,0,1,9,8,3,0,3,2,0,3,1
382.0,147,3,3,1,3,4,0,1,0,1,0,4,1
382.0,157,0,0,1,9,0,5,3,0,0,0,4,1
382.0,181,0,0,1,13,17,5,4,1,0,2,3,1
383.0,22,0,0,1,3,2,1,0,0,0,0,1,1
383.0,27,0,0,1,5,27,1,0,0,0,3,3,1
383.0,89,0,0,1,6,8,1,1,1,1,1,3,1
383.0,124,2,2,1,9,3,4,1,0,1,1,3,1
383.0,152,0,0,1,3,10,1,0,0,0,1,3,1
383.0,152,1,2,1,3,7,0,0,0,1,0,5,1
383.0,161,0,0,1,6,22,0,0,1,1,1,3,1
384.0,17,2,2,1,3,2,0,1,0,0,1,4,1
384.0,19,0,0,1,10,3,2,5,1,1,0,3,1
384.0,79,2,1,1,5,11,3,0,0,1,0,4,1
384.0,108,0,0,1,14,12,3,7,0,0,3,3,1
384.0,127,0,0,1,4,17,1,0,0,0,1,3,1
384.0,139,0,0,1,10,8,7,1,0,0,1,4,1
384.0,159,0,0,1,6,21,1,0,1,2,1,3,1
385.0,1,1,1,1,8,4,4,2,0,0,0,1,1
385.0,102,0,0,1,3,4,1,0,0,1,0,4,1
385.0,117,0,0,1,13,0,10,2,0,0,0,10,1
385.0,167,1,0,1,3,2,1,0,0,0,0,1,1
385.0,181,0,0,1,3,2,0,0,0,0,0,1,1
386.0,15,0,0,1,6,5,3,0,0,0,2,3,1
386.0,19,1,1,1,7,3,1,3,0,1,1,3,1
386.0,81,0,0,1,21,3,11,8,0,1,0,4,1
386.0,110,0,0,1,9,25,3,1,1,1,2,3,1
386.0,153,0,0,1,7,9,1,1,2,1,1,3,1
387.0,26,0,0,1,5,3,1,1,0,0,1,4,1
387.0,45,0,0,1,12,2,8,3,0,0,0,4,1
387.0,102,2,2,1,4,1,1,1,0,0,0,1,1
387.0,105,0,0,1,4,4,1,1,0,0,0,1,1
387.0,135,0,0,1,5,5,2,1,0,0,1,4,1
387.0,137,0,0,1,11,4,6,3,0,0,1,4,1
388.0,27,1,1,1,6,5,2,1,0,1,1,3,1
388.0,58,0,0,1,3,3,1,0,0,0,0,1,1
388.0,62,0,0,1,6,18,1,1,0,1,0,3,1
388.0,77,2,2,1,3,5,0,2,0,0,0,10,1
388.0,77,3,3,1,3,5,1,0,0,1,0,3,1
388.0,107,0,0,1,5,2,2,1,0,0,1,4,1
388.0,140,0,0,1,4,11,0,1,0,2,0,3,1
388.0,168,0,0,1,3,0,2,0,0,0,0,10,1
388.0,181,1,1,1,2,1,1,0,0,0,0,1,1
389.0,36,1,1,1,4,1,0,1,0,2,0,3,1
389.0,81,0,0,1,3,1,1,0,0,0,0,1,1
389.0,103,0,0,1,3,4,1,0,0,0,1,3,1
389.0,126,1,1,1,2,1,1,0,0,0,0,1,1
389.0,138,0,0,1,7,3,4,1,0,0,1,3,1
389.0,148,1,1,1,4,8,1,1,0,0,0,1,1
389.0,156,2,2,1,3,2,1,0,0,1,0,4,1
389.0,174,0,0,1,20,2,12,7,0,0,0,1,1
389.0,185,0,0,1,11,22,5,3,0,0,2,3,1
390.0,7,0,0,1,8,45,1,1,1,1,3,3,1
390.0,47,0,0,1,18,20,5,9,1,0,0,3,1
390.0,50,0,0,1,6,5,1,0,1,2,0,3,1
390.0,76,0,0,1,12,2,6,5,0,0,0,10,1
390.0,143,0,0,1,4,2,2,1,0,0,0,10,1
390.0,165,0,0,1,4,12,0,1,1,1,0,3,1
390.0,183,3,1,1,3,0,2,0,0,0,0,10,1
391.0,2,0,0,1,4,6,2,0,0,0,0,1,1
391.0,41,1,1,1,5,8,2,1,0,0,1,3,1
391.0,45,0,0,1,4,0,2,0,0,1,0,4,1
391.0,123,0,0,1,9,6,5,3,0,0,0,4,1
391.0,161,0,0,1,6,21,0,0,0,0,2,3,1
391.0,188,0,0,1,5,8,1,1,0,1,1,3,1
392.0,30,0,0,1,4,1,1,1,0,0,0,1,1
392.0,36,0,0,1,38,0,20,16,0,0,0,1,1
392.0,178,0,0,1,5,10,1,1,1,0,1,3,1
392.0,185,0,0,1,9,31,0,3,2,2,1,3,1
393.0,1,0,0,1,14,21,6,3,1,1,0,3,1
393.0,1,1,1,1,3,0,2,0,0,0,0,10,1
393.0,24,0,0,1,6,19,0,1,1,1,2,3,1
393.0,74,0,0,1,4,8,0,1,0,1,1,3,1
393.0,172,0,0,1,6,9,0,2,0,2,1,3,1
393.0,181,1,1,1,4,23,1,0,0,0,0,3,1
393.0,187,1,1,1,3,4,0,1,0,1,0,3,1
393.0,187,3,0,1,3,3,1,0,0,1,0,3,1
394.0,1,0,0,1,7,6,2,1,0,1,2,3,1
394.0,36,5,6,1,9,2,4,3,0,0,1,4,1
394.0,38,1,1,1,11,16,1,2,2,2,0,3,1
394.0,52,1,1,1,6,4,1,4,0,0,0,4,1
394.0,99,1,1,1,11,2,2,8,0,0,0,1,1
394.0,99,2,2,1,5,1,2,0,1,1,0,3,1
394.0,101,1,1,1,5,19,2,0,1,0,1,4,1
394.0,117,0,0,1,3,0,1,1,0,0,0,10,1
394.0,135,3,3,1,8,11,6,0,0,1,0,3,1
394.0,151,1,1,1,3,2,0,1,0,1,0,3,1
394.0,164,1,0,1,3,3,1,0,0,0,0,1,1
395.0,11,0,0,1,8,6,1,1,2,2,0,3,1
395.0,41,1,1,1,3,6,1,0,0,0,1,4,1
395.0,42,3,3,1,3,0,2,0,0,0,0,10,1
395.0,46,2,1,1,7,8,2,0,1,1,0,3,1
395.0,59,0,0,1,4,4,2,0,0,0,1,4,1
395.0,66,0,0,1,4,9,1,0,0,1,0,4,1
395.0,76,0,0,1,10,14,4,3,1,1,0,3,1
395.0,86,2,2,1,5,2,2,2,0,0,0,10,1
395.0,137,0,0,1,8,19,0,3,1,2,1,3,1
395.0,151,0,0,1,5,35,1,0,1,1,1,3,1
395.0,165,0,0,1,7,21,0,2,1,3,0,3,1
395.0,170,1,0,1,5,5,3,0,0,0,0,4,1
396.0,59,0,0,1,3,5,0,1,0,1,0,4,1
396.0,89,0,0,1,4,11,1,0,0,0,2,4,1
396.0,140,1,1,1,3,0,1,0,0,1,0,4,1
396.0,145,0,0,1,6,4,0,3,0,1,1,3,1
396.0,170,0,0,1,4,8,0,1,1,1,0,3,1
396.0,191,1,0,1,5,13,1,0,0,1,2,3,1
397.0,49,0,0,1,5,2,2,1,0,0,1,4,1
397.0,62,1,1,1,10,10,2,2,1,2,0,3,1
397.0,80,0,0,1,6,1,0,2,0,1,1,3,1
397.0,80,1,1,1,3,1,1,0,0,0,0,1,1
397.0,136,1,1,1,4,10,1,0,0,0,2,3,1
397.0,142,3,3,1,4,5,0,2,0,1,0,4,1
397.0,174,0,0,1,9,13,1,3,0,2,2,3,1
397.0,178,0,0,1,3,3,0,1,0,1,0,3,1
398.0,95,2,1,1,15,2,8,6,0,0,0,10,1
398.0,170,0,0,1,5,7,1,1,1,1,0,3,1
398.0,185,0,0,1,5,8,2,1,1,0,0,4,1
399.0,49,2,1,1,3,9,1,0,0,1,0,4,1
399.0,93,2,2,1,14,30,8,2,1,1,0,3,1
399.0,96,0,0,1,7,35,0,1,0,0,5,3,1
399.0,121,0,0,1,5,3,2,1,0,0,1,4,1
399.0,123,0,0,1,11,3,6,1,2,1,0,3,1
399.0,144,0,0,1,4,2,0,1,0,1,1,3,1
399.0,188,0,0,1,3,14,0,1,0,1,0,4,1
400.0,27,0,0,1,4,1,1,0,0,1,0,4,1
400.0,56,0,0,1,3,3,1,0,0,1,0,4,1
400.0,75,0,0,1,5,7,1,1,0,1,0,1,1
400.0,106,0,0,1,4,7,1,1,0,1,0,4,1
400.0,106,1,1,1,9,5,3,4,0,0,1,3,1
400.0,118,0,0,1,8,6,3,1,1,1,1,4,1
400.0,122,0,0,1,10,7,4,5,0,0,0,4,1
400.0,124,0,0,1,3,1,1,0,0,1,0,3,1
400.0,129,1,1,1,6,0,5,0,0,0,0,10,1
400.0,131,0,0,1,8,1,5,2,0,0,0,10,1
400.0,148,0,0,1,3,4,1,0,0,0,0,1,1
400.0,157,0,0,1,10,8,3,1,2,1,2,4,1
400.0,174,0,0,1,3,0,0,1,0,1,0,4,1
401.0,18,1,1,1,4,2,0,1,0,1,0,3,1
401.0,31,0,0,1,3,0,0,1,0,1,0,4,1
401.0,50,0,0,1,3,2,2,0,0,0,0,1,1
401.0,77,0,0,1,5,2,1,2,0,1,0,4,1
401.0,114,0,0,1,4,4,1,0,0,1,0,3,1
401.0,121,1,1,1,4,1,2,1,0,0,0,10,1
402.0,12,1,1,1,3,2,1,0,0,0,0,1,1
402.0,33,0,0,1,3,11,0,0,0,0,0,1,1
402.0,46,1,1,1,4,1,1,0,1,1,0,3,1
402.0,58,0,0,1,4,4,2,1,0,0,0,10,1
402.0,88,0,0,1,6,10,1,0,1,2,1,3,1
402.0,103,0,0,1,12,59,2,2,1,2,1,3,1
402.0,122,0,0,1,4,10,1,0,1,0,1,3,1
402.0,125,6,2,1,6,8,2,1,0,0,2,3,1
402.0,151,1,1,1,8,6,1,3,0,1,2,3,1
402.0,174,0,0,1,4,10,1,1,0,1,0,4,1
402.0,180,0,0,1,5,12,1,0,0,1,1,3,1
403.0,23,0,0,1,4,1,1,1,0,1,0,4,1
403.0,65,0,0,1,6,2,1,2,1,1,0,4,1
403.0,69,0,0,1,6,3,0,3,0,1,1,4,1
403.0,73,3,1,1,4,3,2,1,0,0,0,10,1
403.0,77,0,0,1,3,1,1,0,0,0,0,1,1
403.0,172,1,1,1,7,7,2,1,1,2,0,3,1
404.0,18,0,0,1,3,8,0,1,0,1,0,4,1
404.0,23,0,0,1,4,1,2,1,0,0,0,10,1
404.0,69,2,2,1,4,1,2,1,0,0,0,10,1
404.0,103,3,3,1,3,8,0,0,0,0,0,1,1
404.0,154,0,0,1,11,11,5,3,1,1,0,3,1
405.0,50,0,0,1,9,15,1,2,1,3,1,3,1
405.0,72,2,2,1,3,0,1,0,0,0,0,1,1
405.0,98,0,0,1,4,6,2,0,0,0,1,4,1
405.0,126,3,2,1,5,1,2,1,0,1,0,4,1
405.0,139,2,1,1,4,7,0,2,0,1,0,4,1
405.0,152,0,0,1,9,9,2,1,2,3,0,3,1
405.0,164,0,0,1,7,28,1,0,2,1,2,3,1
405.0,182,0,0,1,5,7,1,2,0,1,0,4,1
405.0,182,1,1,1,7,5,5,0,0,0,1,4,1
405.0,184,1,2,1,5,0,3,1,0,0,0,4,1
406.0,0,0,0,1,3,11,1,0,0,1,0,3,1
406.0,1,0,0,1,22,7,15,6,0,0,0,10,1
406.0,13,0,0,1,3,3,1,0,0,0,1,4,1
406.0,15,0,0,1,4,4,1,0,1,1,0,3,1
406.0,59,0,0,1,8,8,3,2,0,1,0,3,1
406.0,94,2,2,1,5,3,1,2,0,1,0,4,1
406.0,101,0,0,1,9,8,4,3,0,0,1,3,1
406.0,149,3,3,1,3,2,1,0,1,0,0,3,1
406.0,164,0,0,1,5,1,2,2,0,0,0,10,1
406.0,175,0,0,1,12,7,9,2,0,0,0,3,1
406.0,189,1,2,1,3,2,2,0,0,0,0,10,1
407.0,0,0,0,1,9,7,7,0,0,0,1,3,1
407.0,11,0,0,1,8,0,1,1,1,2,1,3,1
407.0,62,1,1,1,4,4,2,1,0,0,0,10,1
407.0,66,0,0,1,4,7,0,1,0,1,1,3,1
407.0,69,2,2,1,3,8,0,0,0,0,0,3,1
407.0,84,1,1,1,4,12,0,1,0,2,0,3,1
407.0,95,0,0,1,4,17,0,0,0,1,0,3,1
407.0,102,1,1,1,3,0,1,0,0,0,0,1,1
407.0,138,0,0,1,4,3,2,1,0,0,0,10,1
408.0,0,0,0,1,13,10,6,5,0,1,0,3,1
408.0,47,1,1,1,6,3,3,2,0,0,0,10,1
408.0,65,2,1,1,7,26,1,2,0,0,3,4,1
408.0,75,1,1,1,3,19,0,0,0,0,0,3,1
408.0,119,0,0,1,4,2,1,1,0,1,0,4,1
408.0,157,0,0,1,17,31,4,7,1,0,3,3,1
408.0,161,1,1,1,6,7,2,0,1,0,2,3,1
409.0,0,0,0,1,4,2,2,0,0,1,0,4,1
409.0,16,2,2,1,4,1,2,1,0,0,0,10,1
409.0,17,5,5,1,3,1,1,0,0,0,0,1,1
409.0,53,0,0,1,15,11,6,4,0,1,3,3,1
409.0,55,0,0,1,8,8,2,1,2,2,0,3,1
409.0,146,1,0,1,6,19,1,1,1,1,1,3,1
409.0,149,0,0,1,13,12,6,1,1,1,3,3,1
410.0,20,0,0,1,9,13,0,2,1,3,2,3,1
410.0,20,1,2,1,3,5,1,0,0,0,1,3,1
410.0,23,0,0,1,5,26,0,2,1,1,0,3,1
410.0,61,0,0,1,4,0,1,1,0,0,0,1,1
410.0,150,1,1,1,2,3,1,0,0,0,0,1,1
410.0,165,0,0,1,8,3,5,2,0,0,0,10,1
411.0,31,0,0,1,6,12,1,2,0,1,1,4,1
411.0,55,0,0,1,5,4,1,2,0,0,1,3,1
411.0,85,1,2,1,5,2,2,0,0,0,1,4,1
411.0,85,2,3,1,4,8,2,0,0,0,1,3,1
411.0,184,0,0,1,4,3,1,0,0,1,1,3,1
411.0,184,3,3,1,5,1,3,1,0,0,0,4,1
412.0,1,1,1,1,4,8,1,2,0,0,0,10,1
412.0,37,0,0,1,4,3,1,1,1,0,0,4,1
412.0,45,1,1,1,5,4,1,1,1,1,0,3,1
412.0,116,0,0,1,4,19,2,0,0,1,0,3,1
412.0,120,1,1,1,3,0,1,0,0,0,0,1,1
412.0,160,2,2,1,10,1,8,0,1,0,0,3,1
413.0,80,1,0,1,4,16,1,1,0,1,0,4,1
413.0,86,0,0,1,2,2,1,0,0,0,0,1,1
413.0,87,0,0,1,3,2,1,0,0,0,0,1,1
413.0,92,0,0,1,6,3,2,1,0,1,1,3,1
413.0,128,0,0,1,5,5,2,1,0,0,1,4,1
413.0,149,0,0,1,17,16,5,5,2,1,2,3,1
413.0,156,1,1,1,9,7,1,2,1,3,1,3,1
413.0,170,2,2,1,5,6,2,1,0,1,0,4,1
414.0,15,0,0,1,11,14,5,2,0,1,1,3,1
414.0,23,2,2,1,4,2,3,0,0,0,0,4,1
414.0,32,2,1,1,4,5,1,0,1,1,0,3,1
414.0,34,0,0,1,4,6,1,0,1,1,0,3,1
414.0,68,0,0,1,5,1,3,1,0,0,0,4,1
414.0,109,0,0,1,4,2,1,1,0,0,0,1,1
414.0,110,2,1,1,5,13,1,1,1,1,0,3,1
414.0,143,1,1,1,6,4,3,1,0,0,0,4,1
414.0,154,0,0,1,5,3,1,0,0,1,1,3,1
414.0,167,0,0,1,3,2,1,0,0,1,0,4,1
415.0,1,0,0,1,3,3,0,0,0,1,0,5,1
415.0,10,2,0,1,8,4,4,3,0,0,0,4,1
415.0,30,2,2,1,5,3,2,0,1,1,0,4,1
415.0,32,3,1,1,6,32,1,0,1,2,1,3,1
415.0,80,1,1,1,6,4,1,1,1,1,0,3,1
415.0,113,0,0,1,8,3,1,4,0,1,0,3,1
415.0,157,0,0,1,18,25,4,7,1,1,2,3,1
415.0,182,0,0,1,4,5,2,0,1,0,0,4,1
416.0,32,2,2,1,11,5,3,5,1,0,1,4,1
416.0,79,0,0,1,5,8,1,1,1,1,0,4,1
416.0,92,0,0,1,14,11,1,12,0,0,0,3,1
416.0,138,0,0,1,8,17,2,0,2,1,1,3,1
416.0,154,1,1,1,6,8,0,2,0,2,1,3,1
417.0,60,0,0,1,5,6,0,2,0,2,0,3,1
417.0,98,0,0,1,4,4,1,1,0,0,0,1,1
417.0,139,0,0,1,4,4,3,0,0,0,0,4,1
418.0,2,0,0,1,4,0,1,1,0,0,0,1,1
418.0,5,1,1,1,6,5,2,1,1,1,0,4,1
418.0,25,0,0,1,4,6,1,1,0,1,0,4,1
418.0,51,0,0,1,16,5,9,5,1,0,0,4,1
418.0,57,2,2,1,6,12,0,1,1,0,1,3,1
418.0,70,0,0,1,3,6,1,0,1,0,0,3,1
418.0,134,2,1,1,4,3,2,1,0,0,0,10,1
418.0,164,0,0,1,4,28,1,0,0,1,1,3,1
419.0,1,2,4,1,3,1,1,0,0,0,0,1,1
419.0,20,1,1,1,5,1,1,1,0,1,1,3,1
419.0,131,0,0,1,6,3,0,3,0,0,1,4,1
420.0,31,5,3,1,8,1,3,4,0,0,0,10,1
420.0,40,0,0,1,10,10,0,3,2,3,1,3,1
420.0,56,0,0,1,7,12,1,2,1,1,1,3,1
420.0,71,3,3,1,3,6,0,1,0,0,1,4,1
420.0,121,0,0,1,7,7,2,1,1,1,1,3,1
420.0,129,5,2,1,5,2,1,2,0,1,0,3,1
420.0,138,1,1,1,9,2,6,2,0,0,0,4,1
420.0,167,0,0,1,4,2,1,0,0,0,1,4,1
421.0,7,2,2,1,4,2,1,0,1,1,0,3,1
421.0,63,1,1,1,3,4,1,0,0,0,1,3,1
421.0,74,0,0,1,4,2,1,1,0,1,0,4,1
421.0,82,0,0,1,4,3,1,1,0,1,0,4,1
421.0,87,2,2,1,4,6,0,1,0,1,1,4,1
421.0,138,3,0,1,2,6,0,0,0,0,0,1,1
422.0,22,0,0,1,4,10,0,1,0,0,0,4,1
422.0,31,1,1,1,5,2,3,1,0,0,0,4,1
422.0,36,0,0,1,4,3,2,0,0,1,0,4,1
422.0,52,2,2,1,3,1,0,1,0,0,0,1,1
422.0,100,1,1,1,4,5,1,0,0,0,2,3,1
422.0,102,1,1,1,8,1,6,0,0,0,0,1,1
422.0,108,1,1,1,3,2,0,0,0,0,0,1,1
422.0,123,0,0,1,3,5,1,0,0,1,0,4,1
422.0,173,0,0,1,5,16,2,0,0,0,2,3,1
423.0,3,0,0,1,10,29,4,3,0,0,2,3,1
423.0,29,0,0,1,3,12,0,1,1,0,0,4,1
423.0,80,0,0,1,3,12,1,0,0,1,0,3,1
423.0,88,0,0,1,3,14,0,0,0,0,0,3,1
423.0,88,1,1,1,4,2,1,1,0,0,1,4,1
423.0,116,4,2,1,5,10,2,1,0,0,1,3,1
423.0,129,0,0,1,3,2,1,0,0,1,0,4,1
423.0,141,0,0,1,6,7,1,2,0,0,1,4,1
423.0,143,0,0,1,3,14,1,0,0,0,1,3,1
423.0,160,0,0,1,5,15,1,1,0,2,0,3,1
423.0,164,0,0,1,4,1,1,1,0,1,0,4,1
423.0,173,0,0,1,7,27,1,1,0,0,4,3,1
424.0,17,0,0,1,3,19,0,1,0,1,0,3,1
424.0,29,3,2,1,35,44,13,16,1,1,1,3,1
424.0,34,1,1,1,6,0,1,3,0,1,0,4,1
424.0,52,4,2,1,6,14,0,3,0,1,1,3,1
424.0,71,1,1,1,5,6,1,1,0,0,2,3,1
424.0,102,1,1,1,3,10,0,0,0,0,0,4,1
424.0,145,2,1,1,27,6,13,11,0,0,0,4,1
424.0,151,0,0,1,10,2,7,1,0,0,0,1,1
424.0,173,0,0,1,17,2,10,5,0,1,0,4,1
424.0,186,1,1,1,4,13,0,1,1,0,1,3,1
425.0,64,1,1,1,2,0,1,0,0,0,0,1,1
425.0,71,0,0,1,6,17,1,0,1,1,1,3,1
425.0,118,0,0,1,39,7,17,18,1,2,0,3,1
425.0,123,1,0,1,5,24,1,0,1,0,0,3,1
425.0,158,1,1,1,3,3,0,0,0,0,0,1,1
425.0,158,2,2,1,4,2,2,0,0,0,1,3,1
426.0,12,2,2,1,3,0,1,0,0,0,0,1,1
426.0,17,0,0,1,3,5,1,0,0,0,0,1,1
426.0,44,0,0,1,8,20,0,2,0,1,3,3,1
426.0,80,2,2,1,12,1,5,6,0,0,0,10,1
426.0,111,0,0,1,12,18,7,0,2,2,0,3,1
426.0,112,1,1,1,3,2,1,0,0,0,0,1,1
426.0,126,0,0,1,5,11,2,1,1,0,0,3,1
426.0,130,0,0,1,5,1,2,2,0,0,0,10,1
426.0,133,3,3,1,9,5,2,1,2,3,0,3,1
426.0,141,0,0,1,2,4,1,0,0,0,0,1,1
426.0,147,1,1,1,6,9,1,0,1,2,0,3,1
427.0,1,2,2,1,8,13,2,2,0,0,1,3,1
427.0,15,0,0,1,14,31,5,3,2,2,1,3,1
427.0,23,1,1,1,3,5,1,0,0,0,0,1,1
427.0,60,3,2,1,5,15,0,2,0,1,1,3,1
427.0,82,0,0,1,2,0,0,1,0,0,0,1,1
427.0,83,2,2,1,3,2,1,0,0,1,0,4,1
427.0,98,0,0,1,5,5,1,1,1,0,1,3,1
427.0,123,0,0,1,2,3,0,1,0,0,0,1,1
427.0,127,0,0,1,8,10,1,3,0,1,2,3,1
427.0,144,0,0,1,4,0,1,1,0,0,0,1,1
427.0,145,0,0,1,6,52,1,0,0,0,2,3,1
427.0,184,2,2,1,9,5,3,4,0,1,0,3,1
428.0,9,0,0,1,7,9,3,1,1,1,0,3,1
428.0,56,1,1,1,5,15,2,0,0,1,1,3,1
428.0,111,0,0,1,3,4,0,1,0,0,1,4,1
428.0,169,5,2,1,3,2,1,0,0,0,0,1,1
429.0,16,3,3,1,4,14,0,0,0,0,1,3,1
429.0,52,0,0,1,14,17,5,7,0,1,0,3,1
429.0,142,0,0,1,12,16,5,2,1,2,1,3,1
430.0,14,0,0,1,5,2,2,1,0,0,1,4,1
430.0,119,2,1,1,6,13,1,0,2,2,0,3,1
430.0,145,0,0,1,5,18,1,0,0,0,3,3,1
430.0,180,0,0,1,5,2,2,1,0,1,0,4,1
430.0,190,0,0,1,6,4,1,2,1,1,0,4,1
431.0,17,0,0,1,3,2,0,2,0,0,0,10,1
431.0,39,0,0,1,5,9,1,0,0,0,3,4,1
431.0,43,0,0,1,6,6,1,1,0,2,1,3,1
431.0,64,0,0,1,3,0,1,0,0,0,0,1,1
431.0,72,0,0,1,19,20,5,8,1,4,0,3,1
431.0,85,1,1,1,8,5,0,2,1,3,1,3,1
431.0,102,1,1,1,29,9,12,14,0,1,0,4,1
431.0,111,0,0,1,6,4,2,0,1,1,0,4,1
431.0,120,0,0,1,10,7,5,2,0,0,1,4,1
431.0,125,0,0,1,3,4,1,0,1,0,0,4,1
431.0,159,1,1,1,6,2,4,0,0,0,1,4,1
432.0,1,1,1,1,5,2,2,0,1,0,1,3,1
432.0,33,0,0,1,8,10,2,0,1,0,2,3,1
432.0,38,0,0,1,5,23,0,1,1,2,0,3,1
432.0,45,0,0,1,3,2,0,2,0,0,0,10,1
432.0,90,1,0,1,3,4,2,0,0,0,0,10,1
432.0,94,1,1,1,6,1,1,1,1,1,0,3,1
432.0,106,4,3,1,2,1,1,0,0,0,0,1,1
432.0,157,0,0,1,16,5,5,5,3,2,0,3,1
432.0,172,0,0,1,3,6,0,1,0,1,0,3,1
432.0,176,0,0,1,12,8,6,2,1,1,0,3,1
433.0,123,0,0,1,2,4,1,0,0,0,0,1,1
433.0,129,2,2,1,4,6,2,0,0,0,1,4,1
433.0,142,0,0,1,5,11,1,1,0,0,2,3,1
433.0,157,1,1,1,3,1,1,0,0,0,1,4,1
433.0,186,0,0,1,4,1,1,1,0,1,0,3,1
434.0,1,1,1,1,9,3,6,2,0,0,0,1,1
434.0,90,0,0,1,4,0,1,1,0,0,0,1,1
434.0,96,0,0,1,3,1,1,1,0,0,0,1,1
434.0,167,2,2,1,9,1,1,6,1,0,0,4,1
434.0,170,1,1,1,7,7,1,2,0,2,1,3,1
434.0,188,1,1,1,6,8,0,1,0,2,0,3,1
435.0,11,0,0,1,10,5,4,1,1,1,2,3,1
435.0,14,0,0,1,4,1,1,1,0,0,0,1,1
435.0,74,1,1,1,3,13,0,1,0,1,0,3,1
435.0,90,0,0,1,5,13,1,1,0,1,1,3,1
435.0,91,0,0,1,2,1,1,0,0,0,0,1,1
435.0,115,1,1,1,4,15,0,1,0,1,1,3,1
435.0,125,0,0,1,4,2,1,1,0,1,0,4,1
435.0,132,1,1,1,9,19,5,1,0,1,0,3,1
435.0,147,0,0,1,5,24,1,0,1,1,1,3,1
435.0,156,1,1,1,4,2,1,1,0,0,1,4,1
436.0,0,0,0,1,5,3,3,1,0,0,0,4,1
436.0,43,1,1,1,6,3,2,0,1,1,0,4,1
436.0,45,0,0,1,4,4,3,0,0,0,0,4,1
436.0,81,1,1,1,5,3,2,1,0,0,1,4,1
436.0,86,0,0,1,3,0,1,0,0,0,0,1,1
436.0,88,1,1,1,4,2,1,1,0,1,0,4,1
436.0,117,0,0,1,4,1,2,1,0,0,0,10,1
436.0,120,0,0,1,4,22,0,1,0,2,0,3,1
436.0,158,1,1,1,4,0,2,1,0,0,0,10,1
436.0,188,0,0,1,4,2,1,0,0,0,1,3,1
436.0,191,0,0,1,3,40,1,0,0,1,0,3,1
437.0,14,0,0,1,3,6,0,0,0,0,0,1,1
437.0,33,1,1,1,10,6,2,7,0,0,0,4,1
437.0,57,1,1,1,2,3,1,0,0,0,0,1,1
437.0,132,0,0,1,7,5,3,0,1,1,1,4,1
437.0,136,1,0,1,6,24,1,0,2,1,1,3,1
438.0,43,0,0,1,5,7,0,1,0,2,0,3,1
438.0,48,3,2,1,3,2,1,0,0,0,1,4,1
438.0,52,0,0,1,5,4,2,1,0,0,1,4,1
438.0,167,0,0,1,7,5,3,2,0,0,0,4,1
439.0,77,0,0,1,12,7,1,7,1,2,0,3,1
439.0,109,1,2,1,2,2,1,0,0,0,0,1,1
439.0,183,3,0,1,3,4,1,0,0,1,0,4,1
440.0,39,0,0,1,3,4,1,0,1,0,0,3,1
440.0,50,1,1,1,3,5,2,0,0,0,0,10,1
440.0,88,1,0,1,6,16,2,1,0,1,0,3,1
440.0,91,1,1,1,5,13,2,0,1,0,1,4,1
440.0,92,0,0,1,2,2,1,0,0,0,0,1,1
440.0,94,0,0,1,16,9,5,5,2,2,1,3,1
440.0,130,0,0,1,5,2,2,1,0,1,0,4,1
440.0,183,0,0,1,5,3,2,1,0,0,1,4,1
440.0,190,0,0,1,7,16,0,1,0,2,2,3,1
441.0,14,0,0,1,3,4,0,1,0,1,0,3,1
441.0,49,3,3,1,10,7,2,2,2,2,1,4,1
441.0,69,6,4,1,3,6,0,1,0,1,0,4,1
441.0,93,0,0,1,3,3,1,0,0,0,0,1,1
441.0,107,0,0,1,10,3,7,1,0,0,0,1,1
441.0,131,1,1,1,10,7,2,3,1,1,2,3,1
441.0,145,2,2,1,2,1,1,0,0,0,0,1,1
441.0,156,4,3,1,6,4,2,1,1,0,1,4,1
442.0,9,0,0,1,2,0,1,0,0,0,0,1,1
442.0,42,1,1,1,19,1,9,9,0,0,0,10,1
442.0,99,1,1,1,3,3,1,1,0,0,0,10,1
442.0,114,1,1,1,5,5,0,1,1,1,1,4,1
442.0,130,0,0,1,3,1,1,0,0,0,0,1,1
442.0,131,1,0,1,6,16,1,0,0,2,0,3,1
442.0,176,2,2,1,4,1,1,1,0,0,0,1,1
442.0,177,0,0,1,7,45,2,1,2,1,0,3,1
442.0,183,3,1,1,5,15,1,1,0,0,0,3,1
443.0,14,0,0,1,6,1,4,0,0,0,0,1,1
443.0,43,1,1,1,4,13,1,1,0,0,1,3,1
443.0,48,2,1,1,4,9,1,0,0,0,2,3,1
443.0,57,1,1,1,5,3,2,2,0,0,0,10,1
443.0,82,0,0,1,11,24,4,2,1,2,1,3,1
443.0,98,0,0,1,5,19,1,0,2,1,0,3,1
443.0,135,2,2,1,31,2,17,12,0,1,0,4,1
443.0,159,0,0,1,7,19,1,1,0,1,2,3,1
443.0,166,0,0,1,5,7,2,1,0,0,1,4,1
443.0,179,3,1,1,4,1,1,1,0,1,0,4,1
444.0,25,4,4,1,7,9,2,1,0,1,2,3,1
444.0,29,0,0,1,5,25,0,1,0,1,2,3,1
444.0,88,0,0,1,10,15,2,5,0,2,0,3,1
444.0,105,0,0,1,5,3,1,1,1,1,0,3,1
445.0,91,0,0,1,4,27,1,0,0,1,1,3,1
445.0,148,0,0,1,8,4,5,0,0,1,1,3,1
445.0,175,0,0,1,5,12,3,0,1,0,0,3,1
446.0,108,0,0,1,11,6,4,5,0,1,0,3,1
446.0,141,1,1,1,4,1,1,1,0,1,0,4,1
446.0,143,2,2,1,7,0,3,2,0,0,0,1,1
446.0,156,1,1,1,4,0,2,1,0,0,0,10,1
446.0,180,0,0,1,2,6,0,0,0,0,0,1,1
446.0,184,0,0,1,6,3,2,1,1,0,1,4,1
446.0,184,2,1,1,7,19,0,0,1,2,0,3,1
447.0,12,0,0,1,12,4,5,4,1,0,1,3,1
447.0,96,0,0,1,3,10,0,0,0,0,0,1,1
447.0,104,0,0,1,3,2,1,0,0,1,0,4,1
447.0,131,0,0,1,3,2,1,0,0,0,0,1,1
447.0,189,2,1,1,5,17,1,1,0,1,1,4,1
448.0,4,3,2,1,3,2,2,0,0,0,0,10,1
448.0,30,2,2,1,3,1,1,0,0,0,0,1,1
448.0,91,0,0,1,8,13,2,1,3,1,0,3,1
448.0,115,1,1,1,5,2,4,0,0,0,0,10,1
448.0,118,1,1,1,8,17,1,0,1,2,2,3,1
448.0,122,1,1,1,6,0,2,2,0,0,0,1,1
448.0,124,0,0,1,20,2,9,9,0,0,0,1,1
448.0,126,2,2,1,7,5,3,1,1,1,0,3,1
448.0,173,0,0,1,25,3,14,10,0,0,0,4,1
448.0,181,0,0,1,7,8,2,2,1,1,0,3,1
449.0,3,0,0,1,15,0,7,7,0,0,0,4,1
449.0,67,0,0,1,8,10,1,2,0,2,2,3,1
449.0,104,1,1,1,4,4,1,1,0,0,0,1,1
449.0,109,1,1,1,5,4,1,1,0,1,1,4,1
449.0,116,0,0,1,6,3,2,1,0,1,0,4,1
449.0,120,0,0,1,3,2,0,1,0,0,0,1,1
449.0,127,1,1,1,3,2,0,1,0,0,0,1,1
449.0,139,0,0,1,4,0,1,0,2,0,0,3,1
449.0,166,0,0,1,6,4,2,1,0,1,1,3,1
449.0,169,0,0,1,5,6,1,1,0,0,2,3,1
449.0,171,0,0,1,6,1,1,4,0,0,0,3,1
450.0,23,0,0,1,6,10,1,1,1,2,0,3,1
450.0,109,0,0,1,21,11,8,9,1,2,0,3,1
450.0,126,0,0,1,8,12,4,1,1,1,0,4,1
450.0,147,2,2,1,7,32,1,0,1,2,2,3,1
450.0,157,1,1,1,5,5,2,0,1,1,0,4,1
451.0,1,2,1,1,4,4,3,0,0,0,0,4,1
451.0,1,3,2,1,3,7,2,0,0,0,0,10,1
451.0,13,2,0,1,3,11,0,0,0,0,0,3,1
451.0,102,1,1,1,10,49,2,4,1,1,0,3,1
451.0,118,0,0,1,3,4,1,0,0,1,0,4,1
451.0,134,1,1,1,5,5,2,1,0,0,1,3,1
451.0,163,0,0,1,4,4,0,1,0,1,0,3,1
451.0,169,0,0,1,4,2,1,0,1,1,0,3,1
451.0,172,1,2,1,10,10,4,4,0,0,1,3,1
451.0,183,0,0,1,5,3,1,2,0,1,0,4,1
452.0,26,2,1,1,9,2,3,5,0,0,0,4,1
452.0,36,2,1,1,3,2,0,0,0,0,0,1,1
452.0,72,1,1,1,4,7,1,1,0,1,0,4,1
452.0,92,1,0,1,10,5,7,2,0,0,0,10,1
452.0,108,3,2,1,3,2,1,0,0,0,0,1,1
452.0,143,0,0,1,5,14,1,1,1,1,0,3,1
452.0,157,0,0,1,14,9,8,3,0,1,1,3,1
452.0,165,1,1,1,5,6,0,1,0,2,1,3,1
452.0,186,0,0,1,4,11,1,0,0,1,1,3,1
453.0,5,2,1,1,19,3,10,8,0,0,0,1,1
453.0,22,0,0,1,7,8,0,2,0,2,0,3,1
453.0,27,0,0,1,3,1,1,0,0,0,0,1,1
453.0,44,0,0,1,4,15,0,0,0,1,0,3,1
453.0,55,1,1,1,3,0,1,1,0,0,0,1,1
453.0,58,1,3,1,5,25,0,1,0,2,1,3,1
453.0,129,1,1,1,8,5,1,0,0,0,0,4,1
453.0,173,1,1,1,7,16,1,1,2,1,1,3,1
453.0,180,0,0,1,4,3,1,0,1,1,0,3,1
454.0,7,1,1,1,4,12,0,1,1,1,0,4,1
454.0,21,0,0,1,5,3,1,2,0,1,0,4,1
454.0,23,3,3,1,5,2,3,1,0,0,0,4,1
454.0,26,1,1,1,4,1,1,1,0,1,0,4,1
454.0,62,2,2,1,5,15,2,1,1,0,0,3,1
454.0,96,1,1,1,10,14,4,2,1,1,0,3,1
454.0,178,0,0,1,4,1,2,1,0,0,0,10,1
454.0,196,0,0,1,5,20,0,1,1,0,0,3,1
455.0,29,1,1,1,11,27,3,4,1,0,2,3,1
455.0,40,2,0,1,5,19,1,1,0,1,1,3,1
455.0,-1,1,1,1,3,22,0,0,0,0,0,1,1
455.0,136,1,1,1,3,6,0,1,0,1,0,3,1
456.0,7,0,0,1,4,5,1,0,0,1,0,4,1
456.0,123,0,0,1,2,1,1,0,0,0,0,1,1
456.0,125,1,1,1,7,7,1,2,1,2,0,4,1
456.0,130,3,2,1,4,5,2,1,0,0,0,10,1
456.0,143,1,1,1,11,0,6,4,0,0,0,1,1
456.0,154,2,2,1,5,1,2,1,0,1,0,4,1
456.0,156,0,0,1,2,2,1,0,0,0,0,1,1
457.0,6,2,2,1,29,1,14,12,0,1,0,4,1
457.0,29,0,0,1,2,2,0,1,0,0,0,1,1
457.0,39,1,1,1,3,5,1,1,0,0,0,1,1
457.0,95,0,0,1,4,13,0,1,1,1,0,3,1
457.0,106,0,0,1,5,13,2,0,1,1,0,3,1
457.0,112,0,0,1,3,14,0,0,0,0,0,3,1
457.0,133,1,1,1,3,2,1,0,0,0,1,4,1
457.0,137,2,2,1,10,8,3,1,3,0,1,3,1
458.0,4,0,0,1,7,17,1,1,0,1,3,3,1
458.0,7,2,0,1,8,9,3,1,1,1,0,3,1
458.0,8,1,1,1,5,9,1,0,1,2,0,3,1
458.0,12,0,0,1,6,8,2,1,1,1,0,4,1
458.0,12,2,2,1,5,11,1,0,1,2,0,3,1
458.0,123,1,1,1,5,7,2,1,0,1,0,3,1
458.0,160,1,1,1,6,1,1,3,0,1,0,3,1
459.0,19,0,0,1,6,15,0,2,0,1,2,3,1
459.0,44,0,0,1,5,57,0,1,1,0,2,3,1
459.0,83,1,1,1,6,13,3,1,1,0,0,3,1
459.0,85,0,0,1,5,7,2,0,0,0,1,1,1
459.0,95,0,0,1,6,4,2,1,0,1,0,4,1
459.0,96,0,0,1,3,1,0,2,0,0,0,1,1
459.0,100,2,3,1,9,1,6,2,0,0,0,10,1
459.0,116,0,0,1,5,31,0,1,1,2,0,3,1
459.0,144,0,0,1,5,12,1,0,1,2,0,3,1
459.0,158,0,0,1,5,11,1,1,0,1,1,3,1
460.0,7,4,4,1,5,12,2,0,1,1,0,3,1
460.0,23,1,1,1,7,41,0,1,1,0,0,3,1
460.0,29,3,2,1,3,0,1,0,0,1,0,4,1
460.0,38,0,0,1,3,10,1,0,0,1,0,3,1
460.0,98,0,0,1,3,3,0,0,0,1,0,5,1
460.0,99,0,0,1,5,23,1,0,1,0,2,3,1
460.0,149,2,2,1,5,3,1,2,0,1,0,4,1
460.0,165,1,1,1,3,2,1,0,0,0,0,1,1
460.0,179,0,0,1,9,6,3,3,2,0,0,3,1
461.0,15,0,0,1,5,4,2,1,0,1,0,4,1
461.0,35,1,1,1,3,3,0,0,0,0,0,3,1
461.0,85,1,1,1,4,2,1,1,0,1,0,3,1
461.0,85,2,2,1,5,6,1,1,0,0,2,3,1
461.0,85,3,3,1,4,0,1,1,0,0,0,1,1
461.0,112,0,0,1,5,4,1,1,0,1,1,4,1
461.0,131,1,2,1,3,17,1,0,0,1,0,3,1
461.0,157,0,0,1,10,18,2,3,2,2,0,3,1
461.0,183,1,1,1,5,4,0,3,0,1,0,4,1
462.0,30,1,2,1,8,2,6,1,0,0,0,4,1
462.0,52,1,1,1,9,15,2,1,2,2,1,3,1
462.0,54,1,1,1,28,4,15,10,1,1,0,4,1
462.0,97,1,1,1,6,3,2,2,0,1,0,10,1
462.0,101,0,0,1,4,14,1,0,0,1,0,3,1
462.0,117,0,0,1,4,0,2,0,0,0,1,4,1
462.0,119,0,0,1,8,29,1,1,2,0,3,3,1
462.0,121,0,0,1,9,7,3,2,0,0,1,3,1
462.0,135,2,2,1,6,21,0,1,1,1,2,3,1
462.0,170,3,2,1,10,7,6,2,0,1,0,3,1
463.0,69,2,2,1,4,7,0,1,1,0,1,3,1
463.0,115,0,0,1,12,3,7,3,0,1,0,4,1
463.0,152,1,2,1,3,2,1,1,0,0,0,1,1
464.0,1,2,1,1,6,11,0,1,1,1,1,3,1
464.0,7,1,1,1,4,0,2,1,0,0,0,10,1
464.0,15,1,1,1,3,0,1,0,0,0,0,1,1
464.0,72,0,0,1,7,16,0,1,1,2,0,3,1
464.0,91,0,0,1,9,8,3,1,1,1,2,3,1
464.0,100,4,3,1,4,1,1,1,0,1,0,4,1
465.0,35,0,0,1,3,15,1,0,0,0,1,3,1
465.0,85,0,0,1,3,11,0,0,0,0,0,3,1
465.0,89,0,0,1,4,0,2,0,0,0,0,1,1
465.0,100,0,0,1,4,25,0,1,0,1,1,3,1
465.0,113,1,1,1,3,5,0,0,0,0,0,1,1
465.0,114,0,0,1,3,4,1,0,0,1,0,4,1
465.0,122,0,0,1,4,11,1,0,0,1,1,3,1
465.0,168,0,0,1,3,11,0,0,0,0,0,4,1
465.0,176,1,1,1,5,19,3,0,0,0,1,3,1
466.0,67,2,2,1,3,4,1,0,0,0,0,1,1
466.0,155,1,0,1,5,19,1,1,0,2,0,3,1
466.0,164,0,0,1,4,9,1,0,0,1,1,3,1
466.0,180,0,0,1,4,0,3,0,0,0,0,4,1
466.0,182,2,1,1,5,10,0,1,1,2,0,3,1
466.0,188,0,0,1,4,11,1,0,1,1,0,3,1
467.0,105,0,0,1,4,6,1,0,0,0,2,3,1
467.0,123,2,2,1,4,24,1,0,1,0,1,3,1
467.0,177,2,2,1,4,2,0,1,0,1,1,3,1
467.0,181,1,1,1,3,5,0,1,0,1,0,3,1
467.0,188,0,0,1,8,23,1,1,1,1,3,3,1
468.0,19,1,1,1,4,8,1,0,0,0,2,3,1
468.0,59,4,3,1,4,0,1,1,0,0,0,1,1
468.0,88,0,0,1,5,1,2,0,0,1,0,4,1
468.0,101,1,1,1,5,4,1,1,1,1,0,3,1
468.0,102,0,0,1,3,6,1,0,0,0,1,3,1
468.0,103,0,0,1,5,6,1,1,0,0,2,3,1
468.0,127,2,2,1,3,3,1,0,0,0,1,4,1
468.0,172,0,0,1,9,33,1,2,0,1,3,3,1
468.0,175,0,0,1,4,1,1,1,0,0,0,1,1
468.0,187,0,0,1,10,6,6,2,0,1,0,3,1
469.0,9,0,0,1,3,3,0,1,0,1,0,4,1
469.0,9,3,2,1,3,6,0,1,0,1,0,3,1
469.0,16,1,1,1,12,2,6,5,0,0,0,4,1
469.0,57,0,0,1,3,1,1,1,0,0,0,1,1
469.0,106,0,0,1,13,22,3,7,1,1,0,4,1
469.0,144,1,2,1,4,4,0,1,0,1,1,3,1
469.0,158,2,2,1,4,3,0,1,0,2,0,3,1
469.0,171,0,0,1,5,6,4,0,0,0,0,4,1
469.0,175,1,1,1,5,7,0,1,0,2,1,3,1
470.0,6,0,0,1,7,4,3,1,2,0,0,3,1
470.0,28,5,4,1,11,3,5,4,1,0,0,4,1
470.0,54,1,1,1,7,8,1,1,0,0,3,3,1
470.0,56,0,0,1,7,4,5,0,1,0,0,3,1
470.0,59,0,0,1,6,4,2,1,0,0,2,3,1
470.0,59,2,2,1,3,3,1,0,0,1,0,4,1
470.0,80,1,1,1,15,25,4,7,0,2,0,3,1
470.0,110,0,0,1,5,8,1,1,0,1,1,3,1
470.0,126,2,2,1,2,1,1,0,0,0,0,1,1
470.0,127,0,0,1,6,2,3,1,0,1,0,3,1
470.0,155,0,0,1,18,4,9,4,3,1,0,3,1
470.0,161,0,0,1,3,0,1,0,0,0,0,1,1
470.0,181,1,0,1,7,27,0,2,0,1,1,3,1
471.0,7,1,1,1,7,8,2,1,0,1,1,3,1
471.0,46,2,2,1,4,1,3,0,0,0,0,4,1
471.0,71,0,0,1,4,5,1,0,0,1,1,3,1
471.0,88,1,1,1,4,0,2,1,0,0,0,4,1
471.0,137,1,0,1,2,8,1,0,0,0,0,1,1
471.0,177,0,0,1,8,21,5,0,1,0,1,3,1
471.0,189,1,1,1,9,7,3,4,0,0,1,3,1
472.0,20,0,0,1,8,5,1,3,0,2,1,3,1
472.0,56,0,0,1,7,24,1,1,1,1,2,3,1
472.0,96,1,1,1,12,1,6,5,0,0,0,4,1
472.0,106,0,0,1,5,5,1,1,0,1,0,1,1
472.0,111,1,1,1,4,0,3,0,0,0,0,4,1
472.0,120,1,1,1,6,8,1,2,0,0,2,4,1
472.0,148,2,0,1,18,3,10,7,0,0,0,3,1
472.0,177,0,0,1,3,3,1,1,0,0,0,1,1
472.0,180,0,0,1,4,3,1,1,0,1,0,4,1
473.0,4,0,0,1,7,3,0,4,0,0,0,4,1
473.0,63,0,0,1,10,11,1,3,1,2,2,3,1
473.0,129,0,0,1,6,5,0,3,0,2,0,4,1
473.0,134,0,0,1,5,18,0,0,1,0,0,3,1
474.0,31,0,0,1,3,2,0,1,0,0,0,1,1
474.0,43,0,0,1,5,6,1,0,1,2,0,3,1
474.0,106,1,1,1,3,0,1,0,0,0,0,1,1
474.0,112,0,0,1,2,7,1,0,0,0,0,1,1
474.0,129,1,1,1,16,11,6,5,1,1,0,3,1
474.0,163,1,1,1,4,9,1,0,1,1,0,3,1
474.0,182,1,1,1,3,1,1,0,0,0,0,1,1
475.0,37,0,0,1,22,20,13,6,1,1,0,3,1
475.0,141,6,1,1,6,11,3,0,0,0,2,4,1
475.0,162,0,0,1,7,7,2,0,2,2,0,3,1
475.0,179,0,0,1,5,9,2,1,0,0,1,4,1
476.0,40,1,2,1,6,21,0,0,0,1,1,3,1
476.0,59,5,4,1,3,0,2,0,0,0,0,10,1
476.0,90,1,1,1,3,5,1,0,0,0,0,1,1
476.0,110,2,2,1,5,15,1,0,0,1,1,3,1
476.0,131,0,0,1,4,5,1,0,0,0,0,4,1
476.0,160,2,2,1,2,2,1,0,0,0,0,1,1
476.0,162,0,0,1,3,3,1,0,0,0,0,1,1
476.0,174,0,0,1,4,10,1,0,1,1,0,4,1
477.0,1,5,4,1,9,30,0,1,1,0,3,3,1
477.0,6,0,0,1,3,1,0,0,0,1,0,5,1
477.0,26,1,1,1,8,2,4,2,0,0,0,1,1
477.0,75,1,1,1,3,16,1,0,1,0,0,3,1
477.0,147,1,1,1,4,3,1,1,0,0,1,4,1
478.0,2,1,1,1,20,1,9,9,0,0,0,1,1
478.0,32,0,0,1,4,11,1,1,0,1,0,4,1
478.0,43,1,1,1,6,0,2,3,0,0,0,1,1
478.0,64,1,1,1,5,4,0,2,0,1,1,4,1
478.0,73,1,1,1,3,2,0,0,0,0,0,1,1
478.0,86,0,0,1,4,2,1,1,0,1,0,4,1
478.0,100,0,0,1,7,22,1,0,1,2,2,3,1
478.0,109,0,0,1,5,18,1,2,1,0,0,3,1
478.0,157,1,1,1,8,3,3,3,0,0,1,4,1
478.0,194,1,0,1,4,25,1,1,0,0,1,3,1
479.0,44,3,2,1,4,20,0,1,0,2,0,3,1
479.0,63,3,1,1,5,5,1,0,1,1,1,4,1
479.0,65,0,0,1,3,2,0,2,0,0,0,10,1
479.0,120,0,0,1,6,11,2,2,0,0,1,3,1
479.0,136,2,2,1,6,3,1,1,0,2,0,3,1
479.0,157,0,0,1,2,3,0,0,0,0,0,1,1
479.0,189,1,1,1,4,7,3,0,0,0,0,4,1
480.0,17,0,0,1,4,5,2,1,0,0,0,10,1
480.0,62,0,0,1,4,13,1,0,0,0,2,3,1
480.0,70,0,0,1,3,5,1,0,0,1,0,4,1
480.0,97,0,0,1,6,1,4,1,0,0,0,4,1
480.0,162,0,0,1,5,9,1,1,1,1,0,3,1
481.0,4,0,0,1,13,4,9,2,0,1,0,4,1
481.0,28,0,0,1,10,12,5,1,0,0,1,3,1
481.0,55,2,2,1,3,2,1,0,0,1,0,4,1
481.0,84,1,1,1,5,7,2,0,0,1,1,4,1
481.0,87,0,0,1,5,2,2,2,0,0,0,10,1
481.0,98,0,0,1,4,0,2,1,0,0,0,1,1
481.0,134,0,0,1,3,5,1,0,0,0,0,1,1
481.0,135,0,0,1,3,5,0,1,0,1,0,3,1
481.0,148,0,0,1,5,1,1,2,0,1,0,4,1
481.0,176,0,0,1,4,3,2,0,0,1,0,4,1
482.0,2,0,0,1,9,5,6,1,0,1,0,3,1
482.0,154,2,2,1,3,8,0,1,0,1,0,4,1
482.0,167,3,3,1,3,0,1,1,0,0,0,1,1
483.0,66,1,0,1,18,2,8,8,0,0,0,1,1
483.0,91,0,0,1,4,8,0,1,0,1,1,3,1
483.0,112,0,0,1,7,2,4,0,1,1,0,3,1
483.0,145,0,0,1,7,17,0,2,0,2,1,3,1
483.0,153,0,0,1,5,5,3,1,0,0,0,4,1
484.0,9,0,0,1,11,2,6,3,0,0,1,4,1
484.0,16,0,0,1,5,7,0,3,0,0,1,4,1
484.0,31,0,0,1,3,6,0,0,0,0,0,3,1
484.0,136,1,1,1,3,0,1,0,0,0,0,1,1
484.0,139,1,1,1,4,5,2,0,0,0,1,4,1
484.0,172,2,1,1,11,12,3,2,3,2,0,3,1
484.0,180,0,0,1,3,0,1,0,0,0,0,4,1
485.0,22,0,0,1,5,6,2,1,0,1,0,4,1
485.0,29,2,1,1,6,0,2,1,1,1,0,3,1
485.0,157,0,0,1,5,7,2,0,0,0,1,4,1
485.0,179,1,1,1,4,2,2,0,0,1,0,4,1
486.0,0,1,1,1,3,4,1,0,0,0,0,1,1
486.0,27,0,0,1,4,1,1,1,0,1,0,4,1
486.0,81,0,0,1,4,3,1,1,0,1,0,4,1
486.0,96,3,2,1,5,1,3,1,0,0,0,4,1
486.0,112,0,0,1,12,5,6,5,0,0,0,10,1
486.0,132,2,3,1,12,14,3,4,1,2,1,3,1
486.0,144,3,2,1,12,40,4,0,4,2,1,3,1
486.0,175,0,0,1,5,3,3,1,0,0,0,4,1
486.0,189,1,1,1,4,5,1,1,0,1,0,1,1
486.0,189,2,2,1,8,4,4,1,0,0,1,3,1
487.0,14,0,0,1,4,16,1,0,0,0,2,3,1
487.0,24,1,1,1,5,2,1,2,0,0,1,4,1
487.0,40,0,0,1,4,1,0,1,0,1,0,4,1
487.0,65,1,2,1,4,18,0,1,0,1,0,3,1
487.0,112,0,0,1,5,9,1,1,1,1,0,4,1
487.0,132,0,0,1,13,7,6,2,1,1,1,4,1
487.0,145,0,0,1,16,97,6,5,1,2,1,3,1
487.0,161,0,0,1,4,7,1,0,0,1,1,3,1
487.0,163,1,1,1,4,2,3,0,0,0,0,4,1
487.0,183,0,0,1,3,0,1,1,0,0,0,1,1
487.0,184,2,0,1,4,14,1,0,0,0,1,3,1
488.0,37,1,1,1,9,10,3,2,0,1,2,4,1
488.0,42,1,1,1,5,10,0,1,0,0,3,4,1
488.0,43,4,4,1,3,4,0,1,1,0,0,4,1
488.0,44,1,1,1,9,13,1,2,1,3,1,3,1
488.0,51,0,0,1,8,6,3,4,0,0,0,10,1
488.0,59,3,3,1,6,4,1,2,0,2,0,3,1
488.0,75,0,0,1,8,11,1,1,1,2,2,3,1
488.0,78,0,0,1,3,8,1,0,0,1,0,4,1
488.0,99,0,0,1,6,16,1,1,0,0,3,4,1
488.0,108,2,2,1,3,2,1,1,0,0,0,1,1
488.0,114,1,0,1,8,5,5,1,1,0,0,4,1
488.0,124,0,0,1,4,5,1,0,0,1,1,3,1
488.0,128,0,0,1,3,2,1,0,0,0,0,1,1
489.0,43,0,0,1,5,2,1,1,0,1,1,3,1
489.0,45,0,0,1,5,5,3,1,0,0,0,4,1
489.0,73,0,0,1,10,22,5,2,0,0,2,3,1
489.0,73,1,1,1,7,6,2,2,1,1,0,3,1
489.0,99,2,2,1,13,4,6,4,1,1,0,4,1
489.0,126,0,0,1,4,6,1,1,0,1,0,4,1
489.0,131,0,0,1,4,1,1,1,0,0,0,1,1
489.0,154,1,1,1,5,15,2,0,0,0,0,3,1
489.0,155,4,2,1,5,14,2,1,0,1,0,3,1
489.0,169,1,1,1,2,4,0,0,0,0,0,1,1
490.0,46,1,0,1,6,12,3,1,1,0,0,4,1
490.0,62,1,1,1,11,3,4,3,1,1,1,3,1
490.0,65,0,0,1,4,3,1,1,1,0,0,4,1
490.0,108,2,2,1,16,18,6,5,2,2,0,3,1
490.0,129,1,1,1,4,0,2,1,0,0,0,1,1
490.0,188,1,1,1,2,9,0,0,0,0,0,1,1
490.0,189,0,0,1,5,6,2,1,0,1,0,4,1
491.0,15,0,0,1,4,3,3,0,0,0,0,4,1
491.0,20,2,0,1,3,1,1,0,0,0,0,1,1
491.0,42,2,2,1,8,7,3,1,1,0,2,3,1
491.0,50,0,0,1,8,4,3,2,0,1,1,4,1
491.0,76,1,1,1,3,9,1,0,0,0,1,3,1
491.0,100,1,1,1,4,7,1,1,0,0,1,3,1
491.0,108,0,0,1,13,3,6,5,0,0,1,4,1
491.0,137,0,0,1,4,1,1,1,0,1,0,4,1
492.0,15,0,0,1,3,2,0,1,0,1,0,3,1
492.0,17,0,0,1,6,20,1,1,0,2,1,3,1
492.0,19,1,1,1,5,0,2,2,0,0,0,10,1
492.0,30,0,0,1,10,17,4,0,2,3,0,3,1
492.0,72,0,0,1,19,16,11,4,1,2,0,3,1
492.0,90,2,2,1,4,0,1,1,0,1,0,4,1
492.0,101,2,3,1,3,1,1,1,0,0,0,1,1
492.0,130,0,0,1,6,8,2,0,1,0,1,3,1
492.0,131,2,0,1,7,13,2,0,0,0,3,3,1
492.0,132,0,0,1,2,8,1,0,0,0,0,1,1
492.0,133,1,1,1,7,7,3,0,1,1,1,3,1
492.0,135,1,1,1,6,9,2,1,1,1,0,4,1
492.0,149,1,1,1,8,14,1,1,0,2,3,3,1
492.0,162,1,1,1,5,6,1,1,0,1,1,3,1
492.0,169,1,1,1,7,15,2,1,0,0,3,3,1
492.0,177,4,4,1,2,2,1,0,0,0,0,1,1
493.0,23,2,1,1,4,1,0,2,0,1,0,4,1
493.0,76,1,2,1,6,2,1,1,1,1,0,4,1
493.0,83,1,1,1,7,19,1,0,1,2,2,3,1
493.0,95,0,0,1,8,39,4,0,1,1,1,3,1
493.0,122,0,0,1,6,8,1,2,0,1,1,4,1
493.0,178,0,0,1,5,8,1,0,0,0,1,3,1
493.0,184,0,0,1,7,56,1,0,1,0,2,3,1
494.0,5,0,0,1,4,6,0,1,0,1,1,3,1
494.0,117,0,0,1,12,3,6,4,0,0,1,3,1
494.0,139,1,1,1,5,8,2,1,0,0,1,3,1
495.0,5,1,1,1,5,5,2,0,0,1,1,3,1
495.0,31,0,0,1,4,11,0,1,0,1,1,3,1
495.0,76,0,0,1,6,15,0,0,0,1,2,3,1
495.0,89,3,3,1,9,1,7,1,0,0,0,10,1
495.0,110,0,0,1,9,41,0,1,1,2,4,3,1
495.0,143,0,0,1,6,2,1,1,0,1,1,3,1
495.0,154,1,2,1,5,7,1,1,0,1,1,4,1
495.0,155,1,1,1,3,9,1,0,0,0,1,3,1
495.0,177,0,0,1,8,13,5,2,0,0,0,4,1
495.0,183,0,0,1,4,3,1,1,0,1,0,4,1
495.0,183,2,2,1,10,8,3,1,2,2,0,3,1
495.0,189,0,0,1,6,16,2,2,0,0,1,4,1
496.0,2,0,0,1,5,8,1,1,1,1,0,3,1
496.0,41,1,1,1,6,12,1,0,1,1,2,3,1
496.0,72,1,1,1,5,20,1,1,0,0,2,3,1
496.0,128,0,0,1,11,74,1,2,1,0,5,3,1
496.0,177,1,1,1,5,7,1,1,0,2,0,3,1
496.0,180,0,0,1,4,5,1,1,0,0,0,1,1
497.0,83,2,2,1,5,11,1,0,1,1,1,3,1
497.0,84,1,1,1,4,2,2,0,0,0,1,4,1
497.0,109,0,0,1,5,5,2,0,1,1,0,4,1
497.0,132,1,1,1,4,1,2,0,0,1,0,3,1
497.0,164,0,0,1,9,27,1,1,2,2,2,3,1
497.0,187,0,0,1,5,9,1,1,1,1,0,4,1
498.0,4,0,0,1,4,2,1,1,0,1,0,3,1
498.0,29,0,0,1,5,5,1,1,0,1,1,3,1
498.0,72,1,1,1,10,2,8,1,0,0,0,1,1
498.0,83,0,0,1,16,1,9,6,0,0,0,4,1
498.0,100,1,1,1,2,2,1,0,0,0,0,1,1
498.0,176,0,0,1,24,6,12,9,0,1,0,4,1
498.0,186,0,0,1,6,14,0,2,1,1,1,3,1
498.0,195,0,0,1,5,3,2,1,0,0,1,4,1
499.0,1,1,1,1,4,2,2,0,0,1,0,4,1
499.0,135,0,0,1,4,2,0,1,0,2,0,3,1
499.0,154,3,0,1,3,8,1,0,0,0,1,3,1
499.0,170,1,1,1,5,21,0,1,0,2,1,3,1
500.0,48,2,0,1,4,4,1,1,0,0,1,4,1
500.0,50,1,1,1,4,6,1,0,0,1,0,4,1
500.0,72,0,0,1,5,7,1,1,0,1,1,3,1
500.0,98,0,0,1,11,2,5,3,0,0,1,3,1
500.0,114,0,0,1,6,9,1,1,1,1,1,3,1
500.0,127,1,1,1,4,3,2,1,0,0,0,10,1
500.0,180,0,0,1,9,12,3,2,0,0,3,3,1
500.0,184,0,0,1,5,4,0,2,0,1,1,3,1
500.0,186,1,1,1,3,0,1,0,0,1,0,4,1
501.0,18,0,0,1,4,4,1,1,0,0,0,1,1
501.0,19,0,0,1,8,14,3,1,0,1,2,3,1
501.0,42,0,0,1,3,1,2,0,0,0,0,10,1
501.0,58,0,0,1,3,1,0,1,1,0,0,3,1
501.0,72,0,0,1,5,4,1,1,0,1,1,3,1
501.0,95,2,2,1,5,0,1,1,1,1,0,4,1
501.0,128,0,0,1,13,21,4,2,1,2,3,3,1
501.0,132,1,1,1,4,2,2,0,1,0,0,4,1
501.0,176,1,1,1,3,0,2,0,0,0,0,1,1
501.0,184,0,0,1,6,9,2,1,1,1,0,4,1
502.0,48,0,0,1,4,2,1,0,0,1,0,4,1
502.0,102,2,1,1,4,18,1,0,1,1,0,3,1
502.0,103,0,0,1,10,7,6,3,0,0,0,4,1
502.0,112,0,0,1,3,0,1,0,0,0,0,1,1
502.0,113,0,0,1,9,6,7,0,0,0,1,4,1
502.0,117,1,1,1,9,4,5,2,1,0,0,3,1
502.0,124,0,0,1,12,0,9,2,0,0,0,4,1
502.0,134,0,0,1,5,4,1,1,1,1,0,4,1
503.0,1,0,0,1,8,8,2,1,1,0,1,3,1
503.0,16,2,1,1,4,6,2,1,0,0,0,10,1
503.0,16,3,2,1,3,0,1,0,0,0,0,1,1
503.0,17,0,0,1,6,2,2,2,0,1,0,4,1
503.0,40,0,0,1,6,16,0,2,0,2,1,3,1
503.0,45,1,1,1,4,11,1,0,0,1,0,3,1
503.0,59,0,0,1,6,56,1,0,2,1,1,3,1
503.0,147,0,0,1,3,32,1,0,0,0,0,3,1
503.0,162,0,0,1,5,3,1,0,1,2,0,3,1
504.0,35,0,0,1,3,3,1,0,0,1,0,3,1
504.0,85,0,0,1,5,10,1,2,0,1,0,3,1
504.0,111,0,0,1,3,0,1,1,0,0,0,1,1
504.0,112,1,1,1,2,5,1,0,0,0,0,1,1
504.0,136,0,0,1,10,0,5,3,0,1,0,4,1
504.0,182,3,2,1,10,37,1,2,2,2,2,3,1
504.0,190,1,1,1,7,11,1,2,1,2,0,3,1
505.0,4,0,0,1,8,19,1,1,1,1,3,3,1
505.0,31,0,0,1,4,15,1,0,0,1,1,3,1
505.0,83,1,1,1,7,12,1,2,1,1,0,3,1
505.0,118,0,0,1,5,2,2,1,0,0,1,4,1
505.0,120,0,0,1,4,4,1,1,0,1,0,1,1
505.0,124,0,0,1,18,11,10,3,2,1,1,3,1
505.0,156,2,2,1,4,0,1,1,0,0,0,1,1
505.0,170,0,0,1,3,1,1,0,0,0,0,1,1
506.0,5,1,1,1,3,2,1,0,0,1,0,4,1
506.0,109,0,0,1,3,1,1,0,0,1,0,4,1
506.0,110,1,0,1,6,8,2,1,0,1,1,3,1
506.0,126,0,0,1,7,3,4,2,0,0,0,4,1
506.0,146,0,0,1,10,1,5,4,0,0,0,1,1
506.0,191,0,0,1,5,3,1,2,0,1,0,4,1
507.0,2,1,0,1,3,0,1,0,0,0,0,1,1
507.0,87,0,0,1,15,5,9,2,1,1,1,3,1
508.0,29,2,1,1,6,7,3,0,0,1,0,3,1
508.0,37,0,0,1,3,3,1,0,0,0,0,1,1
508.0,53,1,1,1,11,1,5,4,0,0,0,1,1
508.0,75,3,2,1,7,30,0,1,1,1,3,3,1
508.0,104,1,1,1,3,0,1,0,0,1,0,4,1
508.0,157,0,0,1,9,0,5,2,0,0,0,1,1
508.0,174,1,1,1,6,20,1,1,0,1,2,3,1
509.0,11,0,0,1,15,8,7,5,0,1,0,3,1
509.0,78,0,0,1,3,0,1,0,0,1,0,4,1
509.0,86,2,1,1,4,0,1,1,0,0,0,1,1
509.0,115,4,3,1,4,1,1,1,0,1,0,4,1
509.0,149,0,0,1,5,5,2,1,0,0,1,4,1
510.0,5,1,1,1,3,3,1,0,0,1,0,3,1
510.0,16,1,1,1,5,5,1,1,1,1,0,4,1
510.0,36,1,1,1,7,2,2,3,0,0,0,1,1
510.0,39,0,0,1,5,2,3,0,0,1,0,4,1
510.0,45,0,0,1,7,15,2,2,0,0,1,3,1
510.0,46,0,0,1,4,4,0,2,0,0,1,4,1
510.0,49,3,0,1,3,5,0,1,0,0,1,3,1
510.0,61,1,0,1,3,7,2,0,0,0,0,10,1
510.0,70,0,0,1,5,12,2,0,0,1,1,4,1
510.0,109,1,0,1,10,2,6,2,0,0,0,1,1
510.0,134,1,1,1,3,2,1,0,0,1,0,4,1
510.0,138,0,0,1,5,5,0,1,0,2,1,3,1
510.0,154,0,0,1,4,0,1,1,0,1,0,4,1
510.0,156,1,1,1,2,3,1,0,0,0,0,1,1
510.0,173,0,0,1,12,7,6,3,0,1,1,3,1
510.0,187,0,0,1,5,10,0,1,1,1,1,4,1
511.0,10,1,1,1,7,6,6,0,0,0,0,4,1
511.0,29,0,0,1,3,8,0,1,0,1,0,3,1
511.0,86,1,1,1,14,11,7,5,1,0,0,3,1
511.0,94,2,1,1,4,6,3,0,0,0,0,4,1
511.0,110,0,0,1,4,1,3,0,0,0,0,4,1
511.0,122,1,1,1,3,25,0,0,0,0,0,3,1
511.0,136,1,0,1,7,23,2,0,1,2,0,3,1
511.0,147,1,1,1,5,38,0,1,1,1,0,3,1
511.0,162,0,0,1,6,3,1,2,0,1,1,3,1
511.0,165,1,1,1,4,3,2,1,0,0,0,10,1
512.0,0,1,1,1,4,0,2,1,0,0,0,4,1
512.0,33,1,1,1,6,11,2,1,1,0,1,3,1
512.0,40,0,0,1,8,22,2,1,0,1,1,3,1
512.0,70,0,0,1,3,1,1,0,0,0,1,3,1
512.0,124,1,1,1,3,3,1,1,0,0,0,1,1
512.0,135,1,1,1,3,7,0,1,0,1,0,4,1
513.0,17,1,1,1,5,3,1,1,1,0,0,1,1
513.0,18,1,1,1,37,5,17,16,1,1,0,3,1
513.0,62,1,1,1,9,0,6,1,0,0,0,1,1
513.0,63,1,1,1,6,1,3,2,0,0,0,4,1
513.0,64,0,0,1,6,5,1,2,0,0,0,4,1
513.0,145,3,0,1,4,7,3,0,0,0,0,4,1
513.0,181,4,4,1,10,0,6,3,0,0,0,10,1
513.0,186,0,0,1,4,15,1,0,0,1,1,3,1
514.0,65,1,1,1,7,15,1,1,1,1,2,3,1
514.0,170,0,0,1,5,0,1,1,0,1,0,4,1
515.0,15,0,0,1,3,1,1,0,0,0,0,1,1
515.0,19,0,0,1,7,11,1,2,0,2,1,3,1
515.0,66,1,1,1,6,1,2,1,0,0,1,4,1
515.0,88,1,1,1,3,9,2,0,0,0,0,10,1
515.0,136,1,1,1,5,4,2,1,0,0,1,4,1
515.0,172,2,2,1,6,2,2,1,1,1,0,4,1
515.0,178,1,1,1,4,7,1,2,0,0,0,4,1
516.0,8,1,1,1,5,7,1,1,0,1,1,3,1
516.0,17,0,0,1,5,5,2,1,0,0,1,4,1
516.0,42,0,0,1,18,1,10,7,0,0,0,1,1
516.0,43,0,0,1,5,1,3,1,0,0,0,4,1
516.0,123,1,1,1,4,3,3,0,0,0,0,4,1
517.0,17,0,0,1,11,2,4,5,0,1,0,4,1
517.0,18,0,0,1,8,21,4,1,2,0,0,3,1
517.0,19,0,0,1,6,5,4,1,0,0,0,1,1
517.0,22,1,1,1,3,2,1,1,0,0,0,1,1
517.0,45,0,0,1,3,7,0,2,0,0,0,1,1
517.0,58,0,0,1,4,1,1,1,0,0,0,1,1
517.0,59,0,0,1,15,4,8,5,0,1,0,4,1
517.0,130,1,1,1,18,1,11,6,0,0,0,10,1
517.0,141,0,0,1,11,2,6,4,0,0,0,4,1
518.0,37,3,2,1,2,1,1,0,0,0,0,1,1
518.0,47,0,0,1,6,16,0,1,1,2,1,3,1
518.0,47,1,1,1,7,0,2,2,0,2,0,3,1
518.0,71,0,0,1,3,10,0,0,0,0,0,4,1
518.0,103,1,1,1,2,5,1,0,0,0,0,1,1
518.0,114,0,0,1,4,2,1,0,0,0,2,3,1
518.0,145,1,1,1,4,2,1,1,0,0,0,1,1
518.0,147,0,0,1,8,31,0,2,1,1,2,3,1
518.0,165,2,2,1,4,5,2,0,0,0,1,4,1
518.0,172,0,0,1,6,4,2,1,0,1,1,3,1
519.0,60,0,0,1,5,6,1,1,1,1,0,3,1
519.0,85,3,2,1,3,0,2,0,0,0,0,1,1
519.0,126,0,0,1,8,14,1,1,1,2,1,3,1
519.0,141,1,1,1,4,0,0,1,0,1,0,3,1
520.0,19,0,0,1,6,1,2,1,0,0,1,4,1
520.0,44,3,3,1,4,0,1,1,0,0,0,1,1
520.0,66,0,0,1,4,8,1,0,1,1,0,3,1
520.0,89,2,2,1,4,17,0,0,1,0,0,3,1
520.0,96,0,0,1,7,37,2,0,1,0,1,3,1
520.0,106,0,0,1,10,16,1,8,0,0,0,3,1
520.0,106,1,1,1,4,8,2,0,1,0,0,4,1
520.0,113,1,1,1,15,4,7,5,0,1,1,3,1
520.0,128,1,1,1,10,14,4,4,0,1,0,3,1
520.0,132,0,0,1,18,9,10,4,1,1,0,3,1
520.0,179,1,1,1,5,10,2,1,0,0,1,3,1
521.0,33,0,0,1,6,15,1,1,1,1,1,3,1
521.0,115,1,1,1,21,10,9,8,1,0,1,3,1
521.0,121,0,0,1,6,7,2,1,1,1,0,4,1
521.0,125,3,1,1,7,26,1,1,1,2,1,3,1
521.0,143,1,1,1,3,1,0,0,0,0,0,1,1
521.0,146,1,1,1,10,6,3,4,1,0,1,4,1
521.0,174,0,0,1,14,18,5,5,1,0,2,3,1
521.0,179,0,0,1,9,10,2,3,0,1,2,3,1
521.0,189,0,0,1,9,10,6,0,0,0,2,3,1
522.0,3,0,0,1,5,14,1,0,0,1,1,3,1
522.0,6,1,0,1,9,49,1,4,1,1,1,3,1
522.0,6,2,1,1,4,2,2,0,0,0,1,4,1
522.0,61,0,0,1,15,5,7,6,0,0,0,1,1
522.0,68,0,0,1,3,6,1,0,0,1,0,4,1
522.0,82,0,0,1,6,3,1,0,0,0,3,4,1
522.0,97,5,4,1,4,2,1,1,0,0,0,1,1
522.0,102,2,2,1,4,1,1,1,0,0,0,1,1
522.0,128,0,0,1,5,11,1,1,1,0,1,3,1
522.0,129,0,0,1,3,3,0,1,0,1,0,4,1
522.0,138,0,0,1,8,6,0,2,1,3,1,3,1
522.0,163,2,1,1,4,1,2,1,0,0,0,10,1
523.0,16,1,1,1,5,3,1,1,0,1,1,3,1
523.0,37,0,0,1,8,2,4,3,0,0,0,10,1
523.0,51,1,1,1,5,0,3,0,0,1,0,4,1
523.0,65,1,1,1,4,1,1,1,0,0,0,1,1
523.0,82,1,1,1,3,0,1,0,0,0,0,1,1
523.0,87,0,0,1,12,29,2,2,2,2,3,3,1
523.0,129,1,1,1,7,10,1,2,0,2,1,3,1
523.0,171,1,1,1,11,6,3,5,0,0,1,3,1
523.0,181,0,0,1,4,3,1,1,0,0,0,1,1
524.0,92,2,2,1,4,4,1,1,0,0,0,1,1
524.0,105,2,2,1,4,6,3,0,0,0,0,4,1
524.0,116,0,0,1,7,0,4,2,0,0,0,1,1
524.0,119,0,0,1,5,5,2,0,0,1,1,3,1
524.0,156,1,1,1,6,17,2,1,0,0,2,3,1
524.0,185,0,0,1,10,6,7,1,0,0,0,1,1
525.0,64,0,0,1,4,4,1,1,0,0,0,1,1
525.0,70,1,1,1,8,1,2,4,0,0,1,4,1
525.0,102,0,0,1,17,18,8,7,0,0,0,3,1
526.0,37,0,0,1,6,10,0,0,1,0,1,3,1
526.0,39,1,1,1,13,1,9,3,0,0,0,10,1
526.0,88,2,2,1,7,23,3,0,1,0,1,4,1
526.0,91,0,0,1,7,27,1,0,2,1,2,3,1
526.0,124,0,0,1,6,14,1,1,0,1,2,3,1
526.0,182,2,2,1,6,8,2,1,0,1,1,4,1
527.0,3,3,3,1,7,14,0,3,0,3,0,3,1
527.0,41,2,1,1,4,11,1,1,0,1,0,3,1
527.0,83,0,0,1,4,5,1,0,0,0,1,4,1
527.0,86,2,2,1,5,4,1,1,1,1,0,3,1
527.0,99,0,0,1,4,2,0,2,0,1,0,4,1
527.0,178,0,0,1,11,30,4,3,1,0,2,3,1
527.0,193,0,0,1,6,9,1,3,0,1,0,4,1
528.0,17,0,0,1,3,1,0,1,0,0,0,1,1
528.0,31,2,1,1,3,0,1,0,0,0,0,1,1
528.0,51,0,0,1,5,2,0,2,0,2,0,3,1
528.0,76,3,3,1,5,10,0,2,0,2,0,3,1
528.0,101,0,0,1,10,2,3,5,0,0,1,4,1
528.0,104,0,0,1,3,2,0,1,0,1,0,4,1
528.0,137,0,0,1,7,3,1,4,0,0,0,4,1
528.0,145,2,2,1,3,0,1,0,0,1,0,4,1
528.0,146,0,0,1,9,4,6,2,0,0,0,10,1
528.0,158,0,0,1,4,6,0,1,0,0,2,3,1
528.0,165,2,2,1,6,4,1,1,0,1,1,4,1
528.0,175,0,0,1,6,12,0,2,1,2,0,3,1
529.0,9,2,2,1,6,8,1,1,1,1,1,4,1
529.0,18,1,1,1,4,12,1,0,1,0,1,3,1
529.0,27,0,0,1,4,1,1,1,0,0,1,4,1
529.0,44,0,0,1,7,12,3,1,0,0,2,3,1
529.0,50,0,0,1,10,124,0,1,1,2,3,3,1
529.0,88,0,0,1,3,1,2,0,0,0,0,10,1
529.0,92,0,0,1,3,2,2,0,0,0,0,1,1
529.0,114,0,0,1,3,0,1,0,0,0,0,1,1
529.0,116,0,0,1,5,6,2,1,0,1,0,3,1
529.0,117,0,0,1,8,5,3,4,0,0,0,3,1
529.0,125,3,3,1,3,5,1,0,0,0,1,4,1
529.0,126,0,0,1,4,1,0,1,0,1,1,3,1
529.0,129,1,1,1,4,5,1,0,0,1,0,4,1
529.0,137,1,1,1,6,9,2,1,1,1,0,4,1
529.0,146,1,1,1,3,21,0,0,0,1,0,5,1
529.0,170,0,0,1,12,10,4,2,3,1,1,3,1
529.0,182,0,0,1,4,2,1,1,0,0,0,1,1
530.0,20,0,0,1,4,12,0,1,0,1,1,4,1
530.0,36,0,0,1,4,1,3,0,0,0,0,10,1
530.0,50,3,1,1,4,4,1,1,0,0,0,1,1
530.0,69,0,0,1,5,20,2,1,0,1,0,3,1
530.0,91,0,0,1,4,3,1,0,0,1,0,4,1
530.0,99,0,0,1,7,9,2,1,0,0,3,3,1
530.0,122,0,0,1,5,6,1,1,1,0,1,4,1
530.0,124,0,0,1,7,9,2,1,0,1,2,3,1
530.0,125,1,1,1,18,1,6,10,0,0,0,1,1
530.0,128,2,2,1,22,9,12,7,1,0,0,4,1
530.0,155,1,1,1,3,6,1,0,0,1,0,4,1
530.0,166,0,0,1,4,5,1,1,0,1,0,4,1
530.0,189,1,1,1,11,1,5,5,0,0,0,10,1
531.0,41,0,0,1,9,14,4,2,1,1,0,3,1
531.0,52,1,1,1,4,5,1,1,0,1,0,4,1
531.0,58,0,0,1,4,8,2,1,0,0,0,4,1
531.0,58,1,1,1,2,5,0,0,0,0,0,1,1
531.0,63,7,7,1,5,2,2,1,0,0,1,4,1
531.0,178,1,1,1,7,53,0,1,2,1,1,3,1
532.0,18,1,1,1,5,13,0,2,0,2,0,3,1
532.0,43,0,0,1,6,9,1,0,0,0,3,4,1
532.0,46,0,0,1,12,86,1,3,3,2,2,3,1
532.0,119,0,0,1,15,0,10,2,1,1,0,3,1
532.0,120,0,0,1,4,14,1,0,1,1,0,3,1
532.0,160,0,0,1,6,11,0,3,0,2,0,3,1
532.0,166,1,1,1,3,8,1,1,0,0,0,10,1
532.0,186,1,1,1,10,1,5,4,0,0,0,4,1
533.0,12,0,0,1,5,3,3,1,0,0,0,4,1
533.0,65,1,2,1,21,5,8,10,0,1,1,3,1
533.0,68,2,2,1,7,5,3,1,1,1,0,3,1
533.0,152,0,0,1,22,5,9,11,0,0,1,4,1
534.0,21,2,3,1,4,0,3,0,0,0,0,1,1
534.0,31,0,0,1,5,9,1,1,1,1,0,4,1
534.0,36,2,2,1,5,3,3,1,0,0,0,4,1
534.0,53,2,1,1,10,31,2,1,3,1,0,3,1
534.0,53,3,2,1,9,13,3,3,1,1,0,3,1
534.0,57,0,0,1,8,4,2,3,0,1,0,3,1
534.0,82,1,1,1,3,3,1,0,0,1,0,4,1
534.0,114,0,0,1,9,20,3,1,2,2,0,3,1
534.0,136,0,0,1,3,7,0,1,0,1,0,3,1
534.0,174,0,0,1,2,4,1,0,0,0,0,1,1
534.0,182,0,0,1,12,28,5,3,0,0,1,3,1
534.0,185,0,0,1,5,8,1,0,0,1,2,3,1
535.0,19,1,2,1,4,24,1,0,0,1,1,3,1
535.0,30,0,0,1,5,11,0,1,0,1,1,3,1
535.0,51,2,2,1,2,0,1,0,0,0,0,1,1
535.0,53,1,1,1,3,1,1,0,0,1,0,4,1
535.0,56,1,1,1,8,4,4,2,0,0,1,4,1
535.0,63,1,1,1,8,10,2,2,0,0,2,3,1
535.0,80,1,1,1,4,6,0,1,0,2,0,3,1
535.0,150,1,1,1,5,26,0,2,1,1,0,3,1
536.0,42,0,0,1,8,5,2,4,0,0,1,3,1
536.0,59,0,0,1,4,1,2,1,0,0,0,4,1
536.0,70,4,4,1,9,2,6,1,0,0,0,1,1
536.0,75,1,0,1,11,21,6,2,1,0,1,3,1
536.0,89,0,0,1,7,16,2,1,0,0,1,3,1
536.0,121,0,0,1,4,10,1,0,1,0,1,3,1
536.0,123,7,2,1,6,5,3,1,0,0,1,4,1
536.0,128,0,0,1,3,3,1,1,0,0,0,1,1
536.0,151,1,1,1,5,0,3,0,0,0,0,4,1
536.0,170,0,0,1,5,3,1,1,0,1,1,3,1
536.0,186,0,0,1,3,0,1,0,0,0,0,1,1
537.0,2,0,0,1,13,33,2,3,2,1,3,3,1
537.0,69,1,1,1,4,2,1,1,0,0,0,1,1
537.0,93,2,2,1,6,6,1,0,0,0,3,4,1
537.0,122,4,2,1,8,25,5,0,2,0,0,3,1
537.0,135,0,0,1,7,7,2,0,2,2,0,3,1
537.0,147,2,2,1,3,2,1,0,0,0,0,1,1
537.0,163,1,1,1,5,4,2,2,0,0,0,10,1
537.0,174,0,0,1,4,10,1,0,0,1,1,4,1
538.0,5,1,1,1,3,1,0,1,0,0,0,1,1
538.0,53,1,1,1,21,15,8,10,1,0,1,3,1
538.0,56,2,2,1,11,39,2,1,2,1,4,3,1
538.0,62,0,0,1,5,10,0,0,0,1,0,3,1
538.0,84,0,0,1,4,2,1,2,0,0,0,10,1
538.0,87,2,3,1,15,2,9,5,0,0,0,4,1
538.0,92,2,0,1,3,3,0,1,1,0,0,4,1
538.0,119,0,0,1,3,6,2,0,0,0,0,10,1
538.0,123,2,2,1,7,12,2,3,0,1,0,3,1
538.0,165,0,0,1,12,22,3,4,0,1,2,3,1
538.0,174,1,1,1,3,0,1,0,0,0,0,1,1
538.0,189,2,2,1,3,7,0,0,0,0,0,1,1
539.0,12,0,0,1,5,10,1,1,1,1,0,4,1
539.0,12,1,1,1,4,4,0,1,0,2,0,3,1
539.0,18,1,1,1,18,1,9,5,0,1,1,3,1
539.0,53,2,2,1,3,1,1,0,0,0,0,1,1
539.0,68,1,1,1,4,23,1,0,1,0,1,3,1
539.0,135,1,1,1,5,4,1,1,0,1,0,4,1
539.0,147,0,0,1,25,1,13,10,0,0,0,1,1
539.0,174,1,1,1,11,18,3,4,0,1,0,3,1
540.0,2,0,0,1,3,10,0,0,0,0,0,1,1
540.0,67,0,0,1,6,9,1,1,1,2,0,3,1
540.0,75,0,0,1,10,4,4,4,0,0,0,1,1
540.0,112,0,0,1,5,16,1,1,0,0,2,3,1
540.0,114,1,1,1,7,19,0,1,1,1,1,3,1
540.0,170,0,0,1,6,21,0,1,2,1,1,3,1
540.0,171,1,1,1,5,0,3,1,0,0,0,4,1
541.0,14,0,0,1,7,30,1,0,2,1,1,3,1
541.0,14,2,2,1,7,13,1,0,1,1,1,3,1
541.0,18,2,1,1,4,3,1,1,0,1,0,4,1
541.0,19,0,0,1,6,14,1,1,0,1,2,3,1
541.0,38,0,0,1,4,7,2,0,0,0,1,4,1
541.0,44,0,0,1,5,11,2,1,0,0,1,4,1
541.0,111,2,1,1,3,3,0,1,0,0,0,1,1
541.0,123,0,0,1,3,10,1,0,0,1,0,4,1
541.0,142,0,0,1,5,4,1,1,0,1,1,3,1
541.0,157,0,0,1,3,0,2,0,0,0,0,10,1
541.0,169,1,0,1,3,26,1,0,1,0,0,3,1
542.0,54,1,1,1,4,2,2,1,0,0,0,10,1
542.0,86,1,1,1,3,3,0,1,1,0,0,4,1
542.0,89,0,0,1,4,2,1,1,0,0,0,1,1
542.0,98,0,0,1,7,14,1,1,0,2,1,3,1
542.0,156,3,2,1,16,20,10,3,0,1,1,3,1
542.0,160,1,1,1,11,30,2,6,1,0,1,3,1
542.0,175,0,0,1,4,6,1,1,0,0,0,1,1
542.0,183,0,0,1,6,2,4,1,0,0,0,4,1
543.0,21,1,1,1,2,0,1,0,0,0,0,1,1
543.0,33,0,0,1,5,7,2,0,0,1,1,4,1
543.0,68,0,0,1,10,8,1,1,0,0,1,4,1
543.0,119,2,2,1,6,4,2,1,0,1,1,4,1
544.0,43,0,0,1,7,26,1,0,3,2,0,3,1
544.0,43,1,1,1,5,4,3,1,0,0,0,4,1
544.0,61,0,0,1,3,1,1,0,0,0,0,1,1
544.0,82,2,1,1,4,0,2,1,0,0,0,10,1
544.0,95,1,1,1,6,16,0,1,1,1,2,3,1
544.0,109,0,0,1,28,2,14,12,0,0,0,1,1
544.0,140,0,0,1,6,15,3,0,1,0,1,3,1
544.0,155,1,1,1,4,4,0,1,0,1,1,3,1
545.0,13,1,1,1,4,2,1,1,1,0,0,4,1
545.0,49,1,2,1,8,5,3,2,1,1,0,4,1
545.0,95,0,0,1,12,6,4,6,0,1,0,3,1
545.0,118,0,0,1,6,8,3,1,0,0,1,4,1
545.0,147,0,0,1,4,17,1,0,0,1,0,3,1
545.0,176,1,1,1,4,2,2,0,0,0,1,4,1
546.0,5,1,1,1,7,6,1,2,0,2,0,3,1
546.0,21,0,0,1,2,2,1,0,0,0,0,1,1
546.0,108,0,0,1,5,24,1,1,1,0,1,3,1
546.0,120,1,1,1,35,51,16,12,3,1,0,3,1
546.0,127,0,0,1,10,24,3,1,0,0,3,3,1
546.0,155,0,0,1,3,14,1,0,1,0,0,4,1
546.0,157,0,0,1,4,7,0,1,0,1,1,4,1
546.0,186,2,1,1,11,6,4,5,0,1,0,4,1
547.0,8,0,0,1,4,0,1,1,0,1,0,4,1
547.0,32,0,0,1,4,3,2,1,0,0,0,4,1
547.0,42,0,0,1,4,5,1,0,0,0,2,3,1
547.0,47,0,0,1,3,4,1,0,0,0,0,1,1
547.0,55,2,0,1,10,6,3,6,0,0,0,4,1
547.0,76,0,0,1,4,12,0,1,0,2,0,3,1
547.0,81,2,2,1,3,2,1,0,0,0,0,1,1
547.0,83,1,1,1,4,14,0,1,0,0,2,3,1
547.0,85,0,0,1,4,3,1,0,1,1,0,3,1
547.0,87,0,0,1,5,5,1,0,1,1,0,3,1
547.0,97,0,0,1,4,7,1,0,1,0,1,3,1
547.0,104,0,0,1,11,10,7,1,0,0,1,3,1
547.0,139,0,0,1,4,6,0,1,0,1,1,3,1
548.0,30,0,0,1,4,4,1,0,1,0,1,4,1
548.0,37,0,0,1,4,19,1,1,0,0,1,3,1
548.0,49,0,0,1,5,2,1,2,0,1,0,4,1
548.0,52,2,1,1,10,0,5,4,0,0,0,4,1
548.0,85,0,0,1,11,4,7,2,0,0,1,3,1
548.0,104,2,2,1,3,1,2,0,0,0,0,10,1
548.0,104,3,1,1,5,8,2,1,0,0,1,3,1
548.0,105,1,0,1,10,4,7,2,0,0,0,10,1
548.0,107,0,0,1,5,3,1,1,0,1,1,3,1
548.0,120,0,0,1,6,13,1,1,0,1,1,3,1
548.0,128,1,2,1,8,4,4,2,0,0,0,1,1
548.0,132,0,0,1,3,7,0,1,0,1,0,4,1
548.0,136,0,0,1,6,15,1,1,0,1,2,3,1
548.0,139,0,0,1,6,9,2,1,0,0,1,4,1
548.0,156,1,1,1,4,1,2,1,0,0,0,10,1
548.0,160,0,0,1,5,4,2,1,0,0,1,4,1
548.0,172,0,0,1,8,13,2,1,0,0,2,3,1
549.0,164,0,0,1,6,11,1,1,0,1,1,3,1
549.0,176,0,0,1,4,9,1,1,0,0,1,4,1
549.0,182,0,0,1,3,1,1,0,0,0,0,1,1
549.0,183,0,0,1,8,25,3,1,1,2,0,3,1
550.0,26,1,1,1,4,10,1,1,0,1,0,4,1
550.0,41,0,0,1,4,4,1,0,0,0,0,4,1
550.0,42,1,1,1,2,7,0,0,0,0,0,1,1
550.0,43,0,0,1,3,3,0,0,0,1,0,5,1
550.0,65,0,0,1,5,4,2,1,0,1,0,4,1
550.0,139,0,0,1,7,7,2,1,1,0,2,4,1
551.0,7,1,1,1,5,1,2,0,1,1,0,4,1
551.0,20,1,1,1,5,3,2,0,1,1,0,4,1
551.0,38,0,0,1,5,6,1,1,0,1,1,4,1
551.0,43,1,1,1,10,9,6,2,0,1,0,4,1
551.0,61,0,0,1,4,8,0,1,0,1,1,3,1
551.0,76,0,0,1,4,1,1,1,0,0,0,1,1
551.0,80,1,0,1,4,11,1,0,0,1,0,4,1
551.0,87,1,1,1,4,12,1,1,0,0,1,4,1
551.0,91,4,2,1,7,3,2,2,1,1,0,3,1
551.0,107,2,2,1,6,11,1,1,1,2,0,3,1
551.0,167,0,0,1,3,5,1,0,0,1,0,3,1
551.0,167,1,1,1,3,1,2,0,0,0,0,1,1
551.0,173,1,1,1,7,0,3,2,0,0,0,4,1
552.0,60,0,0,1,6,4,2,1,1,1,0,3,1
552.0,68,2,2,1,5,7,1,1,1,1,0,3,1
552.0,79,0,0,1,7,18,1,1,1,1,1,3,1
552.0,106,1,1,1,3,2,1,0,0,0,0,1,1
552.0,148,0,0,1,12,14,2,7,0,0,0,3,1
552.0,157,0,0,1,9,4,6,1,0,0,1,3,1
553.0,25,0,0,1,11,25,6,2,0,1,1,3,1
553.0,31,3,3,1,4,0,3,0,0,0,0,4,1
553.0,33,1,0,1,4,6,2,0,1,0,0,1,1
553.0,74,2,2,1,4,10,1,0,1,0,0,3,1
553.0,85,1,1,1,13,0,6,6,0,0,0,10,1
553.0,123,0,0,1,10,13,7,2,0,0,0,3,1
553.0,142,1,1,1,5,27,1,0,2,1,0,3,1
553.0,159,3,4,1,3,1,1,0,0,0,0,1,1
553.0,194,0,0,1,3,9,0,0,0,1,0,5,1
554.0,45,0,0,1,3,21,1,0,1,0,0,3,1
554.0,63,2,1,1,13,2,3,8,0,1,0,3,1
554.0,101,0,0,1,9,6,6,1,0,0,1,3,1
554.0,123,0,0,1,4,7,1,0,1,0,1,3,1
554.0,158,2,2,1,4,1,1,1,0,1,0,4,1
554.0,184,0,0,1,5,0,0,2,0,2,0,3,1
554.0,185,0,0,1,2,1,0,0,0,0,0,1,1
554.0,188,0,0,1,4,1,2,0,0,1,0,4,1
555.0,14,0,0,1,15,19,7,3,1,1,1,3,1
555.0,48,0,0,1,6,5,1,1,1,2,0,3,1
555.0,67,0,0,1,18,18,6,8,1,1,1,3,1
555.0,70,2,1,1,4,5,2,0,0,0,1,4,1
555.0,110,0,0,1,4,8,0,1,0,1,1,4,1
555.0,123,2,2,1,17,1,14,1,0,0,0,4,1
555.0,153,0,0,1,3,0,1,0,0,0,0,1,1
555.0,172,0,0,1,21,1,11,8,0,0,0,1,1
556.0,24,1,1,1,3,1,1,1,0,0,0,1,1
556.0,56,1,1,1,4,3,1,1,0,1,0,4,1
556.0,83,2,3,1,4,0,1,1,0,0,0,1,1
556.0,162,2,2,1,7,44,2,0,2,1,1,3,1
556.0,169,0,0,1,4,0,2,1,0,0,0,10,1
556.0,172,0,0,1,7,48,0,1,1,0,2,3,1
557.0,108,0,0,1,3,12,0,1,0,1,0,3,1
557.0,119,2,0,1,4,6,3,0,0,0,0,10,1
557.0,128,0,0,1,3,14,1,0,0,1,0,4,1
557.0,145,0,0,1,5,9,1,1,0,1,1,3,1
557.0,152,0,0,1,3,2,1,0,0,0,0,1,1
557.0,186,0,0,1,6,1,2,3,0,0,0,4,1
558.0,42,1,1,1,11,3,7,2,0,1,0,4,1
558.0,52,0,0,1,7,1,1,3,0,1,0,4,1
558.0,69,1,1,1,4,2,1,0,1,1,0,3,1
558.0,74,3,3,1,4,1,1,1,0,0,0,1,1
558.0,76,1,1,1,9,6,4,2,0,1,1,3,1
558.0,109,0,0,1,4,16,1,0,0,1,1,3,1
559.0,33,2,2,1,2,0,1,0,0,0,0,1,1
559.0,40,0,0,1,4,1,2,0,0,1,0,4,1
559.0,45,0,0,1,6,7,1,1,1,1,0,4,1
559.0,76,1,1,1,4,5,1,1,0,1,0,4,1
560.0,19,1,0,1,6,13,2,1,0,0,0,3,1
560.0,24,0,0,1,2,4,0,0,0,0,0,1,1
560.0,44,1,1,1,8,35,1,2,0,0,1,3,1
560.0,62,0,0,1,16,11,9,4,1,1,0,4,1
560.0,77,1,1,1,6,28,1,0,2,1,1,3,1
560.0,-1,0,0,1,12,11,4,4,0,1,2,3,1
560.0,120,0,0,1,5,10,0,2,0,1,1,3,1
560.0,139,0,0,1,4,1,3,0,0,0,0,10,1
561.0,26,0,0,1,6,7,2,1,1,1,0,4,1
561.0,30,2,2,1,3,4,0,0,0,0,0,1,1
561.0,35,0,0,1,6,6,2,1,0,1,1,4,1
561.0,41,1,2,1,4,1,3,0,0,0,0,4,1
561.0,64,2,2,1,5,0,3,1,0,0,0,4,1
561.0,69,1,1,1,25,3,13,10,0,0,0,4,1
561.0,84,0,0,1,8,5,2,5,0,0,0,4,1
561.0,123,0,0,1,5,6,1,0,0,0,3,4,1
561.0,137,0,0,1,4,4,0,2,0,1,0,4,1
561.0,139,2,1,1,5,3,1,1,0,0,1,4,1
561.0,149,0,0,1,13,3,9,3,0,0,0,10,1
561.0,150,0,0,1,7,0,4,1,0,1,0,4,1
562.0,81,0,0,1,2,2,1,0,0,0,0,1,1
562.0,109,0,0,1,4,8,0,1,0,1,1,3,1
562.0,115,1,1,1,3,0,1,0,0,1,0,4,1
562.0,119,0,0,1,9,7,5,3,0,0,0,4,1
562.0,150,3,3,1,7,26,2,1,1,1,1,3,1
562.0,164,3,2,1,6,34,1,1,1,0,0,3,1
562.0,176,0,0,1,3,5,1,0,0,0,1,4,1
563.0,14,0,0,1,9,19,1,2,0,1,4,3,1
563.0,29,1,2,1,3,0,1,1,0,0,0,1,1
563.0,88,0,0,1,6,5,3,1,0,0,1,3,1
563.0,144,2,1,1,22,7,7,11,0,0,3,3,1
563.0,147,0,0,1,5,5,3,1,0,0,0,4,1
563.0,164,3,2,1,4,0,2,0,0,1,0,4,1
564.0,2,0,0,1,6,5,1,1,0,2,1,4,1
564.0,38,0,0,1,4,0,2,1,0,0,0,10,1
564.0,59,2,2,1,5,1,2,1,0,1,0,3,1
564.0,64,0,0,1,7,8,2,2,0,1,1,3,1
564.0,81,0,0,1,7,0,3,3,0,0,0,4,1
564.0,115,1,1,1,10,1,9,0,0,0,0,4,1
564.0,129,2,0,1,4,3,1,1,0,0,0,1,1
564.0,142,0,0,1,5,4,1,1,0,2,0,3,1
564.0,143,0,0,1,13,1,2,6,1,1,1,3,1
564.0,175,2,1,1,10,10,4,4,0,1,0,4,1
564.0,191,0,0,1,12,9,5,4,0,0,1,4,1
565.0,1,1,1,1,3,0,2,0,0,0,0,10,1
565.0,60,0,0,1,12,26,3,2,3,2,1,3,1
565.0,85,2,2,1,3,3,0,0,0,1,0,5,1
565.0,92,0,0,1,3,1,1,0,0,0,1,4,1
565.0,106,0,0,1,5,7,0,2,0,2,0,4,1
565.0,124,0,0,1,12,8,3,5,0,2,0,3,1
565.0,146,0,0,1,3,1,1,1,0,0,0,1,1
565.0,173,0,0,1,5,2,3,1,0,0,0,4,1
565.0,177,1,1,1,22,3,10,11,0,0,0,10,1
566.0,25,1,1,1,3,1,0,0,0,0,0,1,1
566.0,35,0,0,1,4,2,1,0,0,0,1,3,1
566.0,109,1,1,1,4,6,1,0,1,1,0,3,1
566.0,114,1,1,1,4,6,1,1,0,1,0,4,1
566.0,124,0,0,1,3,4,1,0,0,1,0,4,1
566.0,133,0,0,1,9,3,4,3,0,0,1,3,1
566.0,139,0,0,1,2,6,1,0,0,0,0,1,1
567.0,8,1,1,1,11,5,6,2,0,0,1,4,1
567.0,26,0,0,1,3,3,1,0,0,0,0,1,1
567.0,43,0,0,1,10,8,4,3,0,1,0,4,1
567.0,46,4,3,1,5,4,2,2,0,0,0,10,1
567.0,57,3,3,1,4,2,1,1,0,0,0,1,1
567.0,74,0,0,1,18,48,4,4,4,2,3,3,1
567.0,81,0,0,1,19,2,10,8,0,0,0,10,1
567.0,95,2,2,1,25,17,11,8,3,2,0,3,1
567.0,103,4,2,1,5,5,2,0,1,1,0,3,1
567.0,152,0,0,1,4,3,0,1,1,1,0,3,1
567.0,178,2,2,1,6,8,4,0,0,1,0,4,1
567.0,182,1,1,1,5,35,0,2,0,0,1,3,1
568.0,5,0,0,1,16,1,7,8,0,0,0,10,1
568.0,24,0,0,1,8,29,0,1,0,0,6,3,1
568.0,63,1,1,1,9,2,3,4,0,0,0,1,1
568.0,81,1,1,1,4,6,1,0,0,0,0,3,1
568.0,88,2,2,1,4,0,1,1,0,0,0,1,1
568.0,150,0,0,1,4,3,3,0,0,0,0,4,1
568.0,186,0,0,1,4,6,1,1,0,1,0,4,1
569.0,94,0,0,1,5,5,1,1,0,1,1,4,1
569.0,102,0,0,1,4,12,1,1,0,1,0,3,1
569.0,110,1,1,1,10,15,6,1,1,1,0,3,1
569.0,114,0,0,1,5,15,2,0,0,1,1,3,1
569.0,130,0,0,1,7,5,1,2,0,1,2,3,1
569.0,131,2,1,1,4,5,1,0,0,1,1,3,1
569.0,139,0,0,1,5,0,2,1,0,1,0,4,1
569.0,141,0,0,1,4,2,2,0,0,1,0,4,1
569.0,149,0,0,1,8,0,6,1,0,0,0,4,1
570.0,28,1,1,1,12,14,2,4,0,1,1,3,1
570.0,43,0,0,1,4,5,2,0,0,0,1,4,1
570.0,48,2,2,1,4,4,2,0,0,1,0,3,1
570.0,75,0,0,1,3,2,1,0,0,1,0,4,1
570.0,109,0,0,1,12,7,6,2,1,1,1,3,1
570.0,133,0,0,1,4,3,0,2,0,0,1,4,1
570.0,143,0,0,1,11,6,4,3,0,0,2,4,1
570.0,183,0,0,1,3,1,0,1,1,0,0,4,1
571.0,19,3,2,1,3,2,0,0,0,0,0,1,1
571.0,31,0,0,1,3,9,0,0,0,1,0,5,1
571.0,39,1,1,1,4,11,1,0,1,1,0,3,1
571.0,67,1,1,1,2,1,1,0,0,0,0,1,1
571.0,111,0,0,1,3,4,0,1,0,1,0,4,1
571.0,122,1,1,1,10,0,8,0,1,0,0,3,1
571.0,139,0,0,1,6,9,4,0,1,0,0,4,1
571.0,182,0,0,1,8,31,0,2,1,2,2,3,1
571.0,185,0,0,1,6,7,1,1,1,1,0,4,1
572.0,9,3,3,1,3,2,2,0,0,0,0,10,1
572.0,13,0,0,1,6,8,2,1,0,0,2,3,1
572.0,16,1,1,1,6,17,1,1,2,1,0,3,1
572.0,17,0,0,1,7,1,3,3,0,0,0,4,1
572.0,78,0,0,1,11,55,2,4,2,0,2,3,1
572.0,110,3,1,1,3,8,0,1,0,1,0,3,1
572.0,129,0,0,1,11,1,5,3,1,1,0,4,1
572.0,138,0,0,1,3,1,1,0,0,0,0,1,1
572.0,152,0,0,1,5,26,0,1,1,2,0,3,1
572.0,162,0,0,1,11,32,2,5,0,2,1,3,1
572.0,167,0,0,1,7,6,1,3,0,2,0,4,1
572.0,178,0,0,1,4,1,1,1,0,0,0,1,1
572.0,186,0,0,1,3,3,0,2,0,0,0,10,1
573.0,17,0,0,1,5,11,0,1,0,2,1,3,1
573.0,21,1,1,1,5,3,1,1,0,1,1,3,1
573.0,35,1,1,1,5,11,1,1,0,1,1,4,1
573.0,52,3,2,1,3,2,1,0,0,0,0,1,1
573.0,94,0,0,1,5,5,1,2,0,1,0,4,1
573.0,121,0,0,1,8,11,1,3,1,2,0,3,1
573.0,131,0,0,1,7,6,2,1,1,2,0,3,1
573.0,156,0,0,1,4,8,0,1,0,0,2,3,1
573.0,161,2,2,1,6,1,4,0,0,0,0,1,1
573.0,189,0,0,1,4,5,0,1,0,1,1,3,1
574.0,11,1,1,1,4,2,2,1,0,0,0,10,1
574.0,39,0,0,1,5,25,0,1,1,1,1,3,1
574.0,44,0,0,1,11,51,4,0,1,1,2,3,1
574.0,48,1,1,1,28,18,10,12,0,1,4,3,1
574.0,52,1,1,1,3,5,1,0,0,0,1,4,1
574.0,53,0,0,1,18,9,9,6,0,2,0,3,1
574.0,71,3,1,1,4,6,1,0,1,1,0,3,1
574.0,74,0,0,1,9,5,6,1,0,0,1,4,1
574.0,97,0,0,1,7,66,0,1,1,0,3,3,1
574.0,114,1,1,1,8,10,0,1,0,1,1,3,1
574.0,131,2,2,1,6,39,1,2,1,0,1,3,1
574.0,140,0,0,1,3,1,1,0,0,1,0,4,1
574.0,146,0,0,1,4,15,2,0,1,0,0,3,1
574.0,161,2,2,1,3,0,1,0,0,0,0,1,1
575.0,25,4,5,1,4,2,2,1,0,0,0,3,1
575.0,45,0,0,1,11,4,2,4,0,2,2,3,1
575.0,72,0,0,1,6,9,2,1,0,1,1,4,1
575.0,77,1,1,1,7,0,1,3,0,1,0,4,1
575.0,94,0,0,1,18,3,9,7,0,0,0,1,1
575.0,127,1,1,1,6,15,0,1,1,1,2,3,1
575.0,166,1,1,1,7,32,1,0,2,1,2,3,1
576.0,46,1,1,1,5,28,0,1,0,2,1,3,1
576.0,145,3,2,1,11,9,5,4,0,0,1,3,1
576.0,196,3,2,1,5,10,1,0,1,1,0,3,1
577.0,12,0,0,1,16,26,6,3,1,1,2,3,1
577.0,18,1,1,1,5,8,0,0,0,1,0,3,1
577.0,91,2,2,1,17,1,9,7,0,0,0,10,1
577.0,106,0,0,1,7,3,4,1,0,1,0,4,1
577.0,152,0,0,1,3,2,1,1,0,0,0,10,1
577.0,171,0,0,1,5,1,3,0,0,0,1,3,1
577.0,183,1,1,1,9,17,6,0,0,0,0,3,1
578.0,9,0,0,1,6,2,2,0,1,1,0,3,1
578.0,46,1,2,1,4,6,2,1,0,0,0,10,1
578.0,108,0,0,1,3,5,1,0,0,1,0,3,1
578.0,157,1,1,1,4,11,1,1,0,1,0,3,1
578.0,174,0,0,1,12,14,5,2,0,1,2,3,1
578.0,181,0,0,1,28,5,14,11,0,0,2,3,1
578.0,192,0,0,1,3,9,0,0,0,1,0,5,1
579.0,12,0,0,1,4,2,1,1,0,0,0,1,1
579.0,15,2,1,1,5,2,2,0,1,1,0,4,1
579.0,36,1,2,1,7,4,5,1,0,0,0,4,1
579.0,64,3,3,1,4,6,1,0,0,1,1,3,1
579.0,69,0,0,1,5,2,2,0,1,1,0,3,1
579.0,72,0,0,1,8,3,1,3,0,1,1,4,1
579.0,96,2,0,1,2,2,1,0,0,0,0,1,1
579.0,157,1,1,1,16,5,5,6,1,3,0,3,1
579.0,183,0,0,1,9,34,2,0,3,1,0,3,1
580.0,25,0,0,1,5,7,2,0,1,0,1,3,1
580.0,50,2,1,1,3,1,2,0,0,0,0,10,1
580.0,103,0,0,1,3,3,1,0,0,1,0,4,1
580.0,108,0,0,1,10,12,5,1,0,0,3,3,1
580.0,128,1,1,1,3,3,1,1,0,0,0,1,1
580.0,146,2,2,1,3,0,2,0,0,0,0,10,1
580.0,184,0,0,1,3,12,0,0,0,1,0,5,1
581.0,7,0,0,1,3,2,1,1,0,0,0,1,1
581.0,8,4,3,1,2,0,1,0,0,0,0,1,1
581.0,9,1,1,1,4,22,1,0,0,1,1,3,1
581.0,27,0,0,1,5,1,2,1,0,1,0,3,1
581.0,62,0,0,1,13,27,7,1,2,2,0,3,1
581.0,65,0,0,1,8,3,3,3,0,0,1,3,1
581.0,71,0,0,1,5,10,1,0,0,0,1,3,1
581.0,101,0,0,1,3,1,0,1,0,0,0,1,1
581.0,119,1,1,1,4,2,0,1,0,1,0,3,1
581.0,142,1,0,1,16,4,8,6,0,1,0,4,1
581.0,184,1,1,1,4,2,2,0,0,0,0,1,1
582.0,1,3,2,1,8,1,6,1,0,0,0,4,1
582.0,17,0,0,1,14,8,8,2,1,1,1,3,1
582.0,25,2,2,1,4,4,2,0,1,0,0,4,1
582.0,28,0,0,1,4,5,1,0,1,1,0,3,1
582.0,135,0,0,1,9,14,2,1,2,1,1,3,1
582.0,165,0,0,1,7,8,3,0,1,0,2,3,1
582.0,175,1,1,1,4,10,1,0,0,0,1,4,1
583.0,5,1,1,1,10,10,3,4,0,1,1,4,1
583.0,15,0,0,1,5,12,0,0,0,1,1,3,1
583.0,29,0,0,1,8,31,1,0,1,1,0,3,1
583.0,43,1,1,1,5,0,3,1,0,0,0,10,1
583.0,71,2,2,1,6,4,1,2,0,1,0,3,1
583.0,77,6,4,1,10,17,6,1,0,1,1,3,1
583.0,170,0,0,1,7,20,1,0,1,2,2,3,1
584.0,37,0,0,1,5,6,1,2,0,1,0,10,1
584.0,47,0,0,1,3,1,0,0,0,1,0,5,1
584.0,71,0,0,1,11,0,3,6,0,0,0,1,1
584.0,86,0,0,1,5,7,2,1,0,0,1,4,1
584.0,104,0,0,1,3,5,0,1,0,1,0,4,1
584.0,127,3,3,1,4,0,2,0,0,0,0,1,1
584.0,188,4,3,1,4,2,3,0,0,0,0,1,1
584.0,191,1,1,1,11,0,6,3,1,0,0,4,1
585.0,29,1,1,1,5,16,1,1,0,0,2,3,1
585.0,100,3,3,1,3,0,1,0,0,1,0,4,1
585.0,151,0,0,1,5,6,0,2,0,1,0,1,1
585.0,168,0,0,1,3,8,0,1,0,0,1,4,1
585.0,169,1,1,1,15,16,5,8,0,0,1,3,1
586.0,3,0,0,1,7,10,5,0,0,1,0,4,1
586.0,6,0,0,1,4,12,0,1,1,0,1,4,1
586.0,24,0,0,1,4,7,1,1,0,0,1,4,1
586.0,26,0,0,1,29,3,16,12,0,0,0,10,1
586.0,29,1,1,1,3,3,1,0,0,0,0,1,1
586.0,47,1,1,1,6,6,2,1,0,0,1,4,1
586.0,55,2,1,1,5,4,3,0,0,0,0,4,1
586.0,61,0,0,1,8,2,2,3,1,0,0,4,1
586.0,115,0,0,1,3,7,1,0,0,1,0,4,1
586.0,156,2,2,1,3,0,1,0,0,0,0,1,1
586.0,160,0,0,1,4,6,1,0,1,1,0,4,1
586.0,160,1,1,1,4,1,3,0,0,0,0,4,1
586.0,179,1,1,1,4,8,0,1,1,0,1,4,1
586.0,185,0,0,1,25,3,12,11,0,0,0,1,1
587.0,17,1,1,1,12,5,7,3,0,0,1,3,1
587.0,30,0,0,1,3,21,0,1,0,0,1,3,1
587.0,36,1,1,1,4,3,2,0,0,0,1,4,1
587.0,61,0,0,1,4,0,1,1,0,0,0,1,1
587.0,89,2,3,1,3,0,1,0,0,0,0,1,1
587.0,115,1,0,1,3,3,2,0,0,0,0,10,1
587.0,136,1,1,1,9,24,1,1,3,2,1,3,1
587.0,148,0,0,1,6,22,1,0,0,1,1,3,1
587.0,151,1,1,1,4,5,1,0,1,1,0,3,1
587.0,160,0,0,1,4,10,1,0,0,1,1,3,1
587.0,171,0,0,1,6,0,3,1,0,1,0,4,1
588.0,40,0,0,1,2,1,1,0,0,0,0,1,1
588.0,43,1,1,1,4,3,2,0,0,0,1,4,1
588.0,58,0,0,1,4,2,1,0,0,1,0,4,1
588.0,59,0,0,1,3,8,1,0,1,0,0,4,1
588.0,116,0,0,1,2,2,1,0,0,0,0,1,1
589.0,17,0,0,1,7,31,2,0,3,1,0,3,1
589.0,35,0,0,1,8,34,1,1,0,1,1,3,1
589.0,51,0,0,1,25,2,13,10,0,1,0,4,1
589.0,78,0,0,1,8,18,1,2,0,1,3,3,1
589.0,119,0,0,1,3,3,0,1,0,1,0,3,1
589.0,170,0,0,1,4,11,3,0,0,0,0,1,1
589.0,181,0,0,1,5,8,1,0,1,2,0,3,1
590.0,6,0,0,1,9,12,3,1,0,2,2,3,1
590.0,9,1,1,1,3,1,1,0,0,0,0,1,1
590.0,46,0,0,1,17,15,12,3,0,0,1,3,1
590.0,55,0,0,1,7,5,5,1,0,0,0,4,1
590.0,113,2,2,1,5,16,1,1,0,1,1,3,1
590.0,145,2,2,1,9,5,5,3,0,0,0,4,1
590.0,186,2,1,1,9,3,5,2,0,0,0,1,1
591.0,32,0,0,1,8,9,2,4,0,0,1,4,1
591.0,51,4,4,1,3,1,1,0,0,0,0,1,1
591.0,68,2,2,1,10,3,4,4,0,1,0,3,1
591.0,172,1,1,1,5,3,1,1,0,1,1,3,1
592.0,10,1,1,1,6,11,3,0,1,0,1,4,1
592.0,19,0,0,1,5,5,1,0,1,2,0,3,1
592.0,31,0,0,1,5,6,0,1,0,1,1,3,1
592.0,36,1,1,1,16,2,5,9,1,0,0,3,1
592.0,42,0,0,1,5,11,1,0,2,0,1,3,1
592.0,66,0,0,1,6,6,1,2,0,0,2,4,1
592.0,103,4,3,1,3,2,1,0,0,0,0,1,1
592.0,117,2,2,1,4,1,1,2,0,0,0,10,1
592.0,175,1,1,1,3,4,1,0,0,1,0,3,1
592.0,177,0,0,1,3,5,1,1,0,0,0,10,1
593.0,63,2,2,1,4,7,2,0,0,1,0,4,1
593.0,78,0,0,1,5,5,1,2,0,0,1,4,1
593.0,97,0,0,1,27,2,11,13,0,1,0,4,1
593.0,99,0,0,1,5,5,1,1,0,1,1,3,1
593.0,140,0,0,1,7,6,2,2,0,1,1,3,1
594.0,11,4,2,1,15,17,9,1,1,0,1,3,1
594.0,51,0,0,1,11,25,1,7,1,0,0,3,1
594.0,62,4,2,1,5,2,1,3,0,0,0,10,1
594.0,87,6,2,1,12,56,3,1,2,1,4,3,1
594.0,88,1,1,1,14,3,6,6,0,0,0,1,1
594.0,97,0,0,1,6,12,1,0,2,1,1,3,1
594.0,102,3,3,1,7,0,5,1,0,0,0,10,1
594.0,125,0,0,1,4,6,1,1,1,0,0,4,1
594.0,126,0,0,1,5,11,1,1,0,0,2,3,1
594.0,162,1,1,1,39,4,18,17,1,2,0,4,1
595.0,6,0,0,1,6,5,0,2,0,2,1,3,1
595.0,36,0,0,1,7,5,2,1,1,1,1,3,1
595.0,100,0,0,1,3,4,1,0,0,0,1,4,1
595.0,119,2,2,1,9,99,5,1,1,1,0,3,1
595.0,123,4,5,1,3,1,2,0,0,0,0,10,1
595.0,130,1,1,1,3,5,0,1,0,1,0,4,1
595.0,165,0,0,1,6,23,1,0,1,2,1,3,1
596.0,8,0,0,1,11,9,3,4,0,1,2,3,1
596.0,30,1,1,1,7,14,0,2,1,2,0,3,1
596.0,48,0,0,1,5,4,3,0,0,0,1,4,1
596.0,96,1,1,1,6,2,3,1,0,1,0,4,1
596.0,99,1,0,1,7,5,5,1,0,0,0,4,1
596.0,100,0,0,1,4,8,1,0,1,1,0,4,1
596.0,117,1,0,1,3,7,0,0,0,0,0,1,1
596.0,140,1,1,1,8,24,0,2,1,3,1,3,1
596.0,146,0,0,1,6,6,2,0,1,1,1,3,1
596.0,165,0,0,1,4,4,1,0,0,1,1,4,1
596.0,179,0,0,1,10,2,6,2,0,0,0,1,1
597.0,0,1,1,1,20,12,8,8,1,2,0,3,1
597.0,8,0,0,1,14,21,7,4,0,0,1,3,1
597.0,16,0,0,1,6,9,1,1,1,1,1,3,1
597.0,19,0,0,1,4,7,0,1,0,1,1,3,1
597.0,27,1,1,1,3,1,1,0,0,0,0,1,1
597.0,28,2,1,1,5,2,2,1,0,1,0,4,1
597.0,29,2,2,1,4,3,2,1,0,0,0,10,1
597.0,33,3,3,1,4,2,1,1,0,1,0,4,1
597.0,39,0,0,1,5,5,1,1,0,1,0,4,1
597.0,42,1,1,1,6,0,4,0,0,0,0,1,1
597.0,51,0,0,1,6,1,0,2,0,2,0,4,1
597.0,93,1,3,1,3,6,1,0,0,1,0,3,1
597.0,103,0,0,1,11,9,7,1,1,1,0,3,1
597.0,116,0,0,1,3,7,0,0,0,1,0,5,1
597.0,150,0,0,1,2,6,0,0,0,0,0,1,1
597.0,161,2,2,1,4,11,0,1,0,1,0,3,1
598.0,3,4,3,1,7,19,4,1,0,1,0,3,1
598.0,8,1,1,1,12,27,5,3,1,1,1,3,1
598.0,57,0,0,1,8,37,0,1,2,1,3,3,1
598.0,58,0,0,1,4,4,3,0,0,0,0,4,1
598.0,72,1,1,1,2,0,1,0,0,0,0,1,1
598.0,73,0,0,1,4,13,2,0,0,1,0,4,1
598.0,76,2,1,1,3,5,0,1,1,0,0,4,1
598.0,122,1,1,1,7,17,0,1,0,1,2,3,1
598.0,133,0,0,1,10,3,4,2,1,1,0,3,1
599.0,7,1,1,1,3,2,0,1,0,1,0,4,1
599.0,23,0,0,1,3,17,1,0,1,0,0,3,1
599.0,45,0,0,1,5,18,1,1,1,1,0,4,1
599.0,61,0,0,1,6,17,1,1,1,0,2,3,1
599.0,63,0,0,1,3,4,1,0,0,0,0,1,1
599.0,70,0,0,1,5,2,2,1,0,0,0,1,1
599.0,76,0,0,1,12,2,7,2,1,1,0,3,1
599.0,84,2,2,1,2,1,1,0,0,0,0,1,1
599.0,142,0,0,1,11,6,6,3,0,0,1,4,1
599.0,169,1,1,1,18,5,10,6,0,1,0,4,1
599.0,173,0,0,1,7,13,1,1,2,1,1,3,1
599.0,176,1,1,1,6,3,2,3,0,0,0,10,1
599.0,185,3,3,1,3,2,2,0,0,0,0,10,1
600.0,7,0,0,1,8,4,4,2,0,1,0,4,1
600.0,30,0,0,1,4,19,1,0,0,1,0,3,1
600.0,55,1,1,1,3,0,0,2,0,0,0,10,1
600.0,76,0,0,1,13,6,6,3,1,0,2,3,1
600.0,82,1,1,1,6,10,0,2,0,2,1,3,1
600.0,116,0,0,1,3,13,0,1,0,1,0,3,1
600.0,141,0,0,1,7,7,4,0,0,0,1,4,1
600.0,149,0,0,1,7,2,4,1,0,0,1,3,1
600.0,177,0,0,1,4,8,2,0,0,1,0,4,1
600.0,187,0,0,1,5,7,2,0,1,1,0,3,1
601.0,1,2,2,1,3,3,0,1,0,0,0,1,1
601.0,14,2,2,1,14,5,6,5,0,2,0,3,1
601.0,36,0,0,1,4,2,1,1,1,0,0,4,1
601.0,37,2,1,1,5,1,0,3,0,0,0,4,1
601.0,43,1,1,1,7,3,0,4,0,1,1,4,1
601.0,49,0,0,1,6,8,4,1,0,0,0,3,1
601.0,99,3,3,1,2,2,1,0,0,0,0,1,1
601.0,156,1,0,1,6,1,2,1,0,1,0,4,1
601.0,176,2,3,1,3,3,1,0,0,0,1,3,1
602.0,4,0,0,1,5,10,2,0,0,0,1,4,1
602.0,30,0,0,1,4,4,1,1,0,0,0,1,1
602.0,66,1,1,1,3,2,1,0,0,0,0,1,1
602.0,105,1,1,1,3,2,1,0,0,0,0,1,1
602.0,114,0,0,1,12,20,1,6,0,2,2,3,1
602.0,184,0,0,1,7,6,3,1,0,1,1,3,1
603.0,4,0,0,1,10,2,6,1,1,1,0,3,1
603.0,14,0,0,1,2,0,1,0,0,0,0,1,1
603.0,65,1,1,1,3,6,0,1,0,1,0,3,1
603.0,96,0,0,1,3,3,0,0,0,0,0,1,1
603.0,117,5,2,1,3,2,1,0,0,0,0,1,1
603.0,125,1,1,1,4,9,0,2,0,1,0,3,1
603.0,130,2,2,1,5,2,3,1,0,0,0,10,1
603.0,133,9,1,1,6,22,0,1,2,1,1,3,1
603.0,156,0,0,1,3,1,1,0,0,0,0,1,1
603.0,168,0,0,1,13,13,6,5,0,1,0,3,1
604.0,62,0,0,1,6,7,1,2,1,1,0,4,1
604.0,75,0,0,1,3,3,1,0,0,0,0,1,1
604.0,89,0,0,1,4,6,1,1,0,0,1,4,1
604.0,102,1,1,1,4,0,1,1,0,0,0,1,1
604.0,103,0,0,1,6,4,1,1,0,2,0,4,1
604.0,109,0,0,1,5,30,0,1,0,1,0,3,1
604.0,149,1,1,1,3,3,1,0,0,0,1,4,1
605.0,10,0,0,1,6,3,3,0,0,0,1,4,1
605.0,19,0,0,1,5,3,1,1,1,1,0,4,1
605.0,72,0,0,1,7,3,6,0,0,0,0,10,1
605.0,114,0,0,1,3,5,0,1,0,0,0,1,1
605.0,118,1,1,1,3,1,1,0,0,0,0,1,1
606.0,7,2,2,1,2,3,1,0,0,0,0,1,1
606.0,25,3,1,1,4,0,1,0,0,0,0,4,1
606.0,30,0,0,1,6,4,2,1,0,0,1,4,1
606.0,42,1,1,1,4,24,1,0,0,0,1,3,1
606.0,72,2,2,1,5,11,1,0,0,1,0,4,1
606.0,84,0,0,1,7,15,1,1,1,2,1,3,1
606.0,86,0,0,1,12,5,4,6,0,1,0,3,1
606.0,134,1,1,1,4,23,0,1,0,1,0,3,1
606.0,168,0,0,1,3,14,1,0,0,1,0,3,1
607.0,14,1,1,1,8,14,1,1,1,3,1,3,1
607.0,20,0,0,1,5,6,1,1,1,1,0,4,1
607.0,22,0,0,1,5,4,2,1,0,0,1,4,1
607.0,64,0,0,1,3,2,0,1,0,0,1,3,1
607.0,65,0,0,1,17,22,8,4,2,1,1,3,1
607.0,80,0,0,1,3,2,1,0,0,1,0,4,1
607.0,107,1,1,1,6,8,2,2,0,0,0,1,1
607.0,111,0,0,1,14,20,6,3,0,2,2,3,1
607.0,141,0,0,1,6,5,2,0,1,1,1,3,1
607.0,150,0,0,1,5,1,3,1,0,0,0,4,1
607.0,163,1,1,1,3,15,0,0,0,0,0,4,1
607.0,187,0,0,1,7,13,0,1,1,2,2,3,1
608.0,1,1,0,1,5,3,3,1,0,0,0,4,1
608.0,23,0,0,1,2,0,0,0,0,0,0,1,1
608.0,29,1,1,1,4,2,2,0,0,0,1,4,1
608.0,29,2,2,1,10,15,2,1,2,1,2,3,1
608.0,33,0,0,1,9,34,0,2,2,4,0,3,1
608.0,34,0,0,1,2,4,0,0,0,0,0,1,1
608.0,46,0,0,1,9,3,3,5,0,0,0,4,1
608.0,72,1,1,1,6,9,0,1,1,1,0,3,1
608.0,101,0,0,1,9,3,3,3,0,1,0,4,1
608.0,102,2,2,1,6,7,2,1,1,1,0,4,1
608.0,130,0,0,1,5,6,1,1,0,1,1,3,1
608.0,139,2,1,1,4,5,2,0,0,0,1,4,1
608.0,147,0,0,1,5,3,3,1,0,0,0,4,1
608.0,160,1,1,1,6,9,1,1,1,2,0,3,1
608.0,170,0,0,1,12,5,6,3,0,1,1,3,1
609.0,13,1,1,1,5,11,0,1,0,0,1,3,1
609.0,27,1,1,1,3,0,1,0,0,0,0,1,1
609.0,52,3,3,1,3,1,1,1,0,0,0,10,1
609.0,69,0,0,1,8,2,5,2,0,0,0,10,1
609.0,76,1,0,1,4,2,2,0,0,0,1,4,1
609.0,85,2,0,1,3,5,1,0,0,0,0,1,1
609.0,108,0,0,1,16,45,3,7,1,1,2,3,1
609.0,109,2,2,1,4,10,1,0,0,1,1,3,1
609.0,110,0,0,1,11,34,1,3,1,1,3,3,1
609.0,139,0,0,1,11,12,3,2,1,1,3,3,1
609.0,144,1,1,1,7,3,2,3,0,1,0,3,1
609.0,171,0,0,1,5,3,2,0,0,0,1,4,1
609.0,179,0,0,1,6,6,2,1,1,1,0,3,1
609.0,195,1,1,1,5,21,0,0,0,1,1,3,1
610.0,1,0,0,1,6,5,3,0,0,1,1,4,1
610.0,58,0,0,1,4,3,1,1,0,1,0,4,1
610.0,59,0,0,1,3,2,1,1,0,0,0,1,1
610.0,66,0,0,1,22,19,7,7,2,2,2,3,1
610.0,95,1,1,1,3,0,1,0,0,0,0,1,1
610.0,105,0,0,1,4,2,1,1,0,1,0,4,1
610.0,118,1,1,1,3,0,1,0,0,0,0,1,1
610.0,125,1,2,1,2,0,1,0,0,0,0,1,1
610.0,125,2,3,1,6,2,4,0,0,0,0,1,1
610.0,131,0,0,1,6,0,3,0,1,1,0,4,1
610.0,148,0,0,1,9,6,3,3,1,0,1,3,1
610.0,173,0,0,1,3,1,1,1,0,0,0,1,1
611.0,25,0,0,1,4,15,0,1,1,0,1,3,1
611.0,67,2,1,1,4,1,3,0,0,0,0,10,1
611.0,86,0,0,1,12,15,2,4,1,2,2,3,1
611.0,122,1,1,1,16,2,7,4,1,3,0,3,1
611.0,131,0,0,1,6,13,1,1,0,1,2,3,1
611.0,140,0,0,1,3,0,2,0,0,0,0,10,1
611.0,142,2,2,1,5,16,0,1,0,0,1,3,1
611.0,153,0,0,1,4,3,1,0,0,1,1,3,1
612.0,28,0,0,1,4,2,1,0,1,1,0,3,1
612.0,69,0,0,1,4,8,0,1,0,1,1,4,1
612.0,116,3,3,1,5,3,1,1,0,1,0,4,1
612.0,135,0,0,1,7,5,2,2,2,0,0,4,1
612.0,135,3,3,1,8,4,2,3,0,2,0,3,1
612.0,138,1,0,1,7,8,1,2,1,1,0,4,1
612.0,142,0,0,1,8,17,1,3,1,1,1,3,1
613.0,42,2,2,1,3,1,1,0,0,0,0,1,1
613.0,50,0,0,1,4,1,1,1,0,1,0,4,1
613.0,69,0,0,1,6,21,0,3,0,2,0,3,1
613.0,124,1,1,1,8,13,1,1,2,1,1,3,1
613.0,134,0,0,1,3,4,1,0,0,1,0,4,1
613.0,164,0,0,1,6,16,0,2,1,2,0,3,1
613.0,168,0,0,1,4,2,1,1,0,1,0,4,1
614.0,9,0,0,1,3,1,1,1,0,0,0,10,1
614.0,25,1,1,1,3,2,1,0,0,0,0,1,1
614.0,69,0,0,1,4,1,0,1,0,1,1,3,1
614.0,77,3,3,1,3,0,1,0,0,1,0,4,1
614.0,78,0,0,1,6,6,3,0,2,0,0,4,1
614.0,109,0,0,1,29,7,16,11,0,1,0,4,1
614.0,116,2,2,1,7,4,2,3,0,0,1,4,1
614.0,119,0,0,1,7,30,0,0,0,2,1,3,1
614.0,161,0,0,1,2,0,1,0,0,0,0,1,1
615.0,54,2,3,1,5,6,1,1,0,1,1,3,1
615.0,110,0,0,1,10,3,9,0,0,0,0,3,1
615.0,156,2,1,1,11,30,2,1,0,1,3,3,1
615.0,157,0,0,1,5,8,0,1,0,2,0,3,1
616.0,9,0,0,1,4,4,2,0,0,0,0,1,1
616.0,18,3,1,1,2,1,1,0,0,0,0,1,1
616.0,32,0,0,1,10,10,3,1,1,0,3,3,1
616.0,48,0,0,1,3,5,1,0,0,0,0,1,1
616.0,51,2,2,1,4,5,2,0,0,0,1,4,1
616.0,51,3,3,1,4,0,2,1,0,0,0,10,1
616.0,68,1,1,1,3,0,1,1,0,0,0,1,1
616.0,80,3,0,1,19,177,6,7,2,2,1,3,1
616.0,116,3,3,1,20,2,11,6,0,1,0,4,1
616.0,147,1,1,1,5,5,2,0,1,1,0,3,1
617.0,14,0,0,1,6,31,0,1,1,1,2,3,1
617.0,14,2,2,1,3,3,1,0,0,0,1,4,1
617.0,44,2,2,1,7,8,1,1,1,1,1,4,1
617.0,151,0,0,1,7,6,3,0,0,0,3,4,1
617.0,155,0,0,1,9,9,2,4,0,0,0,4,1
617.0,158,2,2,1,4,1,1,1,0,0,0,1,1
618.0,40,0,0,1,10,88,2,1,1,1,2,3,1
618.0,48,1,1,1,3,4,1,1,0,0,0,1,1
618.0,54,0,0,1,3,4,1,0,0,0,0,1,1
618.0,156,3,3,1,3,3,1,0,0,0,0,1,1
618.0,158,0,0,1,5,6,2,0,0,1,1,3,1
618.0,164,0,0,1,3,3,1,0,0,0,0,1,1
618.0,172,2,2,1,4,15,0,1,0,2,0,3,1
619.0,17,0,0,1,8,1,5,2,0,0,0,10,1
619.0,26,0,0,1,5,3,3,1,0,0,0,10,1
619.0,32,0,0,1,9,16,1,3,1,2,1,3,1
619.0,53,2,2,1,4,0,1,1,0,0,0,1,1
619.0,132,0,0,1,4,10,1,1,1,0,0,3,1
619.0,135,0,0,1,5,1,1,1,0,1,1,3,1
619.0,160,1,0,1,3,7,2,0,0,0,0,10,1
619.0,177,2,0,1,12,34,0,3,4,3,0,3,1
620.0,64,1,1,1,3,16,0,0,0,1,0,5,1
620.0,69,1,0,1,5,2,2,0,0,1,0,4,1
620.0,72,2,2,1,3,0,1,0,0,0,0,1,1
620.0,88,1,1,1,6,5,0,1,0,2,2,3,1
620.0,111,0,0,1,22,3,10,10,0,0,1,4,1
620.0,136,0,0,1,5,6,1,1,1,1,0,4,1
620.0,144,0,0,1,4,1,2,1,0,0,0,10,1
621.0,7,1,1,1,3,0,2,0,0,0,0,10,1
621.0,9,0,0,1,4,18,1,0,0,1,1,3,1
621.0,17,0,0,1,14,22,1,8,0,2,2,3,1
621.0,42,1,1,1,2,0,1,0,0,0,0,1,1
621.0,53,1,1,1,3,5,1,0,1,0,0,3,1
621.0,74,0,0,1,6,10,4,0,0,1,0,4,1
621.0,99,1,1,1,4,12,1,1,0,1,0,4,1
621.0,121,1,1,1,19,0,12,6,0,0,0,10,1
621.0,-1,1,1,1,8,0,3,3,0,1,0,4,1
621.0,132,1,1,1,5,4,2,0,0,1,0,4,1
622.0,5,0,0,1,4,10,1,0,0,0,2,3,1
622.0,140,2,3,1,3,0,0,1,0,0,0,1,1
622.0,150,0,0,1,12,31,3,3,1,1,1,3,1
622.0,158,0,0,1,5,0,1,2,0,0,0,4,1
623.0,1,0,0,1,3,4,0,1,1,0,0,4,1
623.0,31,0,0,1,3,1,1,0,0,0,0,1,1
623.0,34,0,0,1,4,7,0,1,0,1,1,4,1
623.0,67,0,0,1,27,5,14,9,0,1,1,3,1
623.0,86,0,0,1,4,3,1,1,0,0,0,1,1
623.0,98,2,3,1,3,1,1,0,0,1,0,4,1
623.0,131,1,1,1,10,13,6,2,0,1,0,4,1
623.0,142,1,1,1,3,0,1,0,0,0,0,1,1
623.0,177,0,0,1,12,12,3,1,3,2,2,3,1
623.0,184,0,0,1,8,4,3,4,0,0,0,4,1
623.0,188,0,0,1,3,1,1,0,0,0,0,1,1
624.0,60,0,0,1,4,9,0,3,0,0,0,1,1
624.0,119,2,1,1,7,10,2,1,1,1,1,3,1
624.0,154,1,1,1,5,14,1,1,0,2,0,4,1
625.0,2,0,0,1,7,7,3,2,0,0,1,3,1
625.0,40,0,0,1,5,6,1,1,0,2,0,4,1
625.0,41,0,0,1,4,9,1,0,0,1,1,3,1
625.0,42,0,0,1,14,2,11,2,0,0,0,4,1
625.0,69,0,0,1,5,0,0,2,0,1,0,1,1
625.0,74,2,2,1,3,6,1,0,0,1,0,4,1
625.0,119,0,0,1,4,20,1,0,0,0,2,3,1
625.0,154,0,0,1,7,13,3,0,2,1,0,3,1
625.0,156,0,0,1,26,2,14,10,0,0,0,1,1
625.0,162,1,1,1,2,1,1,0,0,0,0,1,1
625.0,179,0,0,1,8,25,2,1,1,2,1,3,1
626.0,77,0,0,1,4,17,1,0,0,1,1,3,1
626.0,149,3,3,1,3,0,1,1,0,0,0,1,1
626.0,174,2,2,1,6,0,4,0,0,0,0,4,1
626.0,177,0,0,1,7,10,2,1,0,1,1,4,1
626.0,183,2,2,1,4,0,3,0,0,0,0,10,1
627.0,43,0,0,1,5,22,0,1,0,1,2,3,1
627.0,47,0,0,1,9,54,0,1,2,1,1,3,1
627.0,61,1,1,1,4,0,1,1,0,0,0,1,1
627.0,109,1,1,1,4,2,1,1,0,0,1,3,1
627.0,111,0,0,1,12,2,6,4,0,0,0,1,1
627.0,111,1,1,1,6,10,0,1,1,2,1,3,1
627.0,119,0,0,1,9,13,1,1,2,0,2,3,1
627.0,129,0,0,1,8,1,4,3,0,0,0,10,1
627.0,157,2,2,1,7,4,3,1,1,1,0,3,1
627.0,182,1,1,1,3,1,1,0,0,1,0,4,1
628.0,1,0,0,1,4,2,2,1,0,0,0,10,1
628.0,15,0,0,1,4,3,1,1,0,0,1,4,1
628.0,17,0,0,1,9,16,3,1,0,1,2,3,1
628.0,50,0,0,1,4,7,1,1,1,0,0,4,1
628.0,68,0,0,1,4,17,0,1,0,1,1,3,1
628.0,75,0,0,1,4,3,0,2,0,0,0,1,1
628.0,98,3,4,1,4,8,2,0,0,0,1,4,1
628.0,115,2,2,1,10,0,5,4,0,0,0,1,1
628.0,137,0,0,1,6,23,0,1,1,1,2,3,1
629.0,5,0,0,1,10,50,0,1,3,2,3,3,1
629.0,19,1,1,1,7,2,5,1,0,0,0,10,1
629.0,36,3,5,1,4,1,2,0,0,0,1,4,1
629.0,40,0,0,1,6,4,2,1,1,1,0,3,1
629.0,67,1,1,1,4,4,2,1,0,0,0,10,1
629.0,81,0,0,1,10,7,6,0,1,1,0,4,1
629.0,96,0,0,1,5,4,1,0,0,0,0,4,1
629.0,114,0,0,1,3,5,0,1,0,0,1,3,1
629.0,131,3,3,1,4,4,2,0,0,0,1,4,1
629.0,172,2,2,1,3,2,0,0,0,0,0,1,1
630.0,27,0,0,1,4,6,0,1,0,2,0,3,1
630.0,84,0,0,1,10,5,7,1,0,0,1,3,1
630.0,97,1,1,1,5,4,2,0,1,1,0,3,1
630.0,137,1,0,1,6,5,2,1,0,1,1,4,1
630.0,162,1,1,1,5,6,1,1,0,1,1,4,1
630.0,164,4,1,1,5,2,2,2,0,0,0,10,1
630.0,166,0,0,1,2,4,0,0,0,0,0,1,1
630.0,175,1,1,1,7,22,1,2,1,1,1,3,1
631.0,96,0,0,1,9,8,1,6,0,1,0,3,1
631.0,117,1,1,1,5,3,2,0,0,0,1,4,1
631.0,119,0,0,1,3,5,0,1,0,1,0,3,1
631.0,120,0,0,1,10,5,6,1,1,1,0,3,1
631.0,121,1,1,1,7,20,3,0,0,1,1,3,1
631.0,137,1,1,1,9,1,3,2,1,2,0,3,1
631.0,180,0,0,1,8,31,1,1,1,2,2,3,1
632.0,9,0,0,1,3,2,1,0,0,0,0,1,1
632.0,17,1,1,1,3,2,1,0,0,1,0,4,1
632.0,29,2,1,1,7,20,2,0,3,1,0,3,1
632.0,47,1,1,1,6,2,1,2,0,1,1,3,1
632.0,167,0,0,1,4,9,1,1,0,0,1,4,1
632.0,168,3,2,1,3,1,1,1,0,0,0,1,1
633.0,4,1,1,1,14,3,9,3,0,1,0,3,1
633.0,33,0,0,1,4,4,1,1,0,0,0,1,1
633.0,88,0,0,1,3,0,1,1,0,0,0,10,1
633.0,95,1,1,1,4,1,1,1,0,0,0,1,1
633.0,107,0,0,1,11,5,6,2,0,0,2,3,1
633.0,109,1,1,1,4,8,1,0,0,1,0,3,1
633.0,115,2,2,1,5,5,0,2,0,1,1,3,1
633.0,137,0,0,1,6,14,1,0,1,2,0,3,1
633.0,162,0,0,1,2,0,1,0,0,0,0,1,1
633.0,181,1,1,1,4,0,2,1,0,0,0,10,1
634.0,16,1,1,1,4,6,1,1,0,0,0,1,1
634.0,25,0,0,1,4,0,1,1,0,0,0,1,1
634.0,30,0,0,1,20,15,5,11,1,0,1,3,1
634.0,33,1,1,1,5,16,0,0,0,1,0,3,1
634.0,38,0,0,1,12,4,7,4,0,0,0,1,1
634.0,79,2,1,1,3,20,0,1,0,1,0,3,1
634.0,93,0,0,1,6,4,3,1,0,0,1,4,1
634.0,117,0,0,1,5,2,2,1,0,0,1,4,1
634.0,146,0,0,1,2,5,1,0,0,0,0,1,1
634.0,147,1,0,1,4,31,1,0,1,1,0,3,1
635.0,20,0,0,1,9,14,3,4,0,1,0,3,1
635.0,37,0,0,1,5,14,0,2,0,0,1,3,1
635.0,42,1,1,1,3,1,1,1,0,0,0,1,1
635.0,46,2,2,1,4,0,1,1,0,0,0,1,1
635.0,60,1,1,1,3,2,1,0,0,0,0,1,1
635.0,61,2,1,1,31,59,13,9,1,2,1,3,1
635.0,72,1,1,1,10,28,2,2,1,2,1,3,1
635.0,97,1,1,1,7,1,4,1,0,0,0,1,1
635.0,99,0,0,1,6,2,2,1,0,0,1,4,1
635.0,99,2,2,1,2,4,1,0,0,0,0,1,1
635.0,101,0,0,1,7,8,5,0,0,1,0,4,1
635.0,135,0,0,1,4,12,1,0,0,0,2,3,1
635.0,158,0,0,1,4,6,1,1,0,1,0,4,1
635.0,185,1,1,1,3,4,1,0,0,1,0,4,1
636.0,9,0,0,1,3,1,1,0,0,0,0,1,1
636.0,31,0,0,1,2,3,1,0,0,0,0,1,1
636.0,48,4,4,1,2,1,1,0,0,0,0,1,1
636.0,57,0,0,1,8,21,0,1,2,1,2,3,1
636.0,90,1,1,1,5,3,1,1,0,1,1,3,1
636.0,97,0,0,1,6,10,2,1,0,1,0,4,1
636.0,102,1,1,1,4,0,1,1,0,0,0,1,1
636.0,124,0,0,1,5,5,2,0,0,1,1,3,1
636.0,149,0,0,1,4,2,3,0,0,0,0,4,1
636.0,158,0,0,1,9,15,3,2,1,0,0,3,1
636.0,159,0,0,1,5,17,2,0,0,0,2,3,1
637.0,18,0,0,1,3,11,0,1,0,0,1,3,1
637.0,25,1,0,1,5,10,0,1,2,1,0,3,1
637.0,39,1,1,1,3,14,0,1,0,1,0,3,1
637.0,44,0,0,1,4,4,0,1,0,1,1,4,1
637.0,51,1,1,1,3,3,0,1,0,0,0,1,1
637.0,65,1,1,1,3,2,1,1,0,0,0,10,1
637.0,69,2,2,1,3,3,1,0,0,1,0,4,1
637.0,123,1,1,1,2,2,0,0,0,0,0,1,1
637.0,147,0,0,1,2,0,1,0,0,0,0,1,1
637.0,154,0,0,1,5,3,1,1,0,1,1,3,1
637.0,171,0,0,1,4,8,1,1,0,1,0,4,1
637.0,176,3,3,1,5,3,1,2,0,0,0,1,1
638.0,23,0,0,1,7,13,0,3,0,0,3,3,1
638.0,40,1,1,1,3,26,1,0,0,0,1,4,1
638.0,69,0,0,1,4,5,2,0,0,0,1,4,1
638.0,140,1,1,1,3,1,0,1,0,0,0,1,1
638.0,153,0,0,1,3,1,0,1,0,1,0,4,1
638.0,194,3,2,1,9,8,5,1,0,1,0,4,1
639.0,47,1,1,1,5,3,2,0,0,1,1,4,1
639.0,71,0,0,1,4,5,2,1,0,0,0,4,1
639.0,126,1,1,1,24,5,15,8,0,0,0,10,1
639.0,134,0,0,1,9,4,7,1,0,0,0,1,1
639.0,178,0,0,1,2,0,1,0,0,0,0,1,1
640.0,16,0,0,1,3,3,1,0,0,0,0,1,1
640.0,23,0,0,1,6,4,2,2,0,1,0,3,1
640.0,49,0,0,1,14,0,5,7,0,0,0,1,1
640.0,71,1,1,1,5,8,2,0,1,1,0,4,1
640.0,93,0,0,1,5,4,1,1,0,0,2,4,1
640.0,98,0,0,1,27,6,16,10,0,0,0,4,1
640.0,139,0,0,1,2,2,1,0,0,0,0,1,1
640.0,147,0,0,1,5,13,2,0,1,1,0,3,1
640.0,178,1,1,1,4,2,1,1,0,0,0,1,1
640.0,180,0,0,1,6,11,1,1,0,0,2,4,1
641.0,56,0,0,1,4,0,1,1,0,1,0,4,1
641.0,59,2,2,1,9,1,5,2,0,1,0,4,1
641.0,117,0,0,1,6,0,4,0,0,0,0,1,1
641.0,141,0,0,1,6,7,1,1,0,1,1,3,1
641.0,144,0,0,1,9,15,3,1,1,2,1,3,1
641.0,154,0,0,1,3,12,0,1,0,1,0,3,1
641.0,165,0,0,1,16,3,7,5,1,1,1,3,1
641.0,166,0,0,1,4,5,1,1,0,1,0,4,1
641.0,176,2,1,1,24,4,8,13,0,1,1,3,1
642.0,20,0,0,1,2,5,1,0,0,0,0,1,1
642.0,33,1,1,1,3,2,0,1,0,1,0,4,1
642.0,71,0,0,1,9,8,3,1,1,1,1,3,1
642.0,105,0,0,1,10,50,1,2,2,2,2,3,1
642.0,131,0,0,1,8,38,1,1,1,0,3,3,1
642.0,152,0,0,1,6,5,1,1,0,0,3,4,1
642.0,178,2,2,1,4,4,0,3,0,0,0,4,1
642.0,190,0,0,1,7,7,1,2,1,2,0,4,1
643.0,15,3,2,1,4,1,1,1,0,0,0,1,1
643.0,46,2,1,1,4,23,0,0,0,0,0,3,1
643.0,68,0,0,1,3,3,0,0,0,0,0,1,1
643.0,77,1,1,1,11,19,2,4,1,2,1,3,1
643.0,88,0,0,1,5,6,0,0,1,0,1,3,1
643.0,160,0,0,1,6,4,1,2,0,1,1,3,1
643.0,178,0,0,1,3,9,1,0,0,1,0,4,1
643.0,191,0,0,1,4,8,2,0,0,0,0,1,1
644.0,16,2,1,1,4,15,1,1,1,0,0,4,1
644.0,24,0,0,1,6,6,2,0,1,1,1,3,1
644.0,58,4,2,1,31,3,15,14,0,0,1,4,1
644.0,113,0,0,1,16,9,7,3,1,2,1,3,1
644.0,185,0,0,1,4,2,0,1,0,1,1,3,1
644.0,193,0,0,1,5,8,2,1,0,1,0,4,1
645.0,16,0,0,1,3,3,0,0,0,0,0,1,1
645.0,39,0,0,1,6,6,2,1,0,1,1,4,1
645.0,81,0,0,1,8,28,1,0,1,0,4,3,1
645.0,95,0,0,1,4,10,1,0,1,1,0,3,1
645.0,98,0,0,1,3,0,1,0,0,1,0,4,1
645.0,137,0,0,1,10,3,7,2,0,0,0,1,1
645.0,190,1,1,1,4,12,1,0,1,1,0,3,1
646.0,8,0,0,1,4,2,2,1,0,0,0,4,1
646.0,71,1,0,1,2,3,1,0,0,0,0,1,1
646.0,141,1,1,1,6,34,1,1,0,0,3,3,1
646.0,186,1,1,1,3,4,1,0,0,1,0,4,1
647.0,60,0,0,1,5,7,1,1,0,1,1,3,1
647.0,161,2,1,1,7,8,1,0,2,2,1,3,1
647.0,172,3,2,1,31,14,12,16,1,1,0,3,1
647.0,175,2,1,1,8,8,5,1,0,0,1,3,1
648.0,11,0,0,1,7,39,0,1,2,1,2,3,1
648.0,16,1,1,1,8,22,5,1,0,0,1,3,1
649.0,1,7,4,1,3,8,0,1,0,1,0,3,1
649.0,1,8,3,1,7,26,0,1,1,0,3,3,1
649.0,6,0,0,1,5,5,1,1,0,1,0,4,1
649.0,112,0,0,1,9,4,3,2,0,2,1,3,1
649.0,142,2,2,1,5,5,2,0,1,0,0,4,1
649.0,145,1,1,1,4,9,1,0,1,1,0,3,1
649.0,154,0,0,1,4,2,1,1,0,1,0,4,1
649.0,161,4,5,1,4,0,1,1,0,0,0,1,1
649.0,170,1,1,1,11,19,2,3,1,2,0,3,1
649.0,175,2,2,1,9,2,3,3,0,1,1,3,1
649.0,192,0,0,1,4,2,2,1,0,0,0,10,1
650.0,22,1,1,1,4,2,1,1,1,0,0,4,1
650.0,23,1,1,1,4,1,1,1,0,1,0,4,1
650.0,29,0,0,1,8,17,2,1,1,1,2,3,1
650.0,29,1,1,1,5,4,3,0,1,0,0,3,1
650.0,31,3,3,1,3,1,1,0,0,0,0,1,1
650.0,75,1,0,1,17,59,1,5,4,4,2,3,1
650.0,98,3,3,1,12,0,7,4,0,0,0,10,1
650.0,124,0,0,1,4,43,1,0,1,0,0,3,1
651.0,4,0,0,1,8,10,1,1,2,2,1,3,1
651.0,20,0,0,1,3,7,0,0,0,1,0,5,1
651.0,42,0,0,1,4,18,0,1,0,1,1,3,1
651.0,42,1,1,1,9,24,1,1,2,2,2,3,1
651.0,76,0,0,1,6,4,3,1,0,0,1,4,1
651.0,109,0,0,1,6,0,4,1,0,0,0,4,1
651.0,118,0,0,1,13,1,7,4,0,0,0,1,1
651.0,139,2,2,1,3,10,1,0,0,1,0,3,1
651.0,146,0,0,1,5,9,1,1,0,0,2,3,1
651.0,151,0,0,1,3,0,0,1,0,1,0,4,1
651.0,161,2,1,1,8,5,3,4,0,0,0,4,1
651.0,165,0,0,1,5,3,2,1,0,0,1,4,1
652.0,49,0,0,1,4,9,1,0,0,0,0,4,1
652.0,182,4,0,1,12,8,3,6,0,0,2,3,1
652.0,186,0,0,1,6,24,2,1,1,1,0,3,1
653.0,2,0,0,1,4,16,0,0,1,0,0,3,1
653.0,10,0,0,1,4,3,1,1,0,0,1,4,1
653.0,18,0,0,1,4,2,2,0,0,1,0,4,1
653.0,71,1,0,1,7,4,5,0,0,0,0,1,1
653.0,87,0,0,1,9,5,5,2,1,0,0,3,1
653.0,94,1,1,1,4,10,1,1,0,1,0,4,1
653.0,107,0,0,1,11,1,8,2,0,0,0,4,1
653.0,135,0,0,1,25,5,9,15,0,0,0,4,1
653.0,172,1,1,1,4,13,2,0,0,0,1,4,1
653.0,189,0,0,1,4,12,2,0,0,1,0,4,1
653.0,190,0,0,1,6,11,2,1,0,1,1,3,1
654.0,28,0,0,1,7,22,3,0,1,1,1,3,1
654.0,32,1,1,1,2,0,1,0,0,0,0,1,1
654.0,42,0,0,1,4,2,1,1,0,1,0,4,1
654.0,47,0,0,1,5,9,3,0,0,1,0,4,1
654.0,88,1,1,1,4,5,2,0,0,0,1,4,1
654.0,104,1,1,1,17,10,10,3,2,0,0,3,1
654.0,106,4,1,1,3,2,1,0,0,0,0,1,1
654.0,185,0,0,1,6,22,1,0,1,1,2,3,1
655.0,7,1,1,1,11,42,1,7,0,1,1,3,1
655.0,75,1,1,1,5,17,0,1,0,1,1,3,1
655.0,101,0,0,1,5,25,1,0,0,0,3,3,1
655.0,104,0,0,1,5,11,1,1,0,1,1,4,1
655.0,108,0,0,1,3,8,1,0,0,0,0,1,1
655.0,136,1,1,1,3,13,0,0,0,0,0,3,1
655.0,157,1,1,1,9,0,4,4,0,0,0,4,1
655.0,172,1,1,1,11,0,6,3,0,0,0,1,1
656.0,19,0,0,1,7,2,4,1,0,1,0,4,1
656.0,42,2,1,1,4,2,2,0,0,0,1,4,1
656.0,44,0,0,1,3,6,1,0,0,0,1,4,1
656.0,69,2,2,1,9,5,5,0,0,1,1,3,1
656.0,80,2,1,1,8,5,6,1,0,0,0,4,1
656.0,83,1,1,1,9,2,4,3,0,0,0,1,1
656.0,110,0,0,1,6,11,1,2,0,1,1,4,1
656.0,120,0,0,1,11,6,4,1,1,1,3,3,1
656.0,120,2,2,1,10,0,7,1,0,0,0,1,1
657.0,48,0,0,1,5,16,1,1,1,0,1,3,1
657.0,103,0,0,1,25,3,12,10,0,0,0,4,1
657.0,109,0,0,1,4,3,2,0,0,1,0,4,1
657.0,127,2,1,1,4,13,1,0,0,1,0,4,1
657.0,135,1,1,1,3,2,1,0,0,1,0,4,1
657.0,156,1,1,1,4,6,2,0,0,0,1,4,1
657.0,166,0,0,1,11,44,1,1,3,1,1,3,1
657.0,168,0,0,1,3,4,0,0,0,0,0,1,1
657.0,178,0,0,1,11,5,7,2,0,1,0,4,1
657.0,184,0,0,1,13,26,1,7,0,1,3,3,1
657.0,186,0,0,1,8,8,2,1,1,1,2,3,1
657.0,191,0,0,1,4,12,1,0,1,0,1,3,1
658.0,42,1,1,1,16,1,9,6,0,0,0,1,1
658.0,66,1,1,1,3,1,1,1,0,0,0,1,1
658.0,82,0,0,1,11,4,6,4,0,0,0,4,1
658.0,144,0,0,1,4,3,2,0,0,1,0,4,1
658.0,168,0,0,1,18,3,8,6,2,0,0,3,1
659.0,18,0,0,1,17,7,5,8,1,0,2,3,1
659.0,33,1,1,1,8,28,0,2,1,2,1,3,1
659.0,44,1,1,1,6,6,2,2,0,1,0,4,1
659.0,55,0,0,1,4,6,0,1,0,1,1,3,1
659.0,75,1,1,1,3,0,1,0,0,1,0,4,1
659.0,77,0,0,1,6,4,4,1,0,0,0,3,1
659.0,134,0,0,1,23,0,12,9,0,1,0,4,1
659.0,158,2,2,1,4,14,1,1,0,1,0,4,1
659.0,187,2,2,1,3,5,0,1,0,1,0,3,1
660.0,0,1,1,1,18,3,10,7,0,0,0,10,1
660.0,22,0,0,1,5,3,3,0,0,0,1,4,1
660.0,44,1,1,1,3,2,1,0,0,1,0,4,1
660.0,45,1,1,1,14,7,6,5,1,1,0,3,1
660.0,62,2,2,1,7,34,1,1,1,1,1,3,1
660.0,92,0,0,1,8,3,4,2,0,1,0,4,1
660.0,117,0,0,1,7,5,1,1,1,1,1,3,1
660.0,124,0,0,1,4,0,3,0,0,0,0,4,1
660.0,188,0,0,1,3,13,0,0,0,1,0,5,1
661.0,41,1,2,1,9,13,4,0,0,0,1,3,1
661.0,43,0,0,1,5,12,1,0,1,1,0,3,1
661.0,82,0,0,1,7,3,6,0,0,0,0,10,1
661.0,90,2,2,1,6,12,0,1,1,2,0,3,1
661.0,101,0,0,1,3,0,1,0,0,0,0,1,1
661.0,102,0,0,1,3,18,1,0,0,1,0,3,1
661.0,122,0,0,1,16,24,9,3,1,0,2,3,1
661.0,188,1,1,1,8,4,5,0,1,1,0,4,1
662.0,5,0,0,1,3,1,0,1,0,1,0,4,1
662.0,17,1,1,1,4,2,2,0,0,0,1,4,1
662.0,18,2,2,1,4,6,2,1,0,0,0,10,1
662.0,60,1,2,1,2,5,0,0,0,0,0,1,1
662.0,69,0,0,1,6,7,2,1,0,0,2,3,1
662.0,86,3,3,1,4,0,2,0,0,0,0,1,1
662.0,90,0,0,1,6,7,1,1,0,2,1,3,1
662.0,99,0,0,1,6,13,2,1,1,1,0,3,1
662.0,99,1,1,1,3,0,1,0,0,1,0,4,1
662.0,128,0,0,1,6,21,1,0,2,1,1,3,1
662.0,150,0,0,1,5,24,1,0,1,1,1,3,1
662.0,151,1,1,1,2,0,1,0,0,0,0,1,1
662.0,153,0,0,1,5,11,1,1,0,1,1,3,1
662.0,155,1,1,1,5,1,2,1,0,0,1,4,1
662.0,168,2,3,1,2,0,1,0,0,0,0,1,1
662.0,186,0,0,1,8,11,4,1,1,1,0,3,1
663.0,14,0,0,1,4,5,2,0,0,0,1,4,1
663.0,38,1,1,1,2,3,1,0,0,0,0,1,1
663.0,38,2,2,1,14,2,8,5,0,0,0,10,1
663.0,102,0,0,1,5,2,2,1,0,0,1,4,1
663.0,108,1,1,1,13,4,7,5,0,0,0,4,1
663.0,124,2,2,1,4,0,1,1,0,0,0,1,1
663.0,157,1,1,1,5,7,1,1,0,1,1,3,1
663.0,173,0,0,1,7,23,2,1,1,2,0,3,1
664.0,29,0,0,1,8,5,3,4,0,0,0,1,1
664.0,30,1,1,1,6,27,1,0,1,2,1,3,1
664.0,36,1,1,1,5,12,3,0,0,0,1,3,1
664.0,100,1,1,1,3,5,0,1,0,1,0,3,1
664.0,122,0,0,1,5,17,2,0,1,1,0,3,1
664.0,139,2,2,1,3,4,1,0,0,1,0,4,1
664.0,150,0,0,1,4,12,1,1,0,1,0,4,1
664.0,173,1,1,1,24,19,15,7,1,0,0,3,1
664.0,179,1,1,1,10,29,1,2,1,2,3,3,1
665.0,14,0,0,1,10,1,1,8,0,0,0,4,1
665.0,40,1,1,1,2,0,1,0,0,0,0,1,1
665.0,52,0,0,1,7,7,1,2,1,2,0,3,1
665.0,118,1,1,1,4,4,2,0,0,0,1,4,1
665.0,160,0,0,1,7,7,2,2,0,1,0,3,1
666.0,0,1,1,1,7,1,6,0,0,0,0,10,1
666.0,15,0,0,1,4,0,2,1,0,0,0,10,1
666.0,74,0,0,1,3,1,0,0,0,0,0,1,1
666.0,192,1,1,1,5,6,3,0,0,0,1,3,1
667.0,5,1,0,1,3,3,0,1,0,1,0,3,1
667.0,57,1,2,1,5,10,0,3,0,1,0,4,1
667.0,128,2,2,1,4,11,1,0,0,1,1,3,1
668.0,41,0,0,1,24,2,11,11,0,1,0,4,1
668.0,109,3,2,1,4,4,1,1,0,1,0,4,1
668.0,141,0,0,1,6,4,0,2,0,1,1,4,1
668.0,150,0,0,1,8,1,5,2,0,0,0,4,1
668.0,161,0,0,1,3,5,1,0,0,0,0,1,1
668.0,165,0,0,1,23,2,12,10,0,0,0,10,1
668.0,172,0,0,1,17,1,9,6,0,0,0,1,1
668.0,182,1,1,1,4,7,0,1,0,1,0,3,1
668.0,182,2,2,1,5,7,1,1,0,1,1,3,1
669.0,3,2,0,1,3,5,1,0,0,0,0,1,1
669.0,21,1,1,1,4,3,2,0,0,1,0,4,1
669.0,29,0,0,1,5,9,1,1,1,1,0,3,1
669.0,34,2,0,1,6,14,2,1,1,0,1,4,1
669.0,59,1,1,1,26,8,15,9,0,0,1,3,1
669.0,86,1,1,1,16,9,10,3,0,1,1,3,1
669.0,104,0,0,1,9,0,6,2,0,0,0,4,1
669.0,132,0,0,1,3,3,1,0,0,1,0,3,1
669.0,166,2,2,1,3,0,1,0,0,0,0,1,1
669.0,181,1,1,1,13,4,3,6,2,1,0,3,1
670.0,23,1,1,1,10,0,7,2,0,0,0,10,1
670.0,83,1,1,1,16,6,8,6,1,0,0,4,1
670.0,94,0,0,1,15,1,9,4,0,1,0,3,1
670.0,100,0,0,1,3,25,0,1,0,1,0,3,1
670.0,149,0,0,1,4,1,1,1,0,0,0,1,1
670.0,155,0,0,1,33,7,18,13,0,1,0,4,1
670.0,161,2,2,1,9,1,5,2,0,0,0,1,1
671.0,2,1,1,1,4,0,3,0,0,0,0,10,1
671.0,16,0,0,1,5,4,2,1,0,0,1,4,1
671.0,25,1,1,1,3,7,1,0,0,0,0,1,1
671.0,74,0,0,1,19,14,10,7,0,0,1,3,1
671.0,84,0,0,1,3,1,1,0,0,0,0,1,1
671.0,91,0,0,1,12,9,6,3,0,0,0,4,1
671.0,109,0,0,1,4,5,1,0,0,0,2,3,1
671.0,112,0,0,1,3,4,2,0,0,0,0,10,1
671.0,132,0,0,1,11,0,4,6,0,0,0,10,1
671.0,134,0,0,1,9,55,0,2,2,2,2,3,1
671.0,135,0,0,1,4,0,1,1,0,0,0,1,1
671.0,136,2,2,1,9,5,2,6,0,0,0,4,1
671.0,147,0,0,1,7,5,3,1,0,1,1,3,1
671.0,184,0,0,1,3,0,0,1,0,0,0,1,1
672.0,60,1,0,1,5,13,1,1,2,0,0,4,1
672.0,64,1,1,1,4,5,3,0,0,0,0,4,1
672.0,95,1,1,1,5,1,3,1,0,0,0,4,1
672.0,157,2,2,1,5,5,2,2,0,0,0,4,1
672.0,158,2,3,1,6,0,4,1,0,0,0,4,1
672.0,191,0,0,1,3,2,1,0,0,0,0,1,1
673.0,14,1,1,1,4,5,0,1,0,2,0,4,1
673.0,21,4,2,1,7,6,2,2,0,1,0,3,1
673.0,35,0,0,1,3,2,1,0,0,0,0,1,1
673.0,183,0,0,1,3,1,1,0,0,0,0,1,1
673.0,186,1,1,1,3,3,1,0,0,1,0,3,1
674.0,2,0,0,1,14,11,6,5,1,0,1,3,1
674.0,5,1,0,1,29,15,12,13,1,1,1,3,1
674.0,15,1,1,1,3,3,1,0,0,0,0,1,1
674.0,23,2,1,1,6,8,2,0,2,0,1,3,1
674.0,29,1,1,1,12,1,6,4,0,1,0,4,1
674.0,79,1,1,1,7,7,1,1,1,1,1,3,1
674.0,85,0,0,1,3,9,0,0,0,0,0,1,1
674.0,163,0,0,1,6,50,0,1,0,0,0,3,1
674.0,163,3,3,1,4,3,2,0,0,0,1,4,1
675.0,8,0,0,1,3,5,0,1,0,1,0,4,1
675.0,34,1,1,1,3,4,1,1,0,0,0,1,1
675.0,49,3,3,1,8,8,2,1,1,1,1,3,1
675.0,169,3,3,1,5,3,1,1,0,1,1,3,1
676.0,54,1,1,1,4,1,1,1,0,0,0,1,1
676.0,57,0,0,1,6,5,1,2,1,1,0,4,1
676.0,74,1,1,1,6,26,0,1,1,1,0,3,1
676.0,102,0,0,1,6,16,0,1,0,1,1,3,1
676.0,163,1,1,1,5,3,1,1,0,2,0,3,1
676.0,179,0,0,1,3,3,1,0,0,0,0,1,1
677.0,51,0,0,1,5,8,1,0,1,2,0,3,1
677.0,51,1,1,1,5,8,2,0,1,1,0,4,1
677.0,67,0,0,1,5,7,2,0,0,0,2,4,1
677.0,77,0,0,1,9,5,5,0,1,1,0,3,1
677.0,125,0,0,1,5,12,1,0,0,1,0,3,1
677.0,132,0,0,1,3,3,0,1,0,1,0,4,1
677.0,146,0,0,1,5,9,1,0,0,1,1,3,1
677.0,147,0,0,1,3,1,1,0,0,1,0,4,1
677.0,158,1,1,1,4,19,0,0,0,0,1,3,1
677.0,167,0,0,1,19,9,8,8,0,1,0,4,1
677.0,176,0,0,1,5,2,1,1,0,1,1,3,1
677.0,189,2,2,1,6,12,1,1,0,2,1,3,1
678.0,29,0,0,1,5,15,2,1,0,1,0,3,1
678.0,43,1,1,1,2,2,1,0,0,0,0,1,1
678.0,56,0,0,1,8,24,1,0,0,1,2,3,1
678.0,98,0,0,1,4,0,2,0,0,0,1,4,1
678.0,107,0,0,1,6,8,1,1,0,1,2,4,1
678.0,115,1,1,1,5,0,0,3,0,1,0,3,1
678.0,135,0,0,1,4,10,1,0,1,0,1,3,1
678.0,155,0,0,1,3,3,0,0,0,0,0,1,1
678.0,156,0,0,1,5,3,3,0,0,0,1,4,1
678.0,183,1,1,1,10,18,1,3,1,2,2,3,1
679.0,3,0,0,1,4,12,1,0,1,1,0,3,1
679.0,4,0,0,1,3,3,1,1,0,0,0,10,1
679.0,19,0,0,1,5,43,1,0,1,0,2,3,1
679.0,56,1,1,1,5,0,2,1,0,0,0,1,1
679.0,77,0,0,1,8,5,5,1,0,1,0,4,1
679.0,98,1,1,1,12,23,4,3,1,2,1,3,1
679.0,134,0,0,1,3,15,0,1,1,0,0,3,1
679.0,159,1,1,1,7,1,2,1,0,1,1,3,1
679.0,170,1,1,1,11,3,5,5,0,0,0,10,1
679.0,183,1,1,1,5,9,0,1,1,1,1,3,1
679.0,183,2,3,1,2,1,0,1,0,0,0,1,1
680.0,9,1,1,1,3,3,0,1,0,1,0,4,1
680.0,16,0,0,1,4,8,1,0,1,0,1,3,1
680.0,53,0,0,1,2,3,1,0,0,0,0,1,1
680.0,85,1,1,1,4,0,0,1,1,1,0,3,1
680.0,106,0,0,1,4,1,1,1,0,1,0,4,1
680.0,106,3,2,1,5,26,0,1,0,1,2,3,1
680.0,133,2,2,1,5,5,1,1,1,1,0,3,1
680.0,144,3,3,1,3,2,1,0,0,0,0,1,1
680.0,177,0,0,1,5,9,1,1,0,0,2,3,1
681.0,20,0,0,1,9,16,0,2,2,2,2,3,1
681.0,69,1,1,1,4,1,1,1,0,0,0,1,1
681.0,178,0,0,1,3,10,1,0,0,0,1,3,1
681.0,183,1,1,1,7,18,2,0,2,2,0,3,1
682.0,1,1,1,1,38,12,16,18,0,2,0,3,1
682.0,49,0,0,1,6,2,3,1,0,0,1,3,1
682.0,96,0,0,1,9,15,2,2,2,2,0,3,1
682.0,115,1,1,1,6,15,1,0,2,1,1,3,1
682.0,151,1,1,1,10,41,2,3,2,1,1,3,1
682.0,172,3,2,1,6,5,1,1,1,1,0,3,1
682.0,177,0,0,1,3,1,1,0,0,0,0,1,1
683.0,1,0,0,1,4,10,0,1,1,0,1,3,1
683.0,5,1,1,1,13,2,10,2,0,0,0,3,1
683.0,13,2,3,1,4,19,1,0,0,1,1,3,1
683.0,68,0,0,1,5,8,0,1,0,1,1,3,1
684.0,7,1,0,1,4,2,1,1,0,0,0,1,1
684.0,20,0,0,1,3,2,1,1,0,0,0,1,1
684.0,71,0,0,1,8,12,2,4,0,0,0,4,1
684.0,87,3,3,1,5,6,3,0,1,0,0,3,1
684.0,110,0,0,1,4,14,1,0,1,1,0,3,1
684.0,133,0,0,1,5,15,2,0,1,1,0,3,1
684.0,164,1,1,1,5,17,2,0,0,0,2,3,1
684.0,187,1,1,1,4,6,1,0,0,1,1,3,1
685.0,22,1,1,1,3,3,0,1,0,1,0,4,1
685.0,43,1,1,1,17,1,8,7,0,1,0,4,1
685.0,49,0,0,1,2,2,1,0,0,0,0,1,1
685.0,67,0,0,1,8,7,4,1,1,1,0,3,1
685.0,69,1,0,1,7,21,2,0,1,2,0,3,1
685.0,130,2,1,1,4,1,1,1,0,1,0,3,1
685.0,136,0,0,1,3,3,1,0,0,0,0,1,1
685.0,162,2,2,1,3,0,1,0,0,0,0,1,1
685.0,175,0,0,1,5,7,1,0,1,2,0,3,1
685.0,181,2,1,1,3,10,1,0,0,0,1,4,1
685.0,184,1,1,1,7,26,1,1,0,1,1,3,1
686.0,40,3,3,1,4,4,0,1,0,0,2,3,1
686.0,170,1,0,1,4,4,3,0,0,0,0,4,1
686.0,172,0,0,1,4,6,0,1,0,1,1,3,1
686.0,175,0,0,1,17,0,10,5,0,0,0,1,1
686.0,176,1,1,1,3,1,1,0,0,1,0,4,1
687.0,13,0,0,1,10,4,7,2,0,0,0,4,1
687.0,16,5,2,1,21,2,10,8,0,1,1,4,1
687.0,34,2,1,1,6,18,0,1,1,2,1,3,1
687.0,121,2,1,1,7,4,2,1,0,0,2,3,1
687.0,132,0,0,1,4,10,1,0,0,1,1,4,1
687.0,168,1,1,1,5,5,1,1,1,1,0,3,1
688.0,5,0,0,1,15,18,5,5,1,1,2,3,1
688.0,24,0,0,1,13,20,2,6,1,0,0,3,1
688.0,25,2,0,1,3,4,1,0,0,0,0,1,1
688.0,49,1,2,1,5,3,1,1,0,1,1,3,1
688.0,50,1,1,1,2,1,1,0,0,0,0,1,1
688.0,107,0,0,1,5,10,1,0,0,1,2,3,1
688.0,117,1,1,1,7,4,3,2,0,1,0,4,1
688.0,137,1,1,1,2,1,1,0,0,0,0,1,1
688.0,151,0,0,1,4,5,1,1,0,1,0,4,1
688.0,164,0,0,1,19,7,12,5,0,0,1,3,1
688.0,181,0,0,1,8,20,2,2,1,0,1,3,1
689.0,7,1,1,1,4,1,1,1,0,0,0,1,1
689.0,60,0,0,1,20,10,9,8,0,0,1,4,1
689.0,74,2,1,1,10,9,2,4,0,2,0,3,1
689.0,141,0,0,1,8,23,2,1,3,1,0,3,1
689.0,171,1,1,1,8,32,0,2,2,2,1,3,1
689.0,179,1,1,1,6,0,3,1,0,0,0,1,1
690.0,14,0,0,1,6,4,0,1,0,2,1,3,1
690.0,32,0,0,1,11,3,7,1,1,1,0,4,1
690.0,68,2,2,1,14,69,2,1,4,3,3,3,1
690.0,69,1,1,1,6,7,1,0,1,1,1,4,1
690.0,74,0,0,1,3,4,2,0,0,0,0,10,1
690.0,76,0,0,1,3,20,0,1,1,0,0,3,1
690.0,92,0,0,1,5,16,1,0,1,1,1,3,1
690.0,94,0,0,1,19,2,9,8,0,0,0,1,1
690.0,176,0,0,1,22,2,9,11,0,0,0,1,1
691.0,36,1,1,1,7,20,1,2,1,0,1,3,1
691.0,105,0,0,1,5,3,2,1,0,1,0,4,1
691.0,106,1,1,1,6,3,4,1,0,0,0,4,1
691.0,127,0,0,1,5,10,1,0,2,0,1,3,1
691.0,141,0,0,1,6,14,1,1,0,1,1,3,1
691.0,143,0,0,1,6,10,2,0,0,0,3,3,1
691.0,151,0,0,1,21,8,8,9,1,0,2,3,1
691.0,188,0,0,1,6,11,1,2,0,1,1,3,1
691.0,191,0,0,1,12,14,3,5,0,3,0,3,1
692.0,16,1,1,1,4,3,1,0,1,1,0,3,1
692.0,22,1,1,1,16,2,9,6,0,0,0,10,1
692.0,30,2,2,1,4,7,0,1,1,1,0,3,1
692.0,78,0,0,1,8,2,2,2,0,1,1,3,1
692.0,92,0,0,1,11,4,4,2,1,1,1,4,1
692.0,168,0,0,1,8,5,3,2,1,1,0,3,1
693.0,2,0,0,1,4,8,0,1,0,1,0,4,1
693.0,4,0,0,1,5,17,1,0,0,0,2,3,1
693.0,14,2,2,1,11,2,8,1,1,0,0,3,1
693.0,44,0,0,1,3,0,1,0,0,0,0,1,1
693.0,60,0,0,1,13,15,7,2,1,0,2,3,1
693.0,76,0,0,1,7,18,1,1,1,1,2,3,1
693.0,94,0,0,1,3,0,1,0,0,0,0,1,1
693.0,119,0,0,1,7,4,3,3,0,0,0,4,1
693.0,165,0,0,1,3,6,1,0,0,0,0,1,1
694.0,8,0,0,1,6,12,0,1,0,0,1,3,1
694.0,16,1,1,1,13,6,7,2,0,0,3,3,1
694.0,31,1,1,1,3,19,0,0,0,0,0,3,1
694.0,84,1,1,1,3,3,0,0,0,0,0,1,1
694.0,92,2,2,1,4,1,2,0,0,1,0,4,1
694.0,146,0,0,1,3,11,0,0,0,0,0,3,1
695.0,2,0,0,1,3,2,1,0,0,0,1,4,1
695.0,56,0,0,1,4,0,1,1,0,0,0,1,1
695.0,69,0,0,1,9,47,1,2,2,3,0,3,1
695.0,72,3,3,1,14,0,6,7,0,0,0,10,1
695.0,73,0,0,1,11,23,2,2,1,1,3,3,1
695.0,121,3,3,1,4,2,0,1,0,1,0,4,1
695.0,130,2,2,1,3,2,1,1,0,0,0,10,1
695.0,148,2,2,1,7,1,6,0,0,0,0,4,1
696.0,0,0,0,1,5,2,3,1,0,0,0,4,1
696.0,14,1,1,1,10,2,5,4,0,0,0,10,1
696.0,125,3,2,1,3,1,1,0,0,0,0,1,1
696.0,127,0,0,1,9,15,0,4,0,1,2,3,1
696.0,140,4,4,1,4,4,0,3,0,0,0,10,1
696.0,142,0,0,1,10,12,3,2,0,0,2,3,1
696.0,167,0,0,1,13,13,4,4,2,2,0,3,1
697.0,9,0,0,1,6,10,1,2,1,1,0,4,1
697.0,35,0,0,1,4,19,0,1,0,1,0,3,1
697.0,50,0,0,1,6,6,1,2,0,1,1,4,1
697.0,56,1,1,1,6,10,1,2,0,2,0,3,1
697.0,83,0,0,1,4,4,2,0,0,0,1,3,1
697.0,85,0,0,1,6,2,4,1,0,0,0,4,1
697.0,124,0,0,1,3,0,1,0,0,0,0,1,1
697.0,133,0,0,1,6,2,2,1,0,0,1,4,1
697.0,154,1,1,1,8,27,1,0,1,2,3,3,1
697.0,191,2,2,1,4,6,3,0,0,0,0,4,1
698.0,48,1,1,1,6,18,2,1,0,1,1,3,1
698.0,51,2,0,1,4,5,0,1,0,1,1,3,1
698.0,113,0,0,1,2,0,0,1,0,0,0,1,1
698.0,181,0,0,1,4,4,1,0,0,1,0,4,1
699.0,1,0,0,1,5,11,0,2,1,1,0,3,1
699.0,36,3,2,1,4,2,2,1,0,0,0,10,1
699.0,38,0,0,1,5,6,2,1,0,0,1,4,1
699.0,97,2,2,1,4,0,2,0,0,0,0,1,1
699.0,146,2,3,1,3,1,1,0,0,0,0,1,1
699.0,176,1,1,1,4,2,1,1,0,0,0,1,1
699.0,180,1,1,1,4,6,1,1,0,1,0,4,1
699.0,184,0,0,1,6,22,1,2,0,1,1,3,1
700.0,2,1,1,1,7,3,1,2,1,1,0,3,1
700.0,16,0,0,1,7,9,1,0,2,2,0,3,1
700.0,96,1,1,1,2,0,0,1,0,0,0,1,1
700.0,109,1,1,1,4,3,1,0,0,1,1,3,1
700.0,114,2,2,1,4,10,1,1,0,0,0,1,1
700.0,144,0,0,1,3,15,1,0,0,1,0,4,1
700.0,144,2,2,1,3,1,1,0,0,0,0,1,1
700.0,150,0,0,1,5,3,4,0,0,0,0,4,1
700.0,161,0,0,1,8,1,6,0,0,0,0,4,1
701.0,0,1,1,1,18,5,7,8,1,1,0,3,1
701.0,17,0,0,1,9,1,4,4,0,0,0,4,1
701.0,96,0,0,1,17,5,8,7,0,0,0,1,1
701.0,123,0,0,1,6,8,0,1,0,2,2,3,1
701.0,161,0,0,1,6,23,1,1,0,2,1,3,1
701.0,169,0,0,1,3,2,0,0,0,0,0,1,1
701.0,178,0,0,1,5,6,1,1,0,1,1,4,1
702.0,56,1,1,1,3,1,1,0,0,0,0,1,1
702.0,72,0,0,1,4,3,1,0,1,1,0,3,1
702.0,136,1,1,1,4,0,3,0,0,0,0,4,1
702.0,179,1,1,1,11,0,6,4,0,0,0,4,1
703.0,20,0,0,1,5,30,1,0,0,0,3,3,1
703.0,21,0,0,1,13,2,3,8,0,0,0,4,1
703.0,36,0,0,1,10,29,4,1,1,1,1,3,1
703.0,57,2,1,1,3,1,1,0,0,0,0,1,1
703.0,61,1,1,1,2,0,1,0,0,0,0,1,1
703.0,86,0,0,1,28,5,13,12,0,1,1,3,1
703.0,99,0,0,1,6,15,2,1,1,1,0,4,1
703.0,114,0,0,1,3,2,1,0,0,1,0,3,1
703.0,121,1,1,1,3,1,1,1,0,0,0,1,1
703.0,173,0,0,1,3,2,2,0,0,0,0,10,1
703.0,175,0,0,1,5,14,1,0,2,0,1,3,1
704.0,16,0,0,1,4,3,1,1,0,0,0,1,1
704.0,21,0,0,1,4,48,0,1,1,1,0,3,1
704.0,34,2,2,1,6,6,2,1,0,0,1,4,1
704.0,50,1,1,1,12,9,7,3,0,0,1,3,1
704.0,52,0,0,1,9,33,0,0,1,1,3,3,1
704.0,104,2,2,1,5,3,1,2,0,0,1,4,1
704.0,140,2,2,1,3,0,1,0,0,0,0,1,1
704.0,157,0,0,1,5,3,1,1,0,1,1,4,1
704.0,170,1,1,1,4,2,1,1,0,0,0,1,1
705.0,43,0,0,1,13,2,7,5,0,0,0,10,1
705.0,71,0,0,1,3,0,0,1,0,0,0,1,1
705.0,89,1,0,1,6,5,2,0,2,1,0,3,1
705.0,90,0,0,1,3,7,0,0,0,0,0,1,1
705.0,92,0,0,1,6,5,2,1,0,0,2,4,1
705.0,93,2,0,1,3,23,1,0,0,1,0,3,1
705.0,108,0,0,1,8,3,5,2,0,0,0,10,1
705.0,128,0,0,1,27,19,13,9,1,2,0,3,1
706.0,0,0,0,1,3,0,1,0,0,0,0,1,1
706.0,5,1,1,1,9,23,3,2,0,0,2,3,1
706.0,37,3,3,1,4,8,1,1,0,0,0,1,1
706.0,41,0,0,1,4,12,1,0,0,0,2,3,1
706.0,45,0,0,1,3,1,1,1,0,0,0,1,1
706.0,46,4,3,1,2,4,1,0,0,0,0,1,1
706.0,47,1,1,1,10,40,2,2,1,1,1,3,1
706.0,70,3,2,1,3,1,1,0,0,0,0,1,1
706.0,72,2,1,1,3,7,0,0,0,0,0,1,1
706.0,86,1,1,1,6,11,2,0,0,0,3,4,1
706.0,97,2,2,1,14,11,6,5,0,2,0,3,1
706.0,166,0,0,1,3,1,2,0,0,0,0,10,1
706.0,174,0,0,1,5,6,1,2,0,0,1,4,1
706.0,178,0,0,1,3,2,1,0,0,0,0,1,1
706.0,180,1,1,1,4,3,0,1,0,1,1,4,1
706.0,182,0,0,1,7,4,2,2,1,0,1,4,1
706.0,183,0,0,1,2,1,1,0,0,0,0,1,1
706.0,190,0,0,1,7,25,2,0,1,1,2,3,1
707.0,64,1,1,1,4,1,3,0,0,0,0,4,1
707.0,86,0,0,1,3,4,1,0,0,1,0,4,1
707.0,89,0,0,1,5,1,3,0,1,0,0,4,1
707.0,101,0,0,1,9,27,1,3,0,1,0,3,1
707.0,117,1,0,1,5,16,1,0,0,0,1,3,1
708.0,7,0,0,1,6,4,3,1,0,0,1,3,1
708.0,48,1,1,1,8,7,1,2,1,2,1,3,1
708.0,73,1,1,1,4,6,1,1,0,0,1,4,1
708.0,99,3,4,1,5,12,0,1,0,2,1,3,1
708.0,176,0,0,1,5,2,1,1,1,1,0,4,1
709.0,12,1,1,1,3,1,1,0,0,0,0,1,1
709.0,17,0,0,1,9,27,1,0,2,1,1,3,1
709.0,22,0,0,1,9,29,1,2,2,1,2,3,1
709.0,90,0,0,1,3,4,0,0,0,0,0,1,1
709.0,130,1,3,1,7,10,1,1,1,2,0,3,1
709.0,139,0,0,1,3,3,1,0,0,1,0,4,1
709.0,172,1,1,1,7,4,2,2,0,2,0,3,1
709.0,181,0,0,1,4,12,0,1,0,1,1,4,1
709.0,189,1,1,1,4,1,0,2,0,1,0,4,1
710.0,68,1,1,1,21,1,9,10,0,0,0,1,1
710.0,114,0,0,1,9,29,1,1,0,1,3,3,1
710.0,175,0,0,1,6,14,2,1,1,1,0,4,1
710.0,187,1,1,1,7,7,3,0,2,1,0,3,1
710.0,196,3,1,1,7,48,2,0,2,1,1,3,1
711.0,1,1,1,1,3,0,1,0,0,1,0,3,1
711.0,9,3,3,1,13,8,6,5,1,0,0,4,1
711.0,9,5,5,1,21,2,11,8,0,0,0,1,1
711.0,16,3,2,1,5,4,1,1,1,1,0,3,1
711.0,20,3,0,1,3,1,1,0,0,0,0,1,1
711.0,22,5,1,1,6,4,0,3,0,1,0,3,1
711.0,57,2,2,1,3,6,0,0,0,0,0,1,1
711.0,96,0,0,1,3,5,1,0,0,0,0,1,1
711.0,175,0,0,1,2,3,1,0,0,0,0,1,1
711.0,178,0,0,1,3,14,0,1,1,0,0,3,1
711.0,181,0,0,1,8,7,3,1,2,1,0,3,1
711.0,189,1,1,1,7,8,2,2,0,1,1,3,1
712.0,38,2,3,1,4,6,1,1,0,1,0,4,1
712.0,52,0,0,1,9,16,2,1,2,2,1,3,1
712.0,105,2,3,1,3,3,1,0,0,1,0,4,1
712.0,119,0,0,1,4,6,0,2,0,1,0,4,1
712.0,144,0,0,1,2,2,1,0,0,0,0,1,1
712.0,163,1,1,1,10,50,3,0,3,2,1,3,1
712.0,171,1,1,1,5,7,1,1,1,1,0,3,1
712.0,176,0,0,1,3,0,1,1,0,0,0,1,1
713.0,1,0,0,1,6,12,1,2,0,1,1,4,1
713.0,25,0,0,1,4,1,1,1,0,0,0,1,1
713.0,55,1,1,1,4,4,1,1,0,0,1,4,1
713.0,75,2,2,1,9,7,2,2,1,1,2,3,1
713.0,83,2,1,1,4,1,1,1,0,0,0,1,1
713.0,145,0,0,1,5,21,0,1,0,1,0,3,1
713.0,148,2,2,1,12,1,3,8,0,0,0,4,1
713.0,154,0,0,1,4,3,0,1,0,1,1,3,1
713.0,166,0,0,1,7,15,0,2,1,1,2,3,1
713.0,175,0,0,1,4,3,0,1,0,1,1,3,1
713.0,188,0,0,1,7,9,1,2,0,1,0,3,1
714.0,47,0,0,1,5,12,1,2,0,0,1,4,1
714.0,66,0,0,1,10,30,2,5,0,1,1,3,1
714.0,100,1,1,1,10,16,8,1,0,0,0,4,1
714.0,101,2,2,1,5,3,1,1,0,1,0,4,1
714.0,145,0,0,1,4,0,2,1,0,0,0,10,1
714.0,163,0,0,1,6,14,2,1,0,2,0,3,1
714.0,171,3,1,1,12,9,9,1,1,0,0,3,1
714.0,179,1,1,1,5,6,2,1,0,1,0,3,1
715.0,45,0,0,1,5,5,0,2,0,1,1,4,1
715.0,46,0,0,1,5,12,1,1,0,1,1,4,1
715.0,90,0,0,1,5,2,3,0,0,1,0,4,1
715.0,94,0,0,1,7,3,4,0,1,1,0,3,1
715.0,162,2,2,1,3,11,1,0,0,1,0,3,1
716.0,1,1,1,1,3,0,1,0,0,0,0,1,1
716.0,10,0,0,1,3,10,0,1,0,1,0,4,1
716.0,11,3,3,1,4,11,1,1,0,1,0,3,1
716.0,27,0,0,1,4,21,1,0,0,0,1,3,1
716.0,66,0,0,1,12,0,4,7,0,0,0,4,1
716.0,156,0,0,1,3,0,0,2,0,0,0,10,1
717.0,2,1,1,1,5,7,4,0,0,0,0,10,1
717.0,22,1,0,1,2,18,0,0,0,0,0,1,1
717.0,41,0,0,1,3,1,1,0,0,0,0,1,1
717.0,56,0,0,1,4,8,0,1,0,1,1,3,1
717.0,59,1,1,1,3,0,1,0,0,0,0,1,1
717.0,73,1,1,1,4,3,1,0,0,1,0,4,1
717.0,124,1,1,1,8,3,4,2,0,1,0,4,1
718.0,1,3,3,1,3,3,1,0,0,1,0,4,1
718.0,42,0,0,1,4,14,0,1,0,1,1,3,1
718.0,44,0,0,1,3,1,1,1,0,0,0,10,1
718.0,83,0,0,1,11,3,4,3,0,1,1,3,1
718.0,152,2,3,1,4,4,1,0,1,1,0,3,1
718.0,186,3,3,1,3,10,0,0,0,1,0,5,1
719.0,9,0,0,1,15,4,6,8,0,0,0,10,1
719.0,17,1,1,1,17,6,9,7,0,0,0,10,1
719.0,27,0,0,1,3,2,1,0,0,0,0,1,1
719.0,27,1,1,1,5,4,1,1,0,1,1,3,1
719.0,46,0,0,1,6,16,0,1,1,2,0,3,1
719.0,57,0,0,1,3,8,1,0,0,0,1,3,1
719.0,66,0,0,1,3,5,1,0,0,0,0,1,1
719.0,82,0,0,1,4,7,0,1,0,1,1,3,1
719.0,94,0,0,1,9,39,4,1,1,1,1,3,1
719.0,119,0,0,1,5,3,3,0,0,0,1,4,1
719.0,147,0,0,1,3,2,1,0,0,0,1,4,1
719.0,147,2,3,1,2,3,0,0,0,0,0,1,1
719.0,148,0,0,1,3,4,0,1,0,0,0,1,1
719.0,156,0,0,1,3,3,1,0,0,0,1,4,1
720.0,21,2,1,1,4,1,0,1,0,1,1,3,1
720.0,23,0,0,1,24,6,14,6,1,1,0,3,1
720.0,29,0,0,1,6,21,1,1,1,1,1,3,1
720.0,59,0,0,1,7,9,2,1,1,2,0,4,1
720.0,77,2,2,1,4,1,1,0,0,1,0,4,1
720.0,137,1,1,1,10,5,6,3,0,0,0,10,1
720.0,146,2,3,1,4,2,1,1,0,1,0,1,1
720.0,163,0,0,1,4,4,1,0,0,1,1,3,1
721.0,18,0,0,1,5,16,1,0,1,1,0,3,1
721.0,29,2,2,1,4,0,2,0,0,1,0,4,1
721.0,63,2,3,1,3,0,2,0,0,0,0,10,1
721.0,110,0,0,1,2,3,1,0,0,0,0,1,1
721.0,119,0,0,1,3,2,1,0,0,1,0,4,1
721.0,129,1,1,1,5,3,2,1,0,0,1,4,1
721.0,156,0,0,1,4,0,1,1,0,0,0,1,1
721.0,184,0,0,1,8,7,1,3,0,1,1,3,1
722.0,17,0,0,1,10,10,5,1,1,1,1,3,1
722.0,55,0,0,1,4,11,1,0,0,1,1,3,1
722.0,103,0,0,1,16,5,10,4,0,0,1,4,1
722.0,118,0,0,1,3,14,0,0,0,0,0,3,1
722.0,163,0,0,1,6,19,1,0,1,1,2,3,1
723.0,15,0,0,1,8,15,1,3,0,2,1,3,1
723.0,32,0,0,1,6,2,2,3,0,0,0,10,1
723.0,32,1,1,1,6,8,2,1,1,1,0,4,1
723.0,47,0,0,1,4,5,2,1,0,0,0,10,1
723.0,70,0,0,1,5,12,0,1,1,2,0,3,1
723.0,155,0,0,1,9,38,2,1,2,1,2,3,1
723.0,165,3,1,1,4,3,3,0,0,0,0,4,1
724.0,27,0,0,1,5,9,1,1,1,0,1,4,1
724.0,34,2,2,1,4,1,1,1,0,1,0,4,1
724.0,46,1,1,1,4,8,0,1,0,1,1,3,1
724.0,101,0,0,1,5,2,1,1,0,1,1,3,1
724.0,150,0,0,1,8,32,2,1,1,1,1,3,1
724.0,174,0,0,1,3,0,1,0,0,0,0,1,1
725.0,27,1,1,1,11,26,2,5,0,0,0,3,1
725.0,33,2,2,1,4,4,0,1,0,2,0,3,1
725.0,59,1,1,1,3,1,1,0,0,0,0,1,1
725.0,70,0,0,1,4,19,0,1,1,1,0,3,1
725.0,100,2,1,1,5,33,0,1,0,0,3,3,1
725.0,105,0,0,1,4,6,0,1,0,1,1,3,1
725.0,127,2,2,1,10,9,2,2,2,3,0,3,1
725.0,129,2,1,1,5,3,2,2,0,0,0,4,1
725.0,141,0,0,1,4,4,2,0,0,0,1,4,1
725.0,145,1,1,1,4,3,2,1,0,0,0,4,1
725.0,153,0,0,1,5,12,0,1,1,1,0,3,1
725.0,154,1,1,1,3,5,0,0,0,1,0,5,1
725.0,166,0,0,1,18,7,9,6,0,0,2,3,1
725.0,174,1,1,1,6,58,0,1,1,2,1,3,1
726.0,32,0,0,1,5,17,2,0,0,0,2,3,1
726.0,51,0,0,1,6,3,2,1,0,1,0,3,1
726.0,108,0,0,1,4,7,0,1,0,2,0,3,1
727.0,1,0,0,1,5,8,2,1,0,0,1,4,1
727.0,61,0,0,1,5,4,2,0,1,1,0,4,1
727.0,73,0,0,1,17,29,8,3,1,1,3,3,1
727.0,83,1,1,1,7,17,2,1,1,2,0,3,1
727.0,97,1,1,1,2,0,1,0,0,0,0,1,1
727.0,100,1,0,1,5,38,1,0,0,1,2,3,1
727.0,107,1,1,1,14,15,7,1,2,1,2,3,1
727.0,109,0,0,1,5,9,1,0,1,2,0,3,1
727.0,112,2,2,1,6,5,2,1,1,1,0,4,1
727.0,114,2,2,1,3,3,1,0,0,0,0,1,1
727.0,133,1,1,1,2,0,1,0,0,0,0,1,1
727.0,135,4,1,1,3,10,1,0,0,1,0,4,1
727.0,153,0,0,1,5,2,2,0,1,0,1,3,1
728.0,7,2,2,1,5,4,2,0,1,1,0,4,1
728.0,13,0,0,1,6,10,1,0,2,1,1,3,1
728.0,25,2,2,1,4,0,1,1,0,0,0,1,1
728.0,27,0,0,1,3,8,0,0,0,1,0,5,1
728.0,30,2,2,1,2,1,1,0,0,0,0,1,1
728.0,103,1,1,1,7,9,2,1,0,1,2,3,1
728.0,106,1,1,1,12,17,5,2,1,2,1,3,1
728.0,164,1,1,1,5,6,1,2,0,0,0,3,1
728.0,164,2,2,1,5,4,3,0,1,0,0,3,1
728.0,165,1,1,1,9,7,3,2,2,0,0,3,1
728.0,171,0,0,1,4,10,1,0,1,0,1,4,1
728.0,173,1,1,1,3,17,0,1,0,0,1,3,1
729.0,23,0,0,1,11,17,4,4,0,0,2,3,1
729.0,91,2,2,1,4,2,1,1,0,1,0,4,1
729.0,123,1,1,1,3,2,1,1,0,0,0,1,1
729.0,128,1,1,1,6,9,0,2,0,1,1,3,1
729.0,137,0,0,1,4,2,1,1,0,1,0,4,1
729.0,190,3,1,1,4,1,0,1,0,1,0,4,1
730.0,13,1,1,1,3,0,1,1,0,0,0,10,1
730.0,16,0,0,1,10,48,2,0,2,2,2,3,1
730.0,21,0,0,1,6,17,0,1,0,2,2,3,1
730.0,25,0,0,1,10,7,4,3,0,1,1,3,1
730.0,81,2,2,1,7,2,3,2,0,0,0,3,1
730.0,82,1,1,1,3,0,1,0,0,0,0,1,1
730.0,97,2,1,1,6,2,4,1,0,0,0,1,1
730.0,99,0,0,1,10,17,2,3,1,2,1,3,1
730.0,120,1,1,1,11,12,1,2,2,1,3,3,1
730.0,164,1,1,1,2,1,1,0,0,0,0,1,1
731.0,18,1,1,1,3,7,0,1,0,1,0,3,1
731.0,27,0,0,1,5,5,2,0,1,1,0,3,1
731.0,27,1,1,1,4,2,1,1,0,0,0,1,1
731.0,47,0,0,1,7,19,1,0,0,1,1,3,1
731.0,53,1,1,1,6,27,1,1,1,2,0,3,1
731.0,68,0,0,1,11,0,8,2,0,0,0,10,1
731.0,75,1,1,1,4,1,1,1,0,1,0,4,1
731.0,85,0,0,1,4,3,1,1,0,1,0,4,1
731.0,117,0,0,1,3,1,2,0,0,0,0,10,1
731.0,118,1,1,1,4,2,2,1,0,0,0,4,1
731.0,123,2,0,1,6,9,1,1,1,2,0,3,1
731.0,142,0,0,1,3,4,1,0,0,0,1,4,1
731.0,159,0,0,1,33,5,17,12,1,2,0,3,1
732.0,55,1,1,1,6,17,4,0,0,0,1,4,1
732.0,112,0,0,1,18,5,9,7,0,0,1,3,1
732.0,115,0,0,1,6,18,1,0,1,1,1,3,1
732.0,138,0,0,1,7,32,3,0,1,1,1,3,1
732.0,145,5,4,1,8,30,0,1,2,1,3,3,1
732.0,157,0,0,1,4,2,2,0,0,0,1,4,1
732.0,191,0,0,1,5,5,0,1,0,2,1,3,1
733.0,33,1,0,1,3,3,2,0,0,0,0,10,1
733.0,52,0,0,1,7,0,3,2,0,1,0,3,1
733.0,62,2,2,1,11,25,5,1,0,1,2,3,1
733.0,91,1,1,1,14,44,0,9,1,1,2,3,1
733.0,97,0,0,1,28,0,16,10,0,0,0,1,1
733.0,115,3,2,1,3,10,0,1,0,1,0,3,1
733.0,125,0,0,1,4,7,1,1,0,1,0,4,1
733.0,133,2,3,1,5,10,2,1,0,0,1,3,1
733.0,161,1,1,1,2,13,0,0,0,0,0,1,1
734.0,2,0,0,1,3,2,1,0,0,1,0,4,1
734.0,45,3,2,1,5,4,1,2,0,1,0,4,1
734.0,67,4,4,1,2,0,1,0,0,0,0,1,1
734.0,69,3,3,1,4,0,1,1,0,0,0,1,1
734.0,85,0,0,1,7,7,4,1,1,0,0,4,1
734.0,94,0,0,1,3,0,1,1,0,0,0,1,1
734.0,130,1,1,1,4,1,1,1,0,0,0,1,1
734.0,147,0,0,1,4,10,0,1,0,1,1,3,1
734.0,152,0,0,1,4,3,2,0,0,0,1,4,1
734.0,167,0,0,1,7,16,0,2,0,3,0,3,1
734.0,174,1,0,1,7,5,3,2,0,1,0,3,1
735.0,18,1,1,1,6,20,0,1,2,1,1,3,1
735.0,27,6,1,1,18,54,4,7,1,2,2,3,1
735.0,46,0,0,1,9,5,7,1,0,0,0,10,1
735.0,48,0,0,1,35,1,18,16,0,0,0,10,1
735.0,49,1,1,1,7,5,2,1,1,1,1,4,1
735.0,58,0,0,1,17,5,4,10,0,1,1,3,1
735.0,76,1,1,1,5,3,1,2,1,0,0,4,1
735.0,78,3,3,1,3,1,1,0,0,0,0,1,1
735.0,134,0,0,1,3,3,0,1,1,0,0,4,1
735.0,137,1,1,1,9,68,1,1,2,2,1,3,1
735.0,175,0,0,1,5,5,2,1,0,1,0,4,1
735.0,178,0,0,1,6,13,1,1,1,1,1,4,1
736.0,2,0,0,1,5,2,3,1,0,0,0,4,1
736.0,114,0,0,1,4,20,1,0,0,0,2,3,1
736.0,170,0,0,1,3,0,0,1,0,1,0,3,1
737.0,106,0,0,1,14,4,3,7,0,1,2,3,1
737.0,174,3,3,1,3,0,0,1,0,1,0,4,1
737.0,175,0,0,1,3,3,1,0,0,1,0,3,1
738.0,42,0,0,1,4,7,0,0,0,1,0,3,1
738.0,95,0,0,1,5,2,2,2,0,0,0,10,1
738.0,95,1,1,1,6,20,1,2,0,1,1,4,1
738.0,108,1,1,1,4,8,0,2,0,0,0,1,1
738.0,179,0,0,1,9,37,3,1,2,0,2,3,1
739.0,8,0,0,1,11,2,4,6,0,0,0,4,1
739.0,13,2,2,1,6,4,2,1,0,0,2,4,1
739.0,37,1,1,1,3,2,2,0,0,0,0,10,1
739.0,48,0,0,1,5,5,2,2,0,0,0,10,1
739.0,49,0,0,1,2,1,0,1,0,0,0,1,1
739.0,64,2,2,1,10,0,6,2,0,0,0,1,1
739.0,72,0,0,1,6,10,2,0,1,1,0,3,1
739.0,84,0,0,1,3,2,1,1,0,0,0,1,1
739.0,92,0,0,1,4,5,0,1,0,1,1,3,1
739.0,98,1,2,1,4,2,1,1,0,0,0,1,1
739.0,101,0,0,1,8,18,2,1,1,2,1,3,1
739.0,103,0,0,1,5,26,1,1,0,2,0,3,1
739.0,136,0,0,1,5,0,2,2,0,0,0,10,1
739.0,191,0,0,1,3,4,0,0,0,0,0,1,1
740.0,14,0,0,1,5,5,2,1,1,0,0,4,1
740.0,22,0,0,1,3,1,1,1,0,0,0,1,1
740.0,22,1,1,1,18,6,9,7,0,1,0,3,1
740.0,26,1,1,1,3,6,0,1,0,1,0,4,1
740.0,64,0,0,1,4,3,2,0,0,0,0,1,1
740.0,110,1,1,1,3,1,1,0,0,0,1,3,1
740.0,121,0,0,1,6,2,2,1,0,2,0,3,1
740.0,124,0,0,1,5,10,0,1,0,1,1,3,1
740.0,162,0,0,1,3,5,0,1,0,1,0,4,1
740.0,162,2,1,1,5,6,1,1,0,0,1,1,1
740.0,174,1,1,1,5,2,0,2,0,0,1,4,1
740.0,181,0,0,1,6,3,1,2,0,1,1,3,1
741.0,26,0,0,1,24,12,9,10,2,1,1,3,1
741.0,27,3,2,1,21,1,11,8,0,1,0,4,1
741.0,41,0,0,1,3,3,1,0,0,1,0,3,1
741.0,46,1,1,1,9,20,0,3,1,4,0,3,1
741.0,73,0,0,1,3,14,0,0,0,1,0,5,1
741.0,83,0,0,1,6,5,2,1,0,1,1,4,1
741.0,86,1,1,1,5,20,1,0,1,0,2,3,1
741.0,91,0,0,1,4,9,1,1,0,1,0,4,1
741.0,123,1,1,1,10,11,5,3,0,1,0,4,1
741.0,158,1,1,1,3,0,1,0,0,0,0,1,1
741.0,181,0,0,1,7,3,4,2,0,0,0,4,1
742.0,48,0,0,1,16,3,5,9,0,1,0,4,1
742.0,73,0,0,1,6,3,3,1,0,1,0,4,1
742.0,79,0,0,1,11,8,6,1,1,0,1,4,1
742.0,137,0,0,1,27,2,15,11,0,0,0,10,1
742.0,148,2,2,1,12,4,7,3,0,1,0,4,1
742.0,151,0,0,1,4,11,1,0,0,0,1,3,1
742.0,154,1,1,1,6,5,2,3,0,0,0,10,1
742.0,177,2,3,1,15,12,7,3,2,2,0,3,1
742.0,185,0,0,1,6,19,3,0,0,0,2,3,1
743.0,26,1,1,1,3,1,1,0,0,1,0,4,1
743.0,36,2,2,1,9,2,5,3,0,0,0,4,1
743.0,43,0,0,1,14,19,8,1,2,1,1,3,1
743.0,53,1,1,1,25,1,11,13,0,0,0,4,1
743.0,70,0,0,1,3,5,0,0,0,1,0,5,1
743.0,86,1,1,1,6,8,1,1,2,1,0,3,1
743.0,92,0,0,1,3,0,2,0,0,0,0,10,1
743.0,102,0,0,1,5,4,1,1,0,1,0,4,1
743.0,112,1,1,1,8,14,2,1,2,0,2,3,1
743.0,152,0,0,1,3,0,2,0,0,0,0,1,1
743.0,170,0,0,1,5,7,1,1,0,0,2,3,1
744.0,6,1,1,1,3,1,1,0,0,0,0,1,1
744.0,23,5,2,1,13,5,9,3,0,0,0,4,1
744.0,25,2,1,1,12,12,6,0,2,2,1,3,1
744.0,30,1,1,1,3,0,1,0,0,0,0,1,1
744.0,40,1,1,1,5,14,1,1,0,1,1,3,1
744.0,52,4,0,1,5,9,2,1,0,0,1,4,1
744.0,58,0,0,1,5,3,2,0,1,0,0,1,1
744.0,63,0,0,1,7,15,0,0,1,1,0,3,1
744.0,72,0,0,1,3,1,1,1,0,0,0,1,1
744.0,107,0,0,1,3,2,0,0,0,0,0,1,1
744.0,126,1,0,1,4,1,2,1,0,0,0,10,1
744.0,135,0,0,1,15,13,7,6,0,1,0,3,1
744.0,145,1,1,1,4,3,1,1,0,0,0,1,1
744.0,159,1,1,1,4,2,1,1,0,1,0,3,1
744.0,171,0,0,1,6,21,2,1,1,1,0,3,1
744.0,173,0,0,1,6,6,3,2,0,0,0,4,1
745.0,5,0,0,1,9,2,5,0,1,1,1,3,1
745.0,37,1,1,1,3,6,1,0,0,1,0,3,1
745.0,47,1,1,1,4,0,1,1,0,0,0,1,1
745.0,86,0,0,1,3,4,1,0,0,0,0,1,1
745.0,101,1,2,1,5,2,2,0,0,0,1,4,1
745.0,176,1,0,1,18,7,9,7,0,1,0,4,1
746.0,34,1,1,1,6,1,2,2,0,0,1,3,1
746.0,55,0,0,1,5,5,1,2,0,1,0,4,1
746.0,66,1,1,1,3,0,1,0,0,0,0,1,1
746.0,83,0,0,1,4,16,1,0,0,0,2,3,1
746.0,101,0,0,1,6,2,1,2,1,1,0,4,1
747.0,15,0,0,1,6,8,1,1,1,1,1,3,1
747.0,43,0,0,1,3,3,1,1,0,0,0,10,1
747.0,47,1,1,1,4,0,1,1,0,0,0,1,1
747.0,75,1,1,1,4,33,1,0,1,0,0,3,1
747.0,109,0,0,1,4,6,0,2,0,0,1,4,1
747.0,111,0,0,1,6,3,1,1,1,2,0,3,1
747.0,115,0,0,1,6,2,2,1,0,1,1,3,1
747.0,121,0,0,1,7,12,3,1,0,0,2,3,1
747.0,146,2,2,1,6,15,3,0,1,1,0,3,1
748.0,27,0,0,1,11,5,7,0,1,1,1,4,1
748.0,100,1,1,1,19,6,11,6,0,0,1,4,1
748.0,124,0,0,1,5,4,2,1,0,0,1,4,1
748.0,157,0,0,1,4,12,0,1,0,1,1,3,1
748.0,160,0,0,1,5,5,1,1,0,1,1,4,1
748.0,165,0,0,1,3,5,0,1,0,1,0,4,1
749.0,19,0,0,1,8,8,4,1,1,0,1,4,1
749.0,49,1,0,1,16,30,4,6,2,2,1,3,1
749.0,81,1,1,1,12,6,7,1,1,2,0,3,1
749.0,100,0,0,1,7,58,0,1,2,0,0,3,1
749.0,111,0,0,1,8,3,5,1,0,0,0,1,1
749.0,120,3,1,1,4,10,0,0,0,0,0,4,1
749.0,125,1,1,1,7,0,2,3,0,1,0,3,1
749.0,141,0,0,1,5,6,2,1,0,0,1,4,1
749.0,179,0,0,1,4,18,1,0,0,1,1,3,1
749.0,190,0,0,1,5,2,1,0,1,1,0,4,1
750.0,0,0,0,1,4,6,2,1,0,0,0,10,1
750.0,2,0,0,1,4,4,0,1,0,1,1,3,1
750.0,22,0,0,1,6,2,2,1,0,1,1,4,1
750.0,35,1,1,1,9,33,1,2,2,1,2,3,1
750.0,66,0,0,1,4,2,1,0,0,1,0,4,1
750.0,71,0,0,1,6,0,3,1,0,1,0,3,1
750.0,75,0,0,1,6,4,1,1,1,2,0,3,1
750.0,109,0,0,1,31,4,17,13,0,0,0,1,1
750.0,113,0,0,1,4,7,2,0,0,0,1,4,1
750.0,127,2,2,1,7,23,0,3,0,3,0,3,1
750.0,160,0,0,1,23,3,11,10,0,1,0,4,1
750.0,163,0,0,1,5,45,2,0,1,0,0,3,1
751.0,21,0,0,1,7,7,4,2,0,0,0,4,1
751.0,23,1,1,1,3,4,0,1,0,1,0,3,1
751.0,32,1,1,1,5,2,1,1,0,0,1,1,1
751.0,70,2,2,1,5,2,2,2,0,0,0,4,1
751.0,113,0,0,1,5,5,1,1,0,1,1,4,1
751.0,131,1,1,1,3,1,0,0,0,1,0,5,1
751.0,138,0,0,1,5,16,0,1,2,1,0,3,1
751.0,155,0,0,1,4,10,0,0,0,0,1,3,1
751.0,158,0,0,1,7,5,4,1,0,0,1,4,1
751.0,165,1,2,1,3,3,0,1,0,1,0,3,1
752.0,40,2,1,1,3,6,0,1,0,1,0,3,1
752.0,67,0,0,1,9,2,5,3,0,0,0,10,1
752.0,70,2,1,1,6,5,2,1,1,0,0,4,1
752.0,88,0,0,1,6,7,2,0,1,0,2,3,1
752.0,104,1,0,1,4,3,2,1,0,0,0,10,1
752.0,130,0,0,1,4,6,1,0,0,0,2,3,1
752.0,151,1,1,1,3,4,1,0,0,1,0,4,1
752.0,163,1,1,1,3,2,1,1,0,0,0,1,1
752.0,164,0,0,1,4,1,1,1,0,0,0,1,1
752.0,190,0,0,1,4,7,1,0,0,0,1,3,1
753.0,14,1,1,1,3,3,1,0,0,0,0,1,1
753.0,66,1,1,1,4,6,2,1,0,0,0,10,1
753.0,157,0,0,1,2,6,0,0,0,0,0,1,1
754.0,23,0,0,1,4,3,1,1,0,0,0,1,1
754.0,30,0,0,1,4,2,3,0,0,0,0,4,1
754.0,99,1,2,1,22,29,8,8,2,2,1,3,1
754.0,127,0,0,1,5,2,2,2,0,0,0,10,1
754.0,144,0,0,1,7,14,2,0,2,2,0,3,1
754.0,168,1,1,1,4,7,1,0,0,0,0,3,1
754.0,177,0,0,1,10,0,8,1,0,0,0,10,1
755.0,1,0,0,1,7,26,1,0,2,2,1,3,1
755.0,10,1,1,1,3,4,0,1,0,0,1,4,1
755.0,23,0,0,1,4,10,0,1,0,1,1,3,1
755.0,28,0,0,1,3,28,0,1,0,0,1,3,1
755.0,29,0,0,1,3,2,1,0,0,0,0,1,1
755.0,47,2,3,1,5,7,1,0,1,1,0,3,1
755.0,85,0,0,1,9,6,4,1,1,1,1,3,1
755.0,134,2,1,1,2,0,1,0,0,0,0,1,1
755.0,144,1,1,1,5,1,1,2,0,1,0,4,1
755.0,156,0,0,1,6,4,1,1,1,0,1,4,1
755.0,156,1,1,1,3,1,1,1,0,0,0,10,1
756.0,79,2,2,1,9,9,4,3,0,1,0,3,1
756.0,97,1,1,1,4,1,1,0,0,0,0,4,1
756.0,105,0,0,1,5,7,1,0,1,1,1,4,1
756.0,116,1,1,1,4,8,1,0,0,1,1,3,1
756.0,145,0,0,1,4,10,0,0,0,0,1,3,1
756.0,151,0,0,1,8,5,3,1,1,1,1,4,1
756.0,159,6,3,1,6,14,2,0,3,0,0,3,1
756.0,177,1,1,1,4,0,2,0,0,0,1,4,1
756.0,182,1,1,1,3,2,1,1,0,0,0,1,1
757.0,23,0,0,1,3,8,0,1,0,1,0,4,1
757.0,32,3,2,1,4,10,0,1,0,2,0,3,1
757.0,35,2,2,1,7,4,3,0,1,1,1,3,1
757.0,73,0,0,1,29,43,9,10,2,2,2,3,1
757.0,88,2,1,1,11,1,7,2,0,0,0,1,1
757.0,145,1,1,1,9,14,6,2,0,0,0,4,1
757.0,163,1,2,1,11,66,2,2,1,1,2,3,1
757.0,180,0,0,1,4,2,0,1,0,2,0,3,1
758.0,0,3,3,1,17,0,9,6,0,1,0,4,1
758.0,115,0,0,1,6,9,1,1,1,2,0,3,1
758.0,120,0,0,1,5,8,0,1,0,2,1,3,1
758.0,129,0,0,1,3,5,1,0,0,0,0,1,1
758.0,149,2,2,1,3,0,1,0,0,0,0,1,1
759.0,29,0,0,1,9,100,0,1,2,2,1,3,1
759.0,32,1,1,1,13,10,6,4,0,0,2,4,1
759.0,65,0,0,1,11,0,5,5,0,0,0,3,1
759.0,102,1,1,1,4,12,0,0,0,1,0,3,1
759.0,160,0,0,1,5,34,0,1,2,1,0,3,1
759.0,190,1,1,1,6,2,2,0,1,1,1,3,1
760.0,1,0,0,1,5,4,1,1,0,2,0,3,1
760.0,8,0,0,1,5,6,2,1,0,1,0,4,1
760.0,38,0,0,1,3,1,1,0,0,0,0,1,1
760.0,51,1,1,1,4,3,2,0,0,0,1,4,1
760.0,57,0,0,1,38,6,18,17,1,1,0,3,1
760.0,82,2,2,1,7,1,4,0,1,1,0,3,1
760.0,143,0,0,1,3,1,1,0,0,0,0,1,1
760.0,184,1,1,1,3,0,2,0,0,0,0,10,1
761.0,17,0,0,1,8,57,0,1,2,1,2,3,1
761.0,24,1,1,1,4,9,1,0,0,0,2,3,1
761.0,62,0,0,1,4,3,2,0,0,0,1,3,1
761.0,111,0,0,1,3,4,0,0,0,0,0,1,1
761.0,112,1,1,1,6,4,3,1,0,1,0,3,1
761.0,118,4,3,1,3,1,1,0,0,1,0,4,1
762.0,2,0,0,1,6,90,1,1,1,0,0,3,1
762.0,53,0,0,1,7,3,2,2,0,2,0,3,1
762.0,74,0,0,1,9,25,1,3,1,1,0,3,1
762.0,75,0,0,1,7,3,3,1,0,1,1,3,1
762.0,82,0,0,1,4,0,1,2,0,0,0,10,1
762.0,135,0,0,1,5,16,2,0,1,1,0,3,1
762.0,163,0,0,1,9,28,2,0,2,1,2,3,1
762.0,170,0,0,1,5,2,4,0,0,0,0,10,1
763.0,50,0,0,1,4,4,1,1,0,0,1,4,1
763.0,57,1,1,1,5,9,2,1,0,1,0,4,1
764.0,21,1,1,1,10,22,2,6,0,1,0,3,1
764.0,27,1,1,1,3,1,1,0,0,0,0,1,1
764.0,88,0,0,1,3,2,1,0,0,0,1,4,1
764.0,92,2,0,1,5,7,3,1,0,0,0,4,1
764.0,93,0,0,1,7,4,1,3,1,1,0,4,1
764.0,125,0,0,1,21,8,10,7,1,1,0,4,1
764.0,148,1,1,1,10,7,5,3,0,1,0,4,1
764.0,151,0,0,1,4,6,1,0,0,1,1,3,1
764.0,174,0,0,1,9,10,2,5,0,1,0,4,1
764.0,185,0,0,1,7,17,1,1,1,2,1,3,1
765.0,20,0,0,1,6,2,2,1,1,1,0,4,1
765.0,23,0,0,1,4,2,3,0,0,0,0,4,1
765.0,25,0,0,1,11,29,5,3,0,1,1,3,1
765.0,34,1,1,1,3,0,1,0,0,0,0,1,1
765.0,51,0,0,1,5,6,3,0,0,0,1,4,1
765.0,59,0,0,1,12,17,3,1,3,1,2,3,1
765.0,94,0,0,1,3,1,1,0,0,0,0,1,1
765.0,97,1,0,1,11,3,8,1,0,0,0,4,1
765.0,112,0,0,1,18,5,7,10,0,0,0,4,1
765.0,118,0,0,1,3,5,1,0,0,1,0,4,1
765.0,162,1,1,1,5,12,2,0,0,0,2,3,1
766.0,1,2,2,1,10,2,3,4,1,1,0,3,1
766.0,9,2,1,1,3,6,2,0,0,0,0,10,1
766.0,56,1,1,1,6,18,2,0,1,2,0,3,1
766.0,90,0,0,1,7,14,2,1,0,0,3,3,1
766.0,100,1,1,1,3,3,1,0,0,1,0,3,1
766.0,128,2,2,1,3,4,1,0,0,0,1,4,1
766.0,151,0,0,1,7,13,3,1,1,1,0,3,1
766.0,164,0,0,1,6,9,0,1,1,1,0,3,1
767.0,6,0,0,1,4,4,2,0,1,0,0,4,1
767.0,129,1,2,1,5,3,2,0,0,0,1,4,1
767.0,148,0,0,1,7,1,2,2,0,2,0,3,1
767.0,150,0,0,1,4,2,1,1,0,1,0,4,1
767.0,173,0,0,1,6,2,3,0,1,1,0,4,1
768.0,46,2,1,1,4,5,2,0,0,0,1,4,1
768.0,71,0,0,1,4,1,3,0,0,0,0,1,1
768.0,81,1,1,1,4,1,1,0,0,1,0,4,1
768.0,102,3,2,1,11,2,8,2,0,0,0,4,1
768.0,123,1,1,1,5,11,2,0,1,1,0,3,1
768.0,137,1,1,1,5,9,3,1,0,0,0,4,1
768.0,140,1,1,1,2,4,1,0,0,0,0,1,1
768.0,140,2,2,1,12,23,5,3,1,0,0,3,1
768.0,171,0,0,1,7,6,3,1,1,1,0,4,1
769.0,85,2,1,1,5,2,1,1,0,1,1,3,1
769.0,88,2,1,1,3,6,2,0,0,0,0,1,1
769.0,89,0,0,1,4,15,1,0,0,1,1,3,1
770.0,9,0,0,1,6,17,2,0,1,0,2,3,1
770.0,25,0,0,1,3,3,1,0,0,0,0,1,1
770.0,54,1,1,1,13,4,8,4,0,0,0,4,1
770.0,103,0,0,1,5,2,3,0,0,0,0,1,1
770.0,117,0,0,1,4,1,1,1,0,0,0,1,1
770.0,119,1,1,1,12,42,1,2,0,3,5,3,1
770.0,171,3,3,1,4,0,2,1,0,0,0,10,1
771.0,1,0,0,1,19,11,9,7,0,1,0,4,1
771.0,15,2,2,1,4,0,1,1,0,0,0,1,1
771.0,30,1,1,1,6,0,3,1,0,0,0,4,1
771.0,82,0,0,1,5,0,1,1,0,1,0,4,1
771.0,94,2,2,1,6,9,2,2,0,1,0,3,1
771.0,103,2,2,1,4,12,1,0,1,1,0,3,1
771.0,168,0,0,1,11,26,1,4,0,2,2,3,1
772.0,28,0,0,1,2,0,1,0,0,0,0,1,1
772.0,81,1,1,1,3,1,1,1,0,0,0,1,1
772.0,86,0,0,1,11,4,7,2,0,0,0,4,1
772.0,115,2,2,1,13,1,8,4,0,0,0,4,1
772.0,123,1,0,1,4,23,3,0,0,0,0,3,1
772.0,148,1,1,1,5,23,1,0,1,1,1,3,1
773.0,17,3,2,1,31,10,17,11,0,1,1,3,1
773.0,70,0,0,1,4,5,3,0,0,0,0,10,1
773.0,102,0,0,1,5,8,0,2,0,1,1,3,1
773.0,128,0,0,1,7,5,4,0,0,1,1,4,1
773.0,144,1,2,1,7,11,1,1,1,1,2,3,1
773.0,183,1,1,1,8,1,3,4,0,0,0,10,1
773.0,184,0,0,1,4,0,0,3,0,0,0,4,1
774.0,17,1,1,1,5,3,1,2,0,1,0,10,1
774.0,44,0,0,1,6,44,0,0,1,1,0,3,1
774.0,73,0,0,1,13,15,4,2,3,0,3,3,1
774.0,105,0,0,1,7,4,2,1,1,1,1,3,1
774.0,134,0,0,1,5,7,2,1,0,1,0,4,1
774.0,167,1,2,1,7,5,1,2,0,1,2,3,1
775.0,44,2,1,1,5,6,2,0,1,1,0,3,1
775.0,53,1,1,1,3,0,1,0,0,0,0,1,1
775.0,109,0,0,1,3,9,0,1,0,1,0,3,1
775.0,110,2,2,1,5,13,1,0,0,1,1,3,1
775.0,117,3,3,1,2,1,1,0,0,0,0,1,1
775.0,138,0,0,1,7,19,2,4,0,0,0,4,1
775.0,142,0,0,1,6,20,1,1,0,0,3,3,1
775.0,161,0,0,1,5,16,1,0,0,0,3,3,1
775.0,189,1,1,1,5,5,2,0,1,1,0,3,1
776.0,18,1,1,1,3,2,1,0,0,0,0,1,1
776.0,34,2,2,1,3,4,0,0,0,1,0,5,1
776.0,54,0,0,1,4,0,2,1,0,0,0,10,1
776.0,61,1,1,1,7,4,5,1,0,0,0,4,1
776.0,69,0,0,1,7,5,2,3,0,1,0,3,1
776.0,69,1,1,1,12,0,7,3,0,0,0,1,1
776.0,122,1,1,1,7,1,2,3,0,0,0,1,1
776.0,131,0,0,1,15,25,4,5,2,1,2,3,1
776.0,154,2,2,1,4,0,1,1,0,1,0,4,1
776.0,176,1,1,1,7,11,3,0,0,0,3,4,1
776.0,177,0,0,1,4,7,1,0,0,0,2,3,1
777.0,84,3,2,1,4,1,1,1,0,0,0,1,1
777.0,100,0,0,1,3,1,1,0,0,0,0,1,1
777.0,107,0,0,1,9,2,4,4,0,0,0,1,1
777.0,135,0,0,1,10,5,7,0,0,0,1,3,1
777.0,173,3,3,1,8,25,3,1,0,1,2,4,1
778.0,3,0,0,1,14,5,3,7,0,1,1,3,1
778.0,28,2,1,1,4,1,2,1,0,0,0,4,1
778.0,28,3,2,1,5,46,1,0,2,1,0,3,1
778.0,44,1,1,1,4,3,2,0,0,0,1,4,1
778.0,55,1,1,1,5,16,1,0,1,2,0,3,1
778.0,60,0,0,1,4,5,2,0,1,0,0,4,1
778.0,62,2,2,1,3,5,0,0,0,1,0,5,1
778.0,125,0,0,1,3,0,1,0,0,0,0,1,1
778.0,127,0,0,1,12,52,4,2,1,1,1,3,1
778.0,176,0,0,1,4,1,1,1,0,1,0,4,1
778.0,184,1,1,1,3,0,2,0,0,0,0,1,1
779.0,19,0,0,1,11,41,2,1,1,1,2,3,1
779.0,33,1,1,1,4,1,1,1,0,1,0,4,1
779.0,38,2,0,1,8,2,7,0,0,0,0,4,1
779.0,89,1,0,1,3,2,1,0,0,0,0,1,1
779.0,120,1,1,1,3,6,1,1,0,0,0,10,1
779.0,158,0,0,1,7,9,5,0,0,0,1,3,1
779.0,164,0,0,1,6,7,2,1,0,1,1,4,1
780.0,15,0,0,1,5,11,0,2,0,1,1,3,1
780.0,24,0,0,1,9,4,6,0,0,0,2,3,1
780.0,36,0,0,1,3,1,2,0,0,0,0,10,1
780.0,165,1,1,1,7,21,2,0,1,2,0,3,1
781.0,32,1,1,1,7,35,1,1,2,1,1,3,1
781.0,34,0,0,1,4,4,2,0,0,1,0,4,1
781.0,43,1,1,1,29,1,14,14,0,0,0,4,1
781.0,65,0,0,1,5,0,2,2,0,0,0,10,1
781.0,70,0,0,1,3,0,1,0,0,1,0,4,1
781.0,89,1,1,1,3,2,0,0,0,0,0,1,1
781.0,96,2,2,1,3,0,1,0,0,0,0,1,1
781.0,112,1,1,1,10,2,5,4,0,0,0,10,1
781.0,117,2,1,1,12,15,5,2,1,2,0,3,1
781.0,140,1,1,1,28,1,13,13,0,0,0,1,1
781.0,141,0,0,1,10,3,5,3,0,0,0,4,1
781.0,147,0,0,1,3,5,1,0,0,1,0,4,1
781.0,149,2,2,1,6,22,0,1,1,2,1,3,1
781.0,151,2,1,1,4,5,1,0,0,0,2,3,1
782.0,16,2,2,1,3,2,2,0,0,0,0,10,1
782.0,27,0,0,1,22,3,11,9,0,0,0,1,1
782.0,28,0,0,1,5,17,2,0,0,0,2,3,1
782.0,61,0,0,1,3,17,0,0,0,0,0,1,1
782.0,79,2,1,1,5,5,1,1,0,0,2,3,1
782.0,96,4,2,1,14,6,9,2,1,1,0,3,1
782.0,113,2,0,1,12,11,5,4,2,0,0,3,1
782.0,128,0,0,1,3,3,0,0,0,0,0,1,1
783.0,45,0,0,1,13,5,5,6,0,1,0,3,1
783.0,112,0,0,1,12,2,4,4,0,1,1,3,1
783.0,140,1,1,1,22,3,12,9,0,0,0,10,1
784.0,12,3,2,1,7,7,5,0,0,0,0,1,1
784.0,26,1,1,1,5,5,0,2,0,1,1,3,1
784.0,34,1,1,1,7,7,2,1,0,0,2,4,1
784.0,40,1,0,1,6,4,2,0,0,1,2,4,1
784.0,46,0,0,1,4,7,0,1,0,1,1,3,1
784.0,50,0,0,1,4,6,1,1,0,0,0,1,1
784.0,83,1,1,1,10,1,7,2,0,0,0,10,1
784.0,121,0,0,1,3,1,0,0,0,0,0,1,1
784.0,123,6,5,1,4,2,2,0,0,1,0,4,1
784.0,128,1,1,1,3,0,1,1,0,0,0,1,1
784.0,160,3,2,1,8,5,4,3,0,0,0,10,1
784.0,176,1,1,1,6,3,2,1,0,0,1,3,1
785.0,2,1,1,1,3,4,1,1,0,0,0,1,1
785.0,13,0,0,1,5,8,1,1,0,1,1,4,1
785.0,101,3,3,1,5,4,1,1,0,1,1,4,1
785.0,151,0,0,1,2,2,0,1,0,0,0,1,1
786.0,33,1,1,1,5,9,1,1,1,1,0,4,1
786.0,51,2,2,1,4,5,0,2,0,1,0,3,1
786.0,81,0,0,1,6,7,4,0,0,0,1,4,1
786.0,89,0,0,1,6,0,2,1,1,1,0,3,1
786.0,104,0,0,1,6,3,2,0,1,0,2,3,1
786.0,105,0,0,1,39,1,19,18,0,1,0,4,1
786.0,145,1,1,1,5,3,1,0,0,0,1,4,1
786.0,154,3,2,1,5,25,0,0,1,0,1,3,1
786.0,173,0,0,1,4,3,2,1,0,0,0,10,1
787.0,11,1,1,1,7,14,2,1,1,2,0,3,1
787.0,12,0,0,1,10,12,3,3,1,2,0,3,1
787.0,27,5,4,1,7,12,1,1,0,1,2,3,1
787.0,40,0,0,1,5,6,1,1,1,1,0,3,1
787.0,43,1,1,1,5,36,0,1,0,1,2,3,1
787.0,99,1,1,1,4,2,1,1,0,0,0,1,1
787.0,113,1,1,1,4,0,2,1,0,0,0,10,1
787.0,129,5,4,1,5,7,1,1,0,2,0,4,1
787.0,178,1,1,1,4,14,1,0,0,1,1,3,1
788.0,29,2,2,1,4,4,1,0,0,1,1,3,1
788.0,30,1,1,1,4,3,1,2,0,0,0,4,1
788.0,33,0,0,1,4,3,0,1,0,1,1,3,1
788.0,55,3,2,1,7,10,2,1,1,0,1,4,1
788.0,61,0,0,1,4,2,0,1,0,1,0,4,1
788.0,162,0,0,1,5,5,1,0,0,1,1,3,1
789.0,3,2,2,1,3,5,0,0,0,1,0,5,1
789.0,63,2,1,1,5,2,3,1,0,0,0,10,1
789.0,70,1,1,1,9,11,5,2,0,0,1,3,1
789.0,78,1,1,1,3,1,1,0,0,0,0,1,1
789.0,85,0,0,1,5,7,1,1,0,0,2,3,1
789.0,89,1,1,1,6,24,1,1,1,1,1,3,1
789.0,92,1,1,1,17,7,7,7,0,0,1,4,1
789.0,116,1,1,1,13,3,8,1,2,1,0,3,1
789.0,151,0,0,1,5,24,0,0,1,0,1,3,1
789.0,187,2,2,1,6,0,2,3,0,0,0,4,1
790.0,39,2,2,1,3,4,1,0,0,1,0,4,1
790.0,43,0,0,1,8,6,1,2,1,2,1,3,1
790.0,127,0,0,1,6,42,0,2,0,1,2,3,1
790.0,142,0,0,1,9,22,6,1,0,1,0,3,1
790.0,157,0,0,1,4,18,1,0,1,1,0,3,1
791.0,5,0,0,1,4,2,2,1,0,0,0,4,1
791.0,56,4,2,1,5,1,0,2,0,2,0,4,1
791.0,67,1,1,1,4,8,0,1,0,1,1,3,1
791.0,69,0,0,1,6,6,0,2,0,2,1,3,1
791.0,85,0,0,1,13,118,2,1,3,2,4,3,1
791.0,96,1,0,1,4,5,2,1,0,0,0,10,1
791.0,120,3,1,1,2,3,1,0,0,0,0,1,1
791.0,180,1,1,1,13,3,3,9,0,0,0,3,1
792.0,1,0,0,1,2,2,1,0,0,0,0,1,1
792.0,22,0,0,1,5,7,2,1,0,1,0,3,1
792.0,37,0,0,1,6,27,0,1,0,0,4,3,1
792.0,48,0,0,1,6,24,1,1,1,0,0,3,1
792.0,61,0,0,1,5,4,2,0,0,1,1,3,1
792.0,71,1,1,1,3,5,1,0,0,1,0,4,1
792.0,133,0,0,1,30,0,13,15,0,1,0,4,1
792.0,138,0,0,1,3,12,0,1,0,1,0,3,1
792.0,155,0,0,1,4,22,1,0,1,1,0,3,1
792.0,181,0,0,1,3,1,0,1,0,1,0,4,1
793.0,20,3,2,1,3,14,1,0,0,0,1,4,1
793.0,39,2,2,1,6,0,2,2,0,1,0,4,1
793.0,61,1,1,1,8,44,1,0,3,2,1,3,1
793.0,62,0,0,1,29,0,12,16,0,0,0,1,1
793.0,72,0,0,1,4,7,2,0,0,0,1,4,1
793.0,107,2,2,1,4,0,1,1,0,0,0,1,1
793.0,132,2,0,1,7,8,4,0,0,1,1,3,1
793.0,157,1,1,1,6,4,2,1,0,1,1,4,1
793.0,168,1,1,1,4,4,2,0,0,0,1,4,1
794.0,10,0,0,1,8,20,1,3,0,2,1,3,1
794.0,81,4,3,1,7,4,2,1,1,1,0,4,1
794.0,156,2,2,1,6,1,2,2,0,0,0,1,1
795.0,56,1,1,1,8,3,5,2,0,0,0,10,1
795.0,58,0,0,1,9,4,2,5,0,0,0,4,1
795.0,64,1,1,1,2,1,1,0,0,0,0,1,1
795.0,138,0,0,1,4,11,1,0,0,0,2,3,1
795.0,152,0,0,1,6,3,2,1,0,0,1,4,1
795.0,172,1,1,1,5,2,3,1,0,0,0,4,1
796.0,103,0,0,1,4,18,0,0,0,0,0,3,1
796.0,112,0,0,1,31,4,13,16,0,0,0,1,1
796.0,120,0,0,1,7,9,3,2,0,0,1,4,1
796.0,131,0,0,1,3,1,1,0,0,0,0,1,1
796.0,142,3,3,1,4,5,0,1,0,1,1,3,1
797.0,24,2,2,1,4,22,0,0,0,1,0,3,1
797.0,83,1,1,1,3,5,0,0,0,0,0,1,1
797.0,127,3,2,1,4,23,0,1,1,1,0,3,1
797.0,149,0,0,1,4,13,1,0,1,1,0,3,1
797.0,160,1,1,1,5,0,0,4,0,0,0,1,1
797.0,188,0,0,1,8,29,3,0,2,0,1,3,1
798.0,9,2,0,1,2,5,1,0,0,0,0,1,1
798.0,19,3,2,1,15,0,8,5,1,0,0,3,1
798.0,24,4,4,1,8,6,4,1,1,1,0,3,1
798.0,28,1,2,1,6,8,3,1,0,0,1,3,1
798.0,83,0,0,1,7,19,1,1,2,2,0,3,1
798.0,86,1,0,1,6,31,0,1,2,1,1,3,1
798.0,118,0,0,1,9,2,2,6,0,0,0,4,1
798.0,165,0,0,1,30,8,18,11,0,0,0,10,1
798.0,170,0,0,1,4,14,1,0,0,1,1,3,1
799.0,1,3,1,1,3,6,1,0,1,0,0,3,1
799.0,6,0,0,1,5,36,0,1,0,2,1,3,1
799.0,15,3,1,1,4,0,1,1,0,0,0,1,1
799.0,16,0,0,1,13,14,7,3,1,1,0,3,1
799.0,25,0,0,1,8,30,1,2,1,2,1,3,1
799.0,35,0,0,1,7,2,4,1,0,0,1,4,1
799.0,50,0,0,1,6,13,0,2,0,2,0,3,1
799.0,57,1,1,1,3,2,0,1,1,0,0,3,1
799.0,-1,1,1,1,6,11,0,1,1,2,1,3,1
799.0,183,0,0,1,4,3,2,0,0,0,1,4,1
800.0,12,1,1,1,3,10,0,1,0,1,0,3,1
800.0,22,1,1,1,8,16,1,2,1,1,0,3,1
800.0,40,0,0,1,3,12,1,0,0,0,1,3,1
800.0,51,2,2,1,9,5,3,5,0,0,0,4,1
800.0,64,0,0,1,5,4,0,2,0,1,1,3,1
800.0,95,2,2,1,4,0,1,1,0,0,0,1,1
800.0,133,1,0,1,4,5,3,0,0,0,0,10,1
801.0,5,0,0,1,4,9,0,1,1,0,1,4,1
801.0,16,0,0,1,11,6,3,4,1,1,0,3,1
801.0,30,0,0,1,3,3,1,0,0,0,1,3,1
801.0,44,0,0,1,3,4,1,1,0,0,0,10,1
801.0,54,1,0,1,5,8,1,0,0,1,1,3,1
801.0,68,1,1,1,5,6,3,1,0,0,0,10,1
801.0,100,1,1,1,4,3,3,0,0,0,0,4,1
801.0,183,1,1,1,4,5,2,1,0,0,0,10,1
801.0,187,1,1,1,10,9,1,7,0,1,0,3,1
802.0,20,0,0,1,14,0,5,8,0,0,0,10,1
802.0,21,2,0,1,9,14,2,1,1,1,3,3,1
802.0,28,6,1,1,7,35,0,1,1,1,1,3,1
802.0,48,0,0,1,7,2,2,4,0,0,0,10,1
802.0,144,0,0,1,10,6,4,5,0,0,0,3,1
802.0,190,3,2,1,4,5,1,0,0,1,0,4,1
803.0,3,1,1,1,7,45,1,1,2,1,1,3,1
803.0,33,0,0,1,8,11,3,0,0,0,4,3,1
803.0,86,0,0,1,5,1,1,2,0,1,0,4,1
803.0,89,0,0,1,5,11,0,2,0,1,1,4,1
803.0,92,0,0,1,5,8,2,2,0,0,0,4,1
803.0,101,3,2,1,6,2,1,2,0,2,0,4,1
803.0,107,0,0,1,3,1,1,0,0,0,0,1,1
803.0,109,1,3,1,7,5,5,1,0,0,0,4,1
803.0,137,0,0,1,8,1,2,4,0,0,0,1,1
803.0,145,2,2,1,5,9,1,1,0,0,2,3,1
803.0,182,2,2,1,5,0,1,1,1,1,0,3,1
803.0,197,2,0,1,5,3,2,0,0,0,1,4,1
804.0,9,0,0,1,7,1,1,5,0,0,0,4,1
804.0,37,1,1,1,3,1,0,1,1,0,0,3,1
804.0,44,0,0,1,9,0,4,3,0,0,0,1,1
804.0,58,0,0,1,3,0,1,0,0,0,0,1,1
804.0,59,0,0,1,4,2,0,1,0,1,1,3,1
804.0,62,1,1,1,5,5,3,0,0,1,0,4,1
804.0,80,0,0,1,10,3,5,4,0,0,0,10,1
804.0,160,0,0,1,15,1,7,6,0,0,1,4,1
804.0,171,2,2,1,18,0,11,6,0,0,0,1,1
804.0,189,5,2,1,9,3,1,6,0,1,0,4,1
805.0,39,1,1,1,9,29,0,1,2,2,3,3,1
805.0,50,1,1,1,2,8,0,0,0,0,0,1,1
805.0,51,4,1,1,6,23,2,1,1,1,0,3,1
805.0,73,0,0,1,14,1,6,6,0,0,0,1,1
805.0,84,0,0,1,4,6,2,0,0,0,1,4,1
805.0,98,1,1,1,5,17,0,1,0,1,2,3,1
805.0,115,0,0,1,3,2,1,0,0,0,1,3,1
805.0,136,1,0,1,7,15,1,0,0,1,0,3,1
805.0,174,4,3,1,5,2,4,0,0,0,0,4,1
805.0,190,1,2,1,5,1,3,0,0,0,0,4,1
806.0,50,1,1,1,27,6,15,8,1,1,0,4,1
806.0,51,2,2,1,4,0,3,0,0,0,0,1,1
806.0,73,1,1,1,3,1,2,0,0,0,0,10,1
806.0,90,0,0,1,10,12,0,2,1,2,1,3,1
806.0,122,1,0,1,6,1,4,1,0,0,0,10,1
806.0,142,1,1,1,3,2,1,0,0,0,0,1,1
806.0,181,1,1,1,3,2,2,0,0,0,0,10,1
807.0,8,0,0,1,6,2,4,0,0,0,0,1,1
807.0,39,0,0,1,11,9,4,5,0,0,0,3,1
807.0,40,0,0,1,6,9,1,0,1,2,1,3,1
807.0,102,1,1,1,10,9,4,0,2,2,1,3,1
807.0,107,0,0,1,3,22,1,0,1,0,0,3,1
807.0,119,1,1,1,6,20,2,0,0,1,0,3,1
807.0,122,0,0,1,6,2,2,1,1,0,0,3,1
807.0,146,1,1,1,27,0,15,10,0,0,0,1,1
807.0,163,0,0,1,22,1,10,10,0,0,0,1,1
807.0,182,1,0,1,3,20,0,0,0,0,0,3,1
808.0,16,1,1,1,3,11,1,0,0,1,0,3,1
808.0,25,0,0,1,4,0,1,0,0,1,0,4,1
808.0,38,0,0,1,12,7,5,0,3,2,1,3,1
808.0,129,1,1,1,5,2,3,1,0,0,0,1,1
808.0,138,3,2,1,3,5,0,1,0,1,0,4,1
808.0,149,1,2,1,8,5,3,2,0,0,2,3,1
808.0,155,1,1,1,3,1,1,0,0,0,0,1,1
808.0,184,2,2,1,5,1,1,1,1,1,0,4,1
809.0,18,2,2,1,3,3,1,0,0,1,0,3,1
809.0,26,3,3,1,40,1,21,17,0,0,0,1,1
809.0,28,0,0,1,4,7,0,1,0,1,1,3,1
809.0,30,0,0,1,5,6,2,2,0,0,0,10,1
809.0,43,1,1,1,5,3,1,0,0,1,1,4,1
809.0,50,0,0,1,4,6,0,1,0,1,1,3,1
809.0,68,0,0,1,3,0,1,0,0,1,0,4,1
809.0,70,3,3,1,7,5,2,1,1,1,0,4,1
809.0,98,2,2,1,2,3,1,0,0,0,0,1,1
809.0,132,1,1,1,4,3,1,1,1,0,0,3,1
809.0,162,3,2,1,7,1,2,1,1,0,1,4,1
809.0,163,0,0,1,4,5,2,0,0,0,1,4,1
810.0,2,2,1,1,4,2,2,1,0,0,0,4,1
810.0,57,1,1,1,3,4,0,1,0,1,0,4,1
810.0,110,1,1,1,9,11,3,1,1,2,1,4,1
810.0,151,1,0,1,7,2,2,4,0,0,0,10,1
811.0,50,1,1,1,3,0,2,0,0,0,0,10,1
811.0,74,0,0,1,10,59,0,2,1,1,3,3,1
811.0,106,0,0,1,6,3,2,2,0,1,0,10,1
811.0,112,1,1,1,6,4,2,1,0,2,0,3,1
811.0,120,0,0,1,3,11,1,0,0,1,0,4,1
811.0,121,1,1,1,3,1,2,0,0,0,0,1,1
811.0,166,1,1,1,10,7,5,4,0,0,0,4,1
811.0,176,0,0,1,5,0,1,3,0,0,0,4,1
812.0,49,1,1,1,3,3,1,0,0,0,0,1,1
812.0,81,0,0,1,4,10,0,1,0,2,0,3,1
812.0,91,1,1,1,17,2,8,7,0,1,0,4,1
812.0,96,1,1,1,5,0,1,2,0,1,0,3,1
812.0,98,0,0,1,3,18,0,1,0,1,0,3,1
812.0,107,0,0,1,4,2,1,1,0,0,1,4,1
812.0,111,0,0,1,6,5,1,2,1,0,1,4,1
812.0,167,2,3,1,5,20,1,0,0,1,1,3,1
812.0,177,6,5,1,4,4,1,0,0,0,0,3,1
812.0,179,0,0,1,4,9,1,0,1,1,0,3,1
813.0,62,0,0,1,3,4,1,0,0,0,1,4,1
813.0,73,1,1,1,7,20,2,1,1,2,0,3,1
813.0,77,0,0,1,7,6,2,1,1,0,0,3,1
813.0,103,0,0,1,3,1,1,0,0,0,1,3,1
813.0,120,0,0,1,6,6,3,1,0,0,1,3,1
813.0,138,0,0,1,15,5,6,7,0,0,0,1,1
813.0,153,3,3,1,13,28,2,6,3,1,0,3,1
814.0,8,0,0,1,6,8,2,1,0,0,2,4,1
814.0,8,2,3,1,5,7,0,1,0,1,1,3,1
814.0,86,0,0,1,5,21,0,1,0,1,1,3,1
814.0,100,0,0,1,4,7,0,1,0,2,0,3,1
814.0,171,0,0,1,12,7,6,5,0,0,0,3,1
815.0,0,0,0,1,4,2,3,0,0,0,0,1,1
815.0,13,1,1,1,4,3,2,1,0,0,0,10,1
815.0,70,2,2,1,13,2,6,4,1,1,0,3,1
815.0,137,1,1,1,4,2,1,1,0,0,0,1,1
815.0,144,0,0,1,3,3,1,0,0,0,1,3,1
816.0,10,2,2,1,3,1,0,0,0,1,0,5,1
816.0,34,0,0,1,16,30,9,2,1,2,1,3,1
816.0,84,0,0,1,3,13,0,1,0,1,0,4,1
817.0,18,1,1,1,2,2,1,0,0,0,0,1,1
817.0,29,0,0,1,5,7,1,1,1,1,0,4,1
817.0,133,0,0,1,11,6,6,3,0,1,0,4,1
817.0,133,1,1,1,5,4,1,0,0,0,2,3,1
817.0,154,0,0,1,5,3,3,1,0,0,0,4,1
817.0,162,3,0,1,5,7,1,0,1,1,1,3,1
817.0,174,0,0,1,7,18,2,1,1,1,1,3,1
818.0,19,0,0,1,3,1,1,0,0,0,0,1,1
818.0,25,0,0,1,8,11,1,1,1,2,2,3,1
818.0,48,0,0,1,4,0,2,0,0,0,0,1,1
818.0,91,0,0,1,18,12,9,7,0,0,0,1,1
818.0,164,0,0,1,4,3,1,1,0,0,0,1,1
818.0,172,1,1,1,5,5,1,1,1,1,0,4,1
819.0,9,0,0,1,9,32,1,1,1,2,3,3,1
819.0,31,0,0,1,4,1,1,1,0,0,1,3,1
819.0,33,1,1,1,7,4,4,2,0,0,0,4,1
819.0,61,1,1,1,4,4,1,0,0,1,1,4,1
819.0,116,1,1,1,10,3,5,3,0,0,0,4,1
819.0,127,0,0,1,6,9,1,2,0,1,1,3,1
819.0,184,2,2,1,4,7,1,0,1,0,1,3,1
819.0,192,0,0,1,5,2,1,3,0,0,0,4,1
820.0,9,2,2,1,5,8,0,2,1,1,0,3,1
820.0,16,0,0,1,6,9,2,0,0,0,1,3,1
820.0,32,0,0,1,9,5,2,5,1,0,0,3,1
820.0,37,2,2,1,5,3,2,2,0,0,0,4,1
820.0,51,3,2,1,13,23,5,3,2,1,1,3,1
820.0,90,1,1,1,4,1,3,0,0,0,0,1,1
820.0,112,1,1,1,7,3,3,1,1,1,0,4,1
820.0,177,1,1,1,19,9,8,7,0,1,1,3,1
820.0,192,1,1,1,3,1,1,1,0,0,0,1,1
821.0,19,0,0,1,2,2,0,1,0,0,0,1,1
821.0,21,0,0,1,5,7,1,1,1,1,0,3,1
821.0,123,0,0,1,7,1,3,2,0,0,0,3,1
821.0,125,0,0,1,3,9,0,1,0,0,0,1,1
821.0,127,2,2,1,26,0,15,9,0,0,0,1,1
821.0,148,0,0,1,6,5,1,1,1,1,1,4,1
822.0,8,0,0,1,5,2,2,2,0,0,0,10,1
822.0,21,0,0,1,5,7,1,0,1,1,0,3,1
822.0,22,3,3,1,3,9,0,1,0,1,0,4,1
822.0,38,2,2,1,4,0,1,2,0,0,0,10,1
822.0,50,1,1,1,3,1,1,0,0,1,0,4,1
822.0,140,0,0,1,7,15,1,0,0,1,4,3,1
823.0,10,0,0,1,9,5,4,4,0,0,0,4,1
823.0,42,0,0,1,9,2,4,3,0,0,1,3,1
823.0,51,0,0,1,3,3,2,0,0,0,0,10,1
823.0,63,2,2,1,6,21,1,1,0,1,2,3,1
823.0,88,1,1,1,7,8,0,3,0,2,0,3,1
823.0,109,2,2,1,20,1,8,11,0,0,0,10,1
823.0,145,1,1,1,4,3,1,1,0,1,0,4,1
823.0,166,4,4,1,5,0,2,2,0,0,0,10,1
823.0,168,0,0,1,6,1,3,1,0,0,1,4,1
824.0,7,0,0,1,3,0,1,0,0,0,0,1,1
824.0,18,0,0,1,6,40,1,1,2,0,1,3,1
824.0,38,3,0,1,3,1,1,0,0,0,0,1,1
824.0,51,0,0,1,5,4,1,1,0,0,2,4,1
824.0,68,0,0,1,6,9,2,1,0,0,2,3,1
824.0,98,0,0,1,7,15,4,2,0,0,0,4,1
824.0,145,0,0,1,5,0,1,1,0,1,0,4,1
824.0,157,0,0,1,6,10,3,0,0,0,2,4,1
824.0,175,1,1,1,4,2,0,1,0,2,0,3,1
825.0,85,1,2,1,4,5,1,1,0,1,0,1,1
825.0,90,1,1,1,5,2,2,2,0,0,0,10,1
825.0,91,1,1,1,9,3,7,1,0,0,0,4,1
825.0,121,1,2,1,8,2,5,2,0,0,0,4,1
825.0,125,2,2,1,4,8,1,0,0,0,2,3,1
825.0,170,0,0,1,6,23,0,1,1,2,1,3,1
826.0,8,1,1,1,4,19,0,1,0,1,1,3,1
826.0,26,1,1,1,7,21,2,1,0,1,0,3,1
826.0,50,0,0,1,6,20,1,0,1,2,1,3,1
826.0,70,0,0,1,8,25,0,2,1,2,2,3,1
826.0,135,0,0,1,5,27,0,1,1,1,0,3,1
826.0,159,0,0,1,5,11,1,2,0,1,0,3,1
826.0,179,1,1,1,6,8,0,1,1,1,2,3,1
826.0,185,4,4,1,3,4,1,0,0,0,0,1,1
827.0,1,0,0,1,3,2,0,0,0,0,0,1,1
827.0,40,0,0,1,5,6,2,1,0,0,1,3,1
827.0,44,0,0,1,9,3,5,2,0,0,1,3,1
827.0,100,2,0,1,3,4,1,0,0,1,0,3,1
827.0,126,0,0,1,4,15,0,1,0,0,1,3,1
827.0,171,0,0,1,4,4,2,0,0,1,0,4,1
828.0,90,1,1,1,4,7,1,1,0,0,1,4,1
828.0,115,0,0,1,6,18,1,1,1,0,2,3,1
828.0,160,3,2,1,4,2,1,1,0,0,0,1,1
829.0,67,0,0,1,3,7,0,1,0,1,0,4,1
829.0,75,2,2,1,9,6,3,1,1,2,0,3,1
829.0,82,0,0,1,7,12,0,1,1,1,1,3,1
829.0,139,0,0,1,3,16,0,0,0,0,0,3,1
829.0,150,1,1,1,3,2,0,0,0,0,0,3,1
830.0,20,1,1,1,2,0,1,0,0,0,0,1,1
830.0,24,1,1,1,5,6,0,1,0,2,0,3,1
830.0,25,0,0,1,6,4,2,1,1,1,0,4,1
830.0,25,1,1,1,3,3,0,0,0,0,0,1,1
830.0,59,0,0,1,33,4,14,17,0,1,0,4,1
830.0,103,0,0,1,5,6,1,1,1,1,0,3,1
830.0,143,1,1,1,7,11,1,0,2,3,0,3,1
831.0,57,0,0,1,5,11,0,1,0,2,1,3,1
831.0,77,0,0,1,4,7,1,0,0,0,2,3,1
831.0,99,1,0,1,3,2,0,0,0,0,0,1,1
831.0,100,1,1,1,7,3,1,1,0,1,1,3,1
831.0,106,0,0,1,4,1,2,0,0,0,0,1,1
831.0,120,0,0,1,3,13,1,0,0,1,0,3,1
832.0,4,0,0,1,5,5,3,1,0,0,0,10,1
832.0,58,0,0,1,4,11,1,0,0,0,2,3,1
832.0,79,2,0,1,4,4,3,0,0,0,0,4,1
832.0,84,0,0,1,9,10,4,1,1,1,1,3,1
832.0,121,0,0,1,4,14,1,0,1,0,1,3,1
833.0,0,1,1,1,3,7,0,1,0,1,0,4,1
833.0,12,0,0,1,38,13,19,15,1,1,1,3,1
833.0,33,0,0,1,4,3,0,1,0,1,1,3,1
833.0,41,1,1,1,3,2,1,0,0,1,0,4,1
833.0,74,0,0,1,4,32,1,0,1,1,0,3,1
833.0,91,2,2,1,7,13,2,1,0,1,2,3,1
833.0,156,0,0,1,8,6,1,3,0,1,1,3,1
833.0,156,2,2,1,4,0,1,1,0,0,0,1,1
833.0,185,0,0,1,13,17,3,2,3,3,1,3,1
834.0,1,1,1,1,5,13,0,1,0,1,0,3,1
834.0,4,1,1,1,3,1,1,0,0,1,0,4,1
834.0,9,0,0,1,3,3,0,1,0,1,0,3,1
834.0,16,0,0,1,3,0,0,2,0,0,0,10,1
834.0,65,0,0,1,2,1,1,0,0,0,0,1,1
834.0,99,0,0,1,3,11,1,0,0,0,1,3,1
834.0,137,0,0,1,13,6,4,5,1,2,0,3,1
834.0,153,3,3,1,3,9,0,1,0,1,0,3,1
834.0,171,0,0,1,4,1,1,1,0,0,0,1,1
835.0,40,1,0,1,7,4,6,0,0,0,0,4,1
835.0,58,0,0,1,7,4,2,1,0,1,1,3,1
835.0,72,1,1,1,21,10,11,6,1,2,0,3,1
835.0,88,0,0,1,5,4,1,2,0,1,0,4,1
835.0,89,0,0,1,6,19,1,1,1,1,1,3,1
835.0,98,2,2,1,3,2,1,1,0,0,0,10,1
835.0,108,0,0,1,4,8,2,0,0,1,0,4,1
835.0,117,0,0,1,6,10,1,1,0,1,1,3,1
836.0,22,0,0,1,4,15,0,0,0,0,0,3,1
836.0,30,0,0,1,6,8,0,4,0,0,1,3,1
836.0,46,0,0,1,4,5,1,1,0,0,1,3,1
836.0,130,0,0,1,9,6,5,3,0,0,0,4,1
837.0,34,0,0,1,3,4,1,1,0,0,0,1,1
837.0,82,0,0,1,5,1,2,2,0,0,0,10,1
837.0,95,1,1,1,5,7,1,0,0,0,3,3,1
837.0,98,1,1,1,34,25,15,16,0,1,1,3,1
837.0,127,0,0,1,4,0,1,1,0,0,0,1,1
837.0,140,0,0,1,11,8,5,1,2,1,1,3,1
837.0,141,3,3,1,8,0,5,1,0,0,0,1,1
837.0,141,4,4,1,5,0,1,2,0,1,0,4,1
837.0,148,4,3,1,8,16,2,1,0,2,1,3,1
837.0,180,0,0,1,3,11,0,1,0,1,0,4,1
838.0,5,2,1,1,5,8,0,2,0,1,1,3,1
838.0,26,1,1,1,4,3,2,0,0,1,0,4,1
838.0,128,0,0,1,2,0,1,0,0,0,0,1,1
838.0,142,1,0,1,7,12,2,1,1,2,0,3,1
838.0,166,0,0,1,3,6,1,0,0,1,0,4,1
839.0,5,0,0,1,12,14,1,6,1,2,1,3,1
839.0,67,0,0,1,10,19,3,2,2,1,1,3,1
839.0,120,3,2,1,4,6,2,0,0,0,1,4,1
839.0,160,1,1,1,5,4,1,1,1,1,0,4,1
840.0,34,1,1,1,3,3,1,0,0,1,0,4,1
840.0,74,1,1,1,5,4,2,1,1,0,0,4,1
840.0,131,1,0,1,4,6,3,0,0,0,0,4,1
840.0,152,0,0,1,8,1,7,0,0,0,0,4,1
840.0,159,2,2,1,5,3,2,1,0,0,1,4,1
840.0,161,0,0,1,8,2,3,2,1,1,0,3,1
841.0,33,0,0,1,5,16,0,1,0,0,2,3,1
841.0,80,0,0,1,7,7,1,1,1,2,1,3,1
841.0,144,1,0,1,9,4,7,1,0,0,0,4,1
841.0,186,2,1,1,8,3,3,4,0,0,0,3,1
842.0,8,1,1,1,5,0,3,1,0,0,0,1,1
842.0,38,3,4,1,5,10,1,1,0,1,1,3,1
842.0,47,1,1,1,3,0,2,0,0,0,0,10,1
842.0,49,0,0,1,4,6,1,1,0,0,1,4,1
842.0,60,0,0,1,5,6,0,1,0,1,1,3,1
842.0,64,1,1,1,2,3,0,0,0,0,0,1,1
842.0,66,1,1,1,3,1,1,1,0,0,0,1,1
842.0,78,0,0,1,11,22,3,3,2,1,0,3,1
842.0,143,0,0,1,5,17,1,0,1,0,1,3,1
842.0,161,2,1,1,8,22,1,1,1,0,2,3,1
842.0,184,0,0,1,9,38,1,1,3,2,1,3,1
842.0,193,1,1,1,9,92,0,1,3,3,1,3,1
843.0,16,0,0,1,2,3,1,0,0,0,0,1,1
843.0,18,0,0,1,5,12,2,0,0,0,2,4,1
843.0,31,1,0,1,8,9,2,3,0,1,0,3,1
843.0,37,1,1,1,3,9,2,0,0,0,0,10,1
843.0,43,1,1,1,10,3,8,0,0,0,0,4,1
843.0,49,0,0,1,21,3,13,5,1,0,0,4,1
843.0,54,1,1,1,7,1,6,0,0,0,0,4,1
843.0,60,0,0,1,11,7,6,1,1,1,1,3,1
843.0,72,1,1,1,2,1,1,0,0,0,0,1,1
843.0,84,1,0,1,3,35,0,0,0,0,0,3,1
843.0,121,1,1,1,11,45,2,2,2,2,2,3,1
843.0,125,0,0,1,3,2,0,1,1,0,0,4,1
843.0,138,0,0,1,4,33,0,1,1,0,0,3,1
843.0,159,0,0,1,5,27,1,0,0,0,3,3,1
843.0,182,1,1,1,3,0,1,0,0,1,0,4,1
843.0,194,1,1,1,4,27,0,1,0,1,1,3,1
844.0,5,3,2,1,9,10,3,4,0,0,1,3,1
844.0,18,0,0,1,3,2,1,0,0,1,0,4,1
844.0,20,0,0,1,5,26,0,0,1,1,0,3,1
844.0,36,2,2,1,4,5,1,0,0,0,1,3,1
844.0,54,0,0,1,3,18,0,0,0,0,0,3,1
844.0,54,1,1,1,4,3,3,0,0,0,0,4,1
844.0,74,0,0,1,15,14,6,4,0,2,2,3,1
844.0,75,0,0,1,5,4,2,1,0,0,1,4,1
844.0,139,0,0,1,5,15,1,1,0,2,0,3,1
844.0,182,1,1,1,7,25,2,2,1,0,1,3,1
845.0,65,0,0,1,5,5,2,1,0,0,1,4,1
845.0,97,1,1,1,12,1,5,5,0,1,0,3,1
845.0,124,1,0,1,3,1,1,0,0,0,0,1,1
845.0,182,0,0,1,6,2,3,0,1,0,1,3,1
846.0,76,2,1,1,3,8,0,1,0,1,0,4,1
846.0,102,3,3,1,6,5,2,1,0,0,1,4,1
846.0,116,0,0,1,5,4,1,1,1,1,0,3,1
846.0,141,0,0,1,11,31,2,1,2,0,3,3,1
846.0,163,1,1,1,4,2,0,1,1,0,0,4,1
847.0,67,0,0,1,7,3,3,1,0,0,2,3,1
847.0,115,0,0,1,4,2,2,0,0,1,0,4,1
847.0,129,1,1,1,4,2,1,1,0,0,0,1,1
847.0,156,1,1,1,4,9,2,0,1,0,0,4,1
847.0,164,0,0,1,3,6,1,1,0,0,0,1,1
847.0,166,0,0,1,5,3,1,0,0,1,1,3,1
848.0,33,3,3,1,3,4,1,0,0,1,0,4,1
848.0,41,3,3,1,11,2,5,4,1,0,0,3,1
848.0,51,2,2,1,4,30,1,0,0,1,1,3,1
848.0,55,5,1,1,7,18,1,2,0,2,1,3,1
848.0,78,1,1,1,3,9,1,0,0,1,0,4,1
848.0,86,2,2,1,10,3,6,2,0,1,0,4,1
848.0,108,2,2,1,3,3,0,0,0,0,0,3,1
848.0,144,0,0,1,7,7,1,4,0,1,0,3,1
848.0,147,1,1,1,4,4,3,0,0,0,0,4,1
848.0,186,0,0,1,4,6,2,1,0,0,0,10,1
849.0,0,1,1,1,5,0,4,0,0,0,0,4,1
849.0,52,0,0,1,8,5,2,4,0,1,0,4,1
849.0,71,0,0,1,7,3,6,0,0,0,0,4,1
849.0,82,0,0,1,23,10,9,12,0,1,0,3,1
849.0,85,0,0,1,6,12,1,2,0,2,0,3,1
849.0,92,0,0,1,6,13,1,0,2,1,0,3,1
849.0,123,0,0,1,10,8,3,4,0,2,0,4,1
849.0,157,0,0,1,4,12,1,1,1,0,0,4,1
849.0,188,1,1,1,3,0,1,0,0,0,0,1,1
850.0,17,0,0,1,3,2,1,0,0,1,0,4,1
850.0,37,1,1,1,2,4,0,0,0,0,0,1,1
850.0,47,3,2,1,3,2,0,1,0,0,1,3,1
850.0,50,2,3,1,6,2,1,3,0,1,0,4,1
850.0,63,2,2,1,5,10,0,1,0,2,1,3,1
850.0,65,0,0,1,2,1,1,0,0,0,0,1,1
850.0,78,0,0,1,7,3,2,2,0,1,0,4,1
850.0,109,0,0,1,5,0,2,1,0,1,0,4,1
850.0,114,1,1,1,3,6,1,1,0,0,0,1,1
850.0,116,0,0,1,7,4,1,1,0,1,2,3,1
850.0,134,2,2,1,6,4,3,1,0,1,0,4,1
851.0,19,0,0,1,4,3,2,1,0,0,0,10,1
851.0,42,0,0,1,9,2,4,4,0,0,0,4,1
851.0,69,0,0,1,3,4,1,0,0,0,0,1,1
851.0,72,0,0,1,6,22,1,0,0,1,3,3,1
851.0,78,2,1,1,3,2,2,0,0,0,0,10,1
851.0,117,0,0,1,3,1,0,1,0,0,0,1,1
851.0,159,1,1,1,3,9,1,1,0,0,0,1,1
852.0,-1,0,0,1,6,4,2,2,0,0,1,4,1
852.0,20,0,0,1,3,17,1,0,1,0,0,3,1
852.0,52,1,1,1,6,3,2,1,1,1,0,4,1
852.0,103,0,0,1,9,2,4,3,0,0,1,3,1
852.0,112,0,0,1,10,4,1,1,0,0,0,4,1
852.0,137,1,1,1,4,5,1,0,0,1,1,3,1
852.0,163,1,1,1,11,8,3,1,1,3,1,3,1
852.0,194,1,1,1,6,4,1,2,0,1,1,4,1
852.0,196,2,1,1,3,8,2,0,0,0,0,10,1
853.0,32,0,0,1,5,9,1,0,0,1,1,3,1
853.0,43,0,0,1,12,5,6,3,0,1,0,4,1
853.0,65,0,0,1,6,3,2,1,0,1,1,4,1
853.0,69,0,0,1,6,11,2,1,0,1,1,3,1
853.0,77,0,0,1,15,19,5,6,0,2,1,3,1
853.0,113,1,1,1,3,10,0,0,0,0,0,1,1
853.0,115,0,0,1,4,14,0,1,1,0,1,3,1
853.0,135,1,1,1,4,1,3,0,0,0,0,10,1
853.0,161,0,0,1,10,13,4,1,1,1,2,3,1
854.0,23,0,0,1,17,10,10,4,0,0,2,3,1
854.0,78,1,0,1,4,11,1,1,0,0,0,1,1
854.0,107,3,2,1,3,0,1,1,0,0,0,1,1
854.0,122,3,2,1,4,1,1,1,0,0,0,1,1
854.0,166,3,2,1,9,2,6,1,0,0,1,3,1
855.0,14,1,1,1,4,1,0,1,0,2,0,3,1
855.0,72,0,0,1,4,1,1,0,0,1,1,3,1
855.0,153,0,0,1,4,3,1,2,0,0,0,4,1
856.0,4,1,1,1,14,42,5,5,1,0,2,3,1
856.0,62,1,0,1,7,3,5,1,0,0,0,4,1
856.0,64,0,0,1,5,10,1,1,0,1,1,4,1
856.0,69,1,1,1,3,4,0,0,0,0,0,1,1
856.0,92,1,2,1,4,3,1,2,0,0,0,10,1
856.0,108,1,1,1,6,10,1,1,1,1,1,3,1
856.0,171,1,1,1,5,6,0,2,0,2,0,3,1
857.0,142,0,0,1,7,5,3,2,0,1,0,3,1
857.0,191,1,1,1,12,1,6,4,0,0,0,4,1
858.0,2,0,0,1,5,11,2,0,0,0,0,4,1
858.0,117,1,1,1,6,21,1,0,0,1,1,3,1
858.0,133,0,0,1,23,10,10,7,3,2,0,3,1
858.0,151,2,1,1,4,2,1,0,0,1,0,4,1
858.0,152,1,0,1,3,4,1,0,0,0,0,1,1
859.0,6,2,2,1,3,13,1,0,1,0,0,3,1
859.0,14,1,1,1,5,11,1,0,1,2,0,3,1
859.0,19,0,0,1,3,7,0,1,0,1,0,3,1
859.0,21,0,0,1,4,0,1,1,0,0,0,1,1
859.0,22,2,2,1,3,2,1,0,0,1,0,4,1
859.0,112,0,0,1,4,14,0,1,0,1,1,3,1
859.0,172,0,0,1,5,25,0,1,1,0,2,3,1
859.0,187,2,1,1,3,9,1,0,0,1,0,4,1
860.0,11,0,0,1,5,1,2,2,0,0,0,4,1
860.0,13,1,1,1,9,6,4,4,0,0,0,3,1
860.0,50,0,0,1,4,1,1,1,0,0,0,1,1
860.0,73,0,0,1,5,9,0,1,0,2,1,3,1
860.0,77,0,0,1,5,89,0,1,1,1,0,3,1
860.0,114,2,2,1,6,1,4,1,0,0,0,10,1
860.0,118,0,0,1,6,3,3,1,0,0,0,4,1
860.0,139,0,0,1,10,4,6,2,0,1,0,4,1
860.0,163,0,0,1,27,11,11,12,1,2,0,3,1
860.0,168,1,1,1,4,8,1,0,0,1,1,3,1
861.0,43,0,0,1,4,4,1,1,0,1,0,4,1
861.0,71,2,2,1,2,2,1,0,0,0,0,1,1
861.0,97,0,0,1,4,0,2,1,0,0,0,10,1
861.0,106,0,0,1,4,3,2,1,0,0,0,10,1
861.0,123,0,0,1,4,28,0,1,0,1,1,3,1
861.0,167,0,0,1,6,1,2,2,0,1,0,3,1
861.0,172,2,2,1,5,10,1,1,0,0,1,4,1
861.0,176,0,0,1,4,5,0,1,0,2,0,3,1
861.0,177,0,0,1,3,1,1,0,0,1,0,4,1
862.0,30,1,1,1,8,8,6,1,0,0,0,4,1
862.0,53,1,1,1,2,2,0,0,0,0,0,1,1
862.0,65,0,0,1,3,0,1,0,0,0,0,1,1
862.0,66,0,0,1,13,12,2,8,0,1,1,3,1
862.0,127,3,1,1,3,11,1,0,0,1,0,3,1
862.0,144,4,4,1,3,1,1,0,0,0,0,1,1
863.0,1,0,0,1,4,10,0,1,0,1,0,3,1
863.0,14,0,0,1,8,0,5,1,0,0,0,1,1
863.0,19,0,0,1,19,3,8,9,0,1,0,10,1
863.0,21,0,0,1,9,8,4,1,1,1,1,3,1
863.0,29,0,0,1,5,3,1,1,0,1,1,4,1
863.0,34,0,0,1,4,3,2,0,0,1,0,4,1
863.0,35,2,1,1,4,11,1,0,0,1,1,3,1
863.0,49,0,0,1,5,23,1,1,0,1,1,3,1
863.0,108,1,1,1,5,10,2,0,1,1,0,3,1
863.0,174,0,0,1,7,7,1,3,0,1,1,3,1
864.0,1,2,1,1,3,2,1,0,0,0,1,4,1
864.0,20,0,0,1,4,4,1,0,0,1,1,4,1
864.0,79,1,1,1,5,0,1,1,0,1,0,1,1
864.0,86,1,0,1,7,3,6,0,0,0,0,4,1
864.0,117,1,2,1,12,3,6,4,0,0,1,4,1
864.0,134,0,0,1,5,11,1,2,0,1,0,4,1
864.0,139,0,0,1,3,5,0,0,0,0,0,1,1
864.0,157,0,0,1,9,5,0,6,1,1,0,4,1
864.0,161,0,0,1,16,3,9,6,0,0,0,1,1
864.0,188,0,0,1,6,15,1,0,1,2,1,3,1
864.0,192,0,0,1,10,5,5,4,0,0,0,4,1
865.0,1,0,0,1,10,7,4,4,0,0,1,4,1
865.0,2,1,0,1,13,59,1,0,1,1,4,3,1
865.0,44,1,1,1,7,5,2,2,0,2,0,3,1
865.0,153,0,0,1,3,11,1,0,1,0,0,3,1
865.0,182,2,3,1,5,4,2,0,0,1,0,4,1
866.0,39,0,0,1,7,7,2,1,1,1,1,3,1
866.0,40,3,3,1,4,12,0,1,0,1,1,3,1
866.0,70,4,4,1,3,2,1,0,0,0,0,1,1
866.0,91,0,0,1,8,2,4,2,0,0,0,1,1
866.0,133,0,0,1,3,5,1,0,0,0,1,3,1
866.0,167,1,1,1,4,0,2,0,0,0,1,4,1
866.0,174,0,0,1,4,5,0,1,0,1,1,3,1
867.0,16,2,2,1,6,0,2,2,1,0,0,3,1
867.0,45,0,0,1,3,4,1,1,0,0,0,1,1
867.0,47,0,0,1,5,5,1,1,0,1,1,3,1
867.0,48,1,1,1,4,4,0,1,0,2,0,3,1
867.0,75,0,0,1,6,14,1,0,1,1,2,3,1
867.0,85,1,1,1,5,11,1,1,1,1,0,4,1
867.0,89,5,1,1,5,7,2,2,0,0,0,10,1
867.0,134,5,4,1,10,22,2,1,1,2,2,3,1
867.0,158,0,0,1,5,2,2,1,0,1,0,4,1
867.0,181,1,1,1,7,3,1,4,0,1,0,4,1
868.0,1,4,2,1,4,9,1,0,1,1,0,3,1
868.0,16,0,0,1,3,7,0,0,0,0,0,3,1
868.0,27,0,0,1,5,5,2,0,0,0,2,4,1
868.0,49,0,0,1,5,4,1,1,1,1,0,4,1
868.0,94,1,0,1,3,7,1,0,0,0,0,1,1
868.0,122,0,0,1,6,9,2,1,0,1,1,3,1
868.0,129,0,0,1,7,5,2,2,0,1,1,4,1
868.0,182,2,1,1,4,9,1,1,0,0,1,4,1
869.0,16,1,1,1,5,1,2,2,0,0,0,10,1
869.0,69,0,0,1,6,3,4,0,0,1,0,4,1
869.0,94,0,0,1,11,14,2,4,1,2,1,3,1
869.0,123,0,0,1,4,2,2,1,0,0,0,1,1
869.0,128,0,0,1,4,10,0,1,0,1,1,3,1
869.0,139,0,0,1,6,8,1,1,2,0,1,3,1
870.0,51,0,0,1,6,6,2,1,1,0,1,4,1
870.0,52,2,2,1,5,4,0,2,1,1,0,4,1
870.0,62,2,0,1,3,4,1,0,0,0,0,1,1
870.0,70,1,1,1,7,16,3,0,1,2,0,3,1
870.0,105,2,2,1,10,14,3,1,2,3,0,3,1
870.0,178,2,2,1,2,0,1,0,0,0,0,1,1
870.0,181,2,4,1,5,9,1,0,1,1,0,3,1
871.0,4,1,1,1,3,0,0,1,0,1,0,4,1
871.0,44,1,1,1,4,9,0,1,0,1,0,3,1
871.0,85,2,2,1,3,6,0,0,0,0,0,1,1
871.0,128,1,1,1,11,0,7,3,0,0,0,4,1
871.0,148,0,0,1,4,1,2,0,0,0,1,4,1
871.0,154,1,2,1,8,5,2,3,0,0,2,3,1
871.0,187,0,0,1,4,0,1,1,0,0,0,1,1
872.0,17,0,0,1,3,6,2,0,0,0,0,10,1
872.0,26,0,0,1,5,0,2,1,0,1,0,4,1
872.0,51,1,1,1,8,19,0,3,1,1,2,3,1
873.0,15,0,0,1,13,3,7,5,0,0,0,10,1
873.0,29,0,0,1,24,2,11,12,0,0,0,10,1
873.0,45,0,0,1,4,4,1,0,0,1,1,3,1
873.0,81,0,0,1,4,2,2,1,0,0,0,10,1
873.0,100,0,0,1,5,18,1,0,2,0,1,3,1
873.0,106,0,0,1,3,1,1,0,0,1,0,4,1
873.0,107,0,0,1,7,6,2,3,0,0,1,4,1
873.0,111,0,0,1,7,20,1,2,0,2,1,3,1
873.0,117,1,0,1,4,8,1,0,1,1,0,3,1
873.0,131,3,1,1,4,11,2,0,0,0,1,4,1
873.0,137,0,0,1,10,54,0,5,0,1,0,3,1
873.0,146,2,2,1,5,9,2,0,0,0,2,3,1
873.0,165,1,1,1,13,11,7,3,1,1,0,4,1
873.0,171,1,1,1,22,134,8,4,4,2,3,3,1
873.0,192,0,0,1,10,1,7,1,0,1,0,4,1
874.0,24,0,0,1,10,15,5,2,0,0,0,3,1
874.0,42,0,0,1,4,9,0,1,0,0,1,4,1
874.0,57,1,1,1,3,1,1,1,0,0,0,1,1
874.0,60,1,1,1,8,7,4,2,0,1,0,4,1
874.0,71,2,3,1,7,11,2,1,0,0,2,4,1
874.0,86,0,0,1,6,36,1,0,1,2,0,3,1
874.0,94,1,1,1,5,2,1,0,1,2,0,3,1
874.0,96,1,1,1,5,13,1,0,1,0,1,3,1
874.0,128,1,0,1,11,1,7,2,0,0,0,1,1
874.0,130,0,0,1,4,7,0,1,0,1,1,3,1
874.0,188,0,0,1,22,2,10,10,0,0,1,4,1
875.0,59,0,0,1,3,2,1,0,0,1,0,4,1
875.0,76,0,0,1,6,5,0,1,1,1,1,3,1
875.0,172,0,0,1,9,9,1,2,2,3,0,3,1
876.0,5,2,2,1,7,21,2,1,2,1,0,4,1
876.0,64,2,2,1,4,0,1,1,0,1,0,4,1
876.0,77,0,0,1,2,3,1,0,0,0,0,1,1
876.0,80,0,0,1,10,16,7,1,0,0,1,3,1
876.0,98,2,1,1,15,6,6,7,1,0,0,3,1
876.0,99,1,1,1,6,6,4,1,0,0,0,4,1
876.0,119,1,1,1,6,12,0,2,0,2,1,3,1
876.0,133,2,2,1,6,1,3,2,0,0,0,10,1
876.0,144,4,3,1,3,3,0,0,0,0,0,1,1
876.0,171,0,0,1,26,7,12,9,1,3,0,3,1
877.0,8,0,0,1,5,13,2,1,1,0,0,4,1
877.0,56,0,0,1,5,16,0,1,0,0,1,3,1
877.0,64,0,0,1,8,2,5,2,0,0,0,1,1
877.0,78,0,0,1,6,3,2,3,0,0,0,10,1
877.0,86,2,1,1,5,3,1,0,1,1,0,4,1
877.0,119,2,1,1,4,1,3,0,0,0,0,10,1
877.0,138,1,1,1,26,4,14,11,0,0,0,10,1
877.0,145,1,1,1,12,31,1,6,1,1,2,3,1
877.0,149,2,2,1,12,16,2,2,3,2,2,3,1
877.0,153,0,0,1,11,1,6,4,0,0,0,4,1
877.0,177,0,0,1,8,12,2,1,1,2,1,3,1
877.0,183,0,0,1,9,4,1,7,0,0,0,4,1
878.0,9,2,2,1,10,23,2,3,1,2,0,3,1
878.0,50,0,0,1,7,9,2,1,1,2,0,3,1
878.0,60,1,1,1,6,9,1,1,1,1,1,3,1
878.0,91,1,1,1,4,2,2,1,0,0,0,10,1
878.0,112,0,0,1,3,1,2,0,0,0,0,10,1
878.0,116,0,0,1,3,9,1,0,0,0,1,3,1
878.0,169,0,0,1,4,1,2,0,0,0,1,4,1
878.0,184,0,0,1,11,14,4,1,1,0,4,3,1
879.0,15,0,0,1,8,3,3,4,0,0,0,3,1
879.0,15,2,4,1,4,0,2,0,0,0,0,1,1
879.0,42,1,1,1,8,2,7,0,0,0,0,10,1
879.0,76,0,0,1,8,1,4,1,1,1,0,3,1
879.0,92,1,1,1,3,4,1,0,0,0,0,1,1
879.0,93,0,0,1,3,7,1,1,0,0,0,1,1
879.0,98,2,1,1,3,3,1,0,0,0,0,1,1
879.0,130,1,1,1,3,0,2,0,0,0,0,10,1
879.0,192,0,0,1,4,1,2,1,0,0,0,4,1
880.0,6,1,1,1,7,25,1,1,2,2,0,3,1
880.0,61,0,0,1,4,12,1,0,0,1,1,3,1
880.0,63,0,0,1,6,3,1,1,0,1,1,4,1
880.0,65,0,0,1,9,0,6,1,1,0,0,3,1
880.0,93,0,0,1,3,7,1,0,0,1,0,4,1
880.0,108,1,0,1,4,29,1,0,0,0,0,3,1
880.0,111,1,1,1,2,4,0,1,0,0,0,1,1
880.0,121,2,1,1,2,0,1,0,0,0,0,1,1
880.0,179,0,0,1,7,45,2,1,1,2,0,3,1
880.0,183,1,1,1,5,9,1,0,0,1,1,3,1
881.0,68,3,4,1,3,12,1,0,0,0,1,3,1
881.0,109,2,2,1,9,3,7,1,0,0,0,4,1
881.0,116,0,0,1,22,4,10,11,0,0,0,1,1
881.0,139,0,0,1,4,3,1,0,1,1,0,3,1
881.0,152,0,0,1,13,6,4,5,1,2,0,3,1
881.0,168,2,1,1,6,30,0,0,2,0,0,3,1
881.0,175,0,0,1,6,2,1,2,0,2,0,3,1
882.0,43,1,1,1,5,4,0,2,0,2,0,3,1
882.0,58,2,2,1,3,5,1,0,0,0,0,1,1
882.0,60,1,1,1,3,2,0,1,0,1,0,3,1
882.0,63,0,0,1,4,6,1,1,0,1,0,3,1
882.0,67,1,1,1,3,4,1,0,0,0,1,4,1
882.0,96,1,1,1,5,4,2,0,0,1,1,3,1
882.0,101,0,0,1,5,9,1,0,1,2,0,3,1
882.0,110,0,0,1,4,3,0,1,0,1,0,4,1
882.0,135,1,1,1,4,3,2,1,0,0,0,10,1
882.0,181,1,2,1,4,0,1,0,0,1,0,4,1
883.0,86,3,3,1,4,2,1,0,0,1,0,4,1
883.0,87,3,3,1,4,4,1,0,1,1,0,3,1
883.0,135,0,0,1,7,7,1,2,0,0,3,3,1
884.0,9,0,0,1,4,0,2,0,0,1,0,4,1
884.0,33,0,0,1,9,15,1,0,3,2,1,3,1
884.0,59,0,0,1,3,13,0,1,0,1,0,4,1
884.0,72,0,0,1,10,8,7,1,1,0,0,3,1
884.0,131,2,1,1,3,5,1,0,0,0,1,3,1
884.0,133,1,1,1,5,14,1,0,1,2,0,3,1
884.0,159,2,2,1,3,1,0,1,0,0,0,1,1
885.0,16,0,0,1,4,17,0,1,0,1,1,3,1
885.0,24,0,0,1,3,3,0,0,0,1,0,5,1
885.0,26,1,1,1,13,23,5,2,1,1,1,3,1
885.0,57,1,1,1,5,1,3,0,0,0,0,4,1
885.0,69,0,0,1,7,7,2,1,1,1,1,4,1
885.0,70,0,0,1,30,0,17,12,0,0,0,4,1
885.0,118,1,2,1,3,12,0,0,0,1,0,5,1
885.0,149,1,0,1,10,7,3,4,1,1,0,3,1
885.0,188,1,2,1,5,11,1,0,0,1,1,3,1
886.0,3,2,2,1,3,0,1,0,0,0,0,1,1
886.0,27,1,1,1,5,0,2,2,0,0,0,10,1
886.0,29,0,0,1,4,7,2,1,0,0,0,10,1
886.0,41,0,0,1,5,4,1,1,1,1,0,3,1
886.0,66,0,0,1,3,1,0,1,1,0,0,4,1
886.0,97,0,0,1,3,5,0,0,0,1,0,5,1
886.0,154,1,1,1,5,16,0,1,1,2,0,3,1
886.0,168,2,2,1,3,0,1,1,0,0,0,1,1
887.0,47,0,0,1,11,5,8,1,0,1,0,3,1
887.0,59,1,1,1,3,0,1,0,0,0,0,1,1
887.0,71,0,0,1,6,11,1,2,0,0,2,4,1
887.0,121,0,0,1,4,5,0,3,0,0,0,4,1
887.0,128,0,0,1,7,2,4,1,0,0,0,4,1
887.0,133,0,0,1,3,0,1,0,0,0,0,1,1
887.0,147,0,0,1,6,9,2,1,0,0,2,3,1
887.0,148,0,0,1,6,10,3,1,0,1,0,3,1
887.0,164,2,1,1,8,6,3,1,1,1,0,3,1
887.0,165,1,1,1,4,7,1,0,1,1,0,3,1
887.0,168,0,0,1,3,1,1,1,0,0,0,1,1
887.0,186,0,0,1,5,14,1,0,0,1,1,3,1
887.0,192,0,0,1,8,47,0,1,2,2,2,3,1
887.0,192,1,1,1,5,3,1,1,2,0,0,4,1
888.0,12,0,0,1,5,2,2,0,0,0,1,4,1
888.0,31,0,0,1,4,4,2,0,0,1,0,4,1
888.0,49,0,0,1,7,13,3,0,1,0,2,3,1
888.0,94,1,1,1,8,15,1,2,2,2,0,3,1
888.0,167,3,3,1,3,0,1,0,0,1,0,4,1
888.0,183,0,0,1,6,1,0,1,0,1,0,4,1
889.0,62,0,0,1,6,14,4,0,0,0,1,3,1
889.0,80,2,2,1,4,3,0,1,0,1,1,3,1
889.0,151,0,0,1,5,6,2,0,1,1,0,3,1
889.0,181,2,2,1,6,27,0,2,0,2,1,3,1
890.0,81,1,1,1,4,1,1,1,0,0,0,1,1
890.0,122,0,0,1,6,2,1,2,0,1,1,3,1
890.0,142,0,0,1,6,6,2,1,0,0,1,4,1
890.0,181,1,1,1,5,2,2,2,0,0,0,4,1
890.0,187,0,0,1,4,6,0,1,0,2,0,3,1
891.0,7,0,0,1,7,24,0,1,1,1,1,3,1
891.0,63,0,0,1,18,1,9,7,0,1,0,3,1
891.0,69,0,0,1,3,2,1,0,0,0,1,3,1
891.0,88,0,0,1,4,0,1,1,0,0,0,1,1
891.0,101,8,2,1,4,2,2,1,0,0,0,10,1
891.0,110,0,0,1,14,19,7,4,0,0,2,3,1
891.0,171,2,2,1,5,18,0,1,0,2,1,3,1
891.0,172,0,0,1,13,7,6,5,0,0,1,4,1
891.0,180,3,0,1,5,5,3,0,0,0,0,4,1
892.0,0,1,1,1,6,3,0,0,1,0,1,3,1
892.0,24,0,0,1,3,1,2,0,0,0,0,10,1
892.0,65,0,0,1,6,4,0,3,0,2,0,4,1
892.0,103,0,0,1,11,12,5,1,1,2,1,3,1
892.0,128,0,0,1,11,2,3,6,0,1,0,3,1
892.0,139,1,1,1,4,2,2,1,0,0,0,10,1
892.0,140,0,0,1,9,33,0,0,2,0,4,3,1
892.0,142,3,1,1,10,2,8,1,0,0,0,10,1
892.0,154,0,0,1,3,0,2,0,0,0,0,10,1
892.0,156,0,0,1,6,5,1,2,0,1,1,3,1
892.0,174,1,1,1,2,0,1,0,0,0,0,1,1
893.0,0,2,2,1,3,0,1,0,0,0,0,1,1
893.0,9,0,0,1,4,0,1,1,0,0,0,1,1
893.0,53,0,0,1,3,2,1,0,0,0,0,1,1
893.0,67,1,1,1,5,7,0,2,0,2,0,3,1
893.0,79,0,0,1,9,8,0,7,0,1,0,3,1
893.0,136,0,0,1,6,25,1,0,0,1,0,3,1
893.0,155,3,2,1,4,2,2,1,0,0,0,10,1
893.0,170,0,0,1,5,2,2,2,0,0,0,4,1
893.0,178,1,1,1,2,0,1,0,0,0,0,1,1
894.0,23,0,0,1,6,8,1,1,2,0,1,3,1
894.0,39,3,3,1,4,5,1,0,0,1,1,3,1
894.0,59,2,2,1,3,3,1,0,0,1,0,3,1
894.0,125,1,1,1,11,3,6,4,0,0,0,3,1
894.0,158,1,1,1,2,0,1,0,0,0,0,1,1
895.0,48,0,0,1,6,2,1,2,0,1,1,4,1
895.0,54,2,2,1,4,3,1,1,0,1,0,4,1
895.0,65,1,1,1,5,3,1,1,0,1,1,3,1
895.0,72,0,0,1,7,16,1,1,2,1,1,3,1
895.0,75,3,4,1,9,9,4,3,0,1,0,4,1
895.0,118,0,0,1,2,5,0,0,0,0,0,1,1
896.0,33,0,0,1,3,16,0,0,0,0,0,3,1
896.0,53,0,0,1,3,3,2,0,0,0,0,10,1
896.0,106,2,2,1,3,5,1,1,0,0,0,1,1
896.0,112,0,0,1,6,22,0,1,0,1,2,3,1
896.0,158,0,0,1,7,48,0,1,1,2,2,3,1
897.0,21,1,1,1,6,17,1,1,0,1,2,3,1
897.0,33,0,0,1,10,43,1,1,3,2,2,3,1
897.0,39,1,1,1,3,0,1,0,0,0,0,1,1
897.0,43,3,2,1,4,7,1,0,2,0,0,3,1
897.0,74,0,0,1,18,29,3,7,4,3,0,3,1
897.0,92,0,0,1,12,0,7,4,0,0,0,4,1
897.0,138,0,0,1,11,11,6,4,0,0,0,3,1
897.0,151,1,1,1,2,9,1,0,0,0,0,1,1
898.0,14,0,0,1,4,6,1,1,0,1,0,4,1
898.0,26,0,0,1,3,0,1,0,0,0,0,1,1
898.0,70,0,0,1,3,4,0,1,0,1,0,4,1
898.0,108,1,1,1,3,16,1,0,0,1,0,3,1
898.0,157,1,1,1,9,8,1,2,1,1,0,3,1
899.0,36,2,2,1,4,4,2,0,0,0,1,4,1
899.0,38,0,0,1,5,1,2,0,0,0,1,4,1
899.0,106,0,0,1,3,13,1,0,0,0,1,4,1
899.0,110,0,0,1,6,17,2,1,0,1,1,3,1
900.0,134,1,1,1,9,1,6,1,1,0,0,3,1
900.0,172,0,0,1,5,15,0,1,0,2,1,3,1
900.0,179,0,0,1,5,3,1,1,0,2,0,3,1
901.0,38,1,1,1,5,1,2,2,0,0,0,10,1
901.0,120,0,0,1,5,8,2,1,0,0,1,4,1
901.0,131,1,1,1,5,4,2,0,1,1,0,4,1
901.0,166,0,0,1,7,25,2,0,1,1,1,3,1
901.0,178,0,0,1,5,5,1,1,1,1,0,4,1
902.0,23,0,0,1,3,28,1,0,1,0,0,3,1
902.0,115,0,0,1,4,3,1,0,0,1,1,3,1
902.0,117,2,2,1,3,0,0,1,0,0,0,1,1
902.0,170,0,0,1,6,11,1,2,1,1,0,3,1
902.0,171,1,1,1,3,7,0,1,0,1,0,4,1
903.0,31,0,0,1,14,1,11,2,0,0,0,4,1
903.0,150,2,1,1,13,90,2,1,1,2,3,3,1
903.0,169,0,0,1,5,0,3,0,0,0,0,1,1
903.0,174,0,0,1,4,5,0,2,0,1,0,1,1
904.0,19,1,1,1,4,1,2,0,0,0,0,1,1
904.0,26,1,1,1,3,6,0,1,0,0,0,1,1
904.0,59,1,0,1,5,16,2,0,1,1,0,3,1
904.0,60,0,0,1,8,26,2,1,0,2,2,3,1
904.0,169,0,0,1,6,11,2,1,1,0,1,3,1
905.0,25,0,0,1,7,2,1,5,0,0,0,4,1
905.0,35,0,0,1,4,13,0,1,0,2,0,3,1
905.0,60,0,0,1,12,34,2,2,2,2,0,3,1
905.0,70,0,0,1,7,10,2,2,0,1,1,3,1
905.0,104,4,4,1,4,1,2,0,0,0,0,1,1
905.0,105,0,0,1,19,5,9,8,0,0,1,4,1
905.0,162,0,0,1,5,31,1,0,0,0,1,3,1
905.0,162,1,1,1,4,7,0,1,0,0,0,3,1
906.0,40,1,1,1,9,13,3,2,0,0,1,3,1
906.0,108,0,0,1,5,3,1,1,0,1,1,3,1
906.0,121,0,0,1,5,3,1,0,1,2,0,3,1
906.0,132,0,0,1,8,42,2,0,2,2,0,3,1
906.0,145,0,0,1,6,16,1,1,1,0,2,3,1
906.0,162,1,1,1,3,2,1,0,0,1,0,4,1
907.0,5,1,1,1,4,2,0,1,0,1,0,3,1
907.0,110,2,1,1,3,4,0,0,0,1,0,5,1
907.0,133,2,2,1,5,4,2,0,1,1,0,3,1
907.0,135,3,2,1,10,7,5,3,0,1,0,3,1
907.0,138,0,0,1,5,19,0,1,0,2,1,3,1
907.0,149,0,0,1,7,13,1,2,0,1,2,3,1
907.0,151,0,0,1,4,2,1,1,0,1,0,3,1
907.0,161,1,1,1,6,0,0,2,1,2,0,3,1
907.0,187,1,1,1,6,10,1,1,1,1,1,3,1
907.0,190,2,1,1,5,26,0,1,1,0,0,3,1
908.0,119,0,0,1,3,13,1,0,0,1,0,4,1
908.0,131,2,0,1,5,12,2,1,1,0,0,4,1
909.0,19,1,1,1,4,7,0,1,0,2,0,3,1
909.0,89,0,0,1,5,15,3,0,0,1,0,3,1
909.0,90,1,2,1,5,2,3,1,0,0,0,10,1
909.0,91,2,2,1,5,4,1,2,0,1,0,4,1
909.0,105,1,1,1,4,4,1,1,0,1,0,4,1
909.0,117,0,0,1,4,1,1,0,1,1,0,3,1
909.0,139,0,0,1,9,6,3,4,0,1,0,4,1
909.0,165,2,3,1,4,10,1,0,1,1,0,4,1
910.0,28,0,0,1,13,29,6,3,2,0,1,3,1
910.0,61,3,2,1,4,2,2,0,0,1,0,4,1
910.0,78,1,1,1,11,2,9,0,0,0,0,1,1
910.0,104,0,0,1,4,15,1,0,0,1,0,3,1
910.0,109,0,0,1,11,9,0,7,1,1,0,3,1
910.0,129,0,0,1,7,4,4,2,0,0,0,4,1
910.0,153,0,0,1,4,2,1,1,0,0,0,1,1
910.0,172,1,1,1,3,4,0,0,0,0,0,1,1
910.0,193,0,0,1,10,13,4,1,2,2,0,3,1
911.0,32,1,1,1,4,3,2,0,0,0,1,4,1
911.0,56,1,1,1,9,7,3,1,1,2,0,3,1
911.0,59,0,0,1,6,11,2,0,0,1,1,3,1
911.0,70,3,1,1,4,4,3,0,0,0,0,4,1
911.0,88,0,0,1,2,1,1,0,0,0,0,1,1
911.0,126,0,0,1,10,19,2,4,1,2,0,3,1
911.0,150,0,0,1,5,1,2,0,0,1,1,3,1
911.0,181,3,2,1,5,4,0,2,0,2,0,3,1
912.0,15,3,3,1,4,1,0,2,0,0,0,1,1
912.0,27,0,0,1,4,1,1,1,0,0,0,1,1
912.0,56,0,0,1,5,29,1,0,0,0,1,3,1
912.0,71,1,1,1,5,16,1,0,0,0,1,3,1
912.0,79,0,0,1,3,0,1,0,0,0,0,1,1
912.0,134,5,4,1,3,3,0,1,0,1,0,3,1
912.0,135,0,0,1,11,14,1,2,4,3,0,3,1
912.0,137,0,0,1,5,27,0,1,1,1,1,3,1
912.0,156,1,0,1,4,4,1,1,0,0,0,1,1
912.0,181,0,0,1,2,0,1,0,0,0,0,1,1
913.0,19,1,1,1,3,1,1,0,0,1,0,4,1
913.0,25,1,1,1,5,3,2,0,1,1,0,4,1
913.0,48,1,1,1,6,3,2,0,1,1,1,3,1
913.0,66,0,0,1,7,3,0,3,1,2,0,3,1
913.0,90,3,2,1,4,5,1,0,1,0,1,3,1
913.0,120,1,1,1,6,7,1,0,1,2,1,3,1
913.0,128,4,1,1,10,3,5,4,0,0,0,4,1
913.0,137,0,0,1,3,0,1,0,0,0,0,1,1
913.0,156,0,0,1,14,1,7,3,2,0,0,4,1
913.0,171,1,1,1,5,1,2,1,0,1,0,3,1
913.0,187,1,1,1,5,0,1,2,0,0,1,4,1
914.0,15,2,2,1,7,6,2,4,0,0,0,3,1
914.0,26,3,3,1,6,4,2,2,0,1,0,4,1
914.0,65,0,0,1,15,31,3,6,1,1,3,3,1
914.0,94,1,1,1,6,7,1,2,1,0,1,3,1
914.0,95,1,1,1,7,3,2,3,0,1,0,4,1
914.0,105,0,0,1,4,3,2,1,0,0,0,4,1
914.0,112,0,0,1,7,5,2,1,1,0,1,4,1
914.0,113,0,0,1,3,12,1,0,0,1,0,3,1
914.0,116,0,0,1,13,9,6,3,0,2,1,3,1
914.0,118,0,0,1,5,7,1,1,1,1,0,4,1
914.0,164,2,2,1,4,0,3,0,0,0,0,4,1
915.0,47,2,0,1,4,1,3,0,0,0,0,4,1
915.0,62,0,0,1,6,61,2,0,0,1,1,3,1
915.0,79,2,1,1,5,0,2,2,0,0,0,4,1
915.0,84,0,0,1,10,11,3,5,0,1,0,3,1
915.0,124,0,0,1,5,2,3,1,0,0,0,4,1
915.0,131,0,0,1,5,4,1,1,0,1,0,1,1
915.0,157,0,0,1,3,19,1,0,0,1,0,3,1
916.0,1,2,1,1,3,3,1,0,0,1,0,4,1
916.0,37,0,0,1,8,25,0,1,1,3,1,3,1
916.0,47,0,0,1,3,7,1,0,0,0,1,3,1
916.0,90,0,0,1,11,0,7,3,0,0,0,10,1
916.0,127,0,0,1,4,12,1,1,0,1,0,4,1
916.0,142,1,1,1,4,2,1,1,0,1,0,4,1
916.0,167,0,0,1,7,19,0,0,0,0,3,3,1
917.0,5,0,0,1,5,2,2,1,1,0,0,4,1
917.0,24,0,0,1,16,10,7,5,1,2,0,3,1
917.0,36,1,1,1,6,5,1,2,0,1,1,3,1
917.0,41,1,1,1,7,0,5,1,0,0,0,1,1
917.0,66,0,0,1,7,3,2,3,0,0,0,1,1
917.0,81,3,3,1,8,0,4,2,0,1,0,4,1
917.0,109,0,0,1,4,8,0,1,0,2,0,3,1
917.0,135,2,1,1,23,8,13,7,0,2,0,3,1
918.0,23,2,2,1,4,2,2,0,0,0,0,1,1
918.0,77,0,0,1,4,2,1,0,1,1,0,3,1
918.0,137,1,1,1,6,4,1,1,0,2,1,3,1
918.0,146,0,0,1,11,3,3,4,1,2,0,3,1
919.0,18,2,2,1,3,0,1,0,0,1,0,4,1
919.0,20,1,1,1,2,0,1,0,0,0,0,1,1
919.0,53,1,1,1,10,4,3,2,1,1,1,3,1
919.0,68,1,1,1,14,1,8,5,0,0,0,10,1
919.0,87,0,0,1,3,1,1,0,0,0,0,1,1
919.0,112,0,0,1,4,6,1,0,1,1,0,3,1
919.0,112,1,1,1,4,12,0,1,0,1,1,3,1
920.0,41,0,0,1,4,7,0,1,0,1,0,3,1
920.0,69,0,0,1,14,0,8,5,0,0,0,10,1
920.0,77,4,3,1,8,3,6,1,0,0,0,4,1
920.0,78,0,0,1,11,4,6,3,0,1,0,3,1
920.0,169,0,0,1,5,12,1,0,0,0,3,4,1
920.0,190,0,0,1,12,21,5,4,0,1,0,3,1
921.0,5,2,2,1,3,0,1,0,0,0,0,1,1
921.0,49,0,0,1,3,3,1,0,0,0,1,4,1
921.0,68,0,0,1,12,4,5,5,1,0,0,4,1
921.0,80,1,1,1,5,2,1,1,1,1,0,3,1
921.0,116,0,0,1,6,10,3,1,0,0,1,3,1
921.0,157,0,0,1,6,7,1,0,1,2,0,3,1
921.0,183,1,1,1,4,15,1,0,0,1,1,3,1
922.0,10,0,0,1,6,21,1,1,1,1,0,3,1
922.0,12,0,0,1,5,5,1,1,1,1,0,3,1
922.0,90,0,0,1,6,50,1,2,0,0,1,3,1
922.0,140,0,0,1,6,1,2,1,1,1,0,4,1
923.0,30,0,0,1,3,2,1,0,0,0,1,4,1
923.0,48,1,1,1,3,1,1,0,0,1,0,4,1
923.0,57,1,1,1,3,5,0,0,0,0,0,3,1
923.0,57,2,2,1,4,1,2,1,0,0,0,10,1
923.0,69,4,4,1,3,1,2,0,0,0,0,10,1
923.0,93,0,0,1,6,16,1,2,0,0,0,4,1
923.0,99,0,0,1,17,5,8,7,0,0,1,4,1
923.0,110,2,2,1,17,0,9,7,0,0,0,10,1
923.0,120,0,0,1,3,2,1,0,0,1,0,3,1
923.0,154,0,0,1,5,5,0,1,0,1,0,4,1
923.0,187,2,2,1,4,2,1,1,0,0,0,1,1
923.0,191,0,0,1,5,4,2,0,1,0,1,3,1
924.0,38,2,2,1,4,2,0,1,0,1,1,3,1
924.0,63,2,2,1,5,2,3,1,0,0,0,4,1
924.0,69,0,0,1,3,1,1,0,0,0,0,1,1
924.0,89,0,0,1,5,3,2,0,1,1,0,4,1
924.0,97,5,4,1,5,0,0,2,0,1,0,4,1
924.0,126,3,2,1,2,4,1,0,0,0,0,1,1
924.0,156,0,0,1,3,6,0,0,0,1,0,5,1
925.0,9,1,1,1,3,5,1,0,0,0,0,1,1
925.0,14,1,1,1,5,2,3,0,0,0,1,4,1
925.0,16,0,0,1,6,10,2,0,0,1,2,3,1
925.0,35,4,2,1,3,2,1,0,0,0,1,3,1
925.0,41,0,0,1,7,3,2,3,0,1,0,3,1
925.0,83,1,1,1,6,10,4,0,0,0,1,4,1
925.0,91,1,1,1,10,3,5,2,0,1,0,3,1
925.0,92,2,2,1,3,0,1,0,0,0,0,1,1
925.0,173,0,0,1,5,8,1,1,0,1,1,4,1
925.0,189,0,0,1,6,19,1,1,0,0,3,4,1
925.0,190,1,1,1,7,3,5,0,0,1,0,4,1
925.0,190,2,2,1,3,5,0,0,0,1,0,5,1
926.0,13,0,0,1,13,3,6,4,0,2,0,3,1
926.0,15,0,0,1,4,12,1,0,1,0,0,3,1
926.0,73,1,1,1,5,7,1,1,0,1,1,3,1
926.0,93,0,0,1,5,9,2,1,0,0,1,4,1
926.0,105,0,0,1,7,7,3,1,0,0,2,3,1
926.0,142,1,1,1,10,16,2,5,1,0,1,3,1
927.0,36,0,0,1,3,5,1,0,1,0,0,3,1
927.0,40,0,0,1,3,2,2,0,0,0,0,10,1
927.0,51,2,2,1,3,12,0,1,0,1,0,3,1
927.0,93,2,0,1,11,54,5,2,1,0,1,3,1
927.0,109,1,1,1,8,18,0,2,1,1,2,3,1
927.0,126,1,2,1,9,63,1,1,2,1,3,3,1
927.0,137,0,0,1,4,1,1,1,0,0,0,1,1
927.0,147,1,1,1,5,8,2,1,0,0,1,3,1
928.0,48,0,0,1,4,34,1,0,0,1,1,3,1
928.0,67,0,0,1,6,10,1,1,0,2,1,3,1
928.0,91,0,0,1,4,4,1,0,1,1,0,4,1
928.0,111,0,0,1,11,10,4,5,0,1,0,3,1
928.0,124,3,3,1,4,3,2,1,0,0,0,10,1
928.0,130,2,2,1,3,2,2,0,0,0,0,10,1
928.0,137,2,1,1,4,6,1,1,0,1,0,4,1
928.0,148,3,2,1,3,7,1,0,1,0,0,3,1
929.0,2,1,1,1,10,3,6,2,1,0,0,4,1
929.0,16,0,0,1,9,25,3,1,1,0,3,3,1
929.0,64,3,1,1,6,38,1,1,0,0,3,3,1
929.0,76,1,0,1,4,6,2,0,0,0,1,4,1
929.0,111,1,1,1,4,2,1,0,0,1,0,4,1
929.0,115,1,1,1,4,1,1,0,0,0,0,4,1
929.0,121,2,2,1,4,1,2,0,0,0,1,4,1
929.0,151,3,2,1,4,12,0,0,0,0,1,3,1
929.0,153,0,0,1,4,4,1,1,0,0,1,4,1
930.0,44,0,0,1,9,16,3,1,1,2,1,3,1
930.0,47,0,0,1,4,3,1,1,0,1,0,1,1
930.0,51,0,0,1,5,4,2,1,0,0,1,4,1
930.0,92,1,1,1,3,11,0,1,1,0,0,4,1
930.0,102,4,2,1,10,16,2,1,1,1,2,3,1
930.0,121,0,0,1,3,15,0,0,0,0,0,3,1
930.0,136,0,0,1,8,24,4,1,1,1,0,3,1
930.0,137,0,0,1,3,5,1,1,0,0,0,10,1
930.0,150,0,0,1,26,1,11,13,0,0,0,1,1
930.0,168,0,0,1,3,3,1,0,0,0,0,1,1
930.0,177,0,0,1,3,0,2,0,0,0,0,10,1
930.0,181,1,1,1,6,5,2,1,0,1,1,3,1
930.0,195,2,2,1,9,12,3,3,0,2,0,3,1
931.0,28,2,1,1,4,9,1,0,0,1,1,4,1
931.0,49,1,0,1,4,6,2,0,0,0,1,4,1
931.0,61,1,2,1,20,16,7,8,1,1,2,3,1
931.0,66,1,1,1,3,1,0,1,0,1,0,4,1
931.0,68,0,0,1,3,13,0,1,0,1,0,3,1
931.0,76,0,0,1,6,10,2,0,1,1,0,4,1
931.0,86,6,4,1,3,1,1,0,0,0,0,1,1
931.0,155,0,0,1,12,6,7,3,0,1,0,4,1
931.0,171,0,0,1,3,1,1,0,0,0,0,1,1
931.0,173,1,0,1,15,22,4,5,0,1,4,3,1
931.0,179,0,0,1,3,4,0,1,0,1,0,3,1
932.0,2,0,0,1,4,11,1,1,0,0,1,4,1
932.0,38,0,0,1,19,22,10,7,0,0,1,3,1
932.0,89,1,1,1,12,3,4,5,1,0,1,3,1
932.0,113,0,0,1,3,2,1,0,0,0,0,1,1
932.0,158,1,1,1,16,1,11,3,0,0,0,1,1
933.0,60,0,0,1,29,12,13,12,1,1,0,4,1
933.0,114,2,2,1,12,16,8,2,0,0,1,3,1
933.0,114,3,3,1,12,19,7,1,1,1,1,3,1
933.0,131,0,0,1,6,13,1,1,1,1,1,3,1
933.0,133,2,2,1,4,8,0,1,1,1,0,3,1
933.0,150,0,0,1,8,2,4,2,0,0,0,1,1
933.0,175,0,0,1,3,2,1,0,0,0,1,3,1
934.0,5,0,0,1,4,10,1,0,1,0,0,4,1
934.0,8,0,0,1,6,4,1,2,0,1,1,3,1
934.0,23,0,0,1,3,0,1,0,0,0,0,1,1
934.0,73,1,1,1,3,2,1,0,0,0,0,1,1
934.0,82,1,1,1,6,5,1,2,0,1,1,3,1
934.0,106,0,0,1,12,2,8,3,0,0,0,10,1
934.0,110,0,0,1,14,4,7,6,0,0,0,10,1
934.0,123,0,0,1,3,12,0,1,0,1,0,3,1
934.0,125,1,1,1,8,3,1,4,0,2,0,3,1
934.0,133,0,0,1,3,1,2,0,0,0,0,10,1
935.0,11,1,0,1,7,7,2,2,0,1,1,3,1
935.0,18,0,0,1,7,23,1,1,1,2,1,3,1
935.0,30,0,0,1,15,5,6,8,0,0,0,4,1
935.0,71,2,2,1,5,2,3,0,0,0,1,4,1
935.0,104,2,2,1,3,13,0,1,0,1,0,3,1
935.0,113,2,2,1,21,7,11,7,0,1,1,3,1
935.0,116,2,2,1,4,22,0,1,0,1,0,3,1
935.0,119,1,1,1,9,14,2,2,1,1,1,3,1
935.0,175,1,1,1,5,13,1,1,0,0,1,3,1
936.0,1,0,0,1,11,2,4,4,1,0,1,3,1
936.0,24,0,0,1,5,15,1,1,0,1,1,3,1
936.0,49,2,2,1,7,14,1,0,1,2,2,3,1
936.0,107,1,1,1,3,4,0,1,0,1,0,3,1
936.0,114,0,0,1,4,8,1,1,0,0,1,4,1
936.0,116,0,0,1,9,19,2,1,1,1,2,4,1
936.0,140,1,1,1,4,1,2,1,0,0,0,1,1
936.0,166,0,0,1,11,3,6,2,1,1,0,4,1
936.0,187,0,0,1,6,8,2,0,1,1,1,3,1
937.0,7,4,4,1,6,21,1,1,0,0,3,3,1
937.0,54,0,0,1,29,2,14,11,1,2,0,4,1
937.0,75,0,0,1,5,23,1,0,2,1,0,3,1
937.0,84,0,0,1,7,8,1,2,1,2,0,3,1
937.0,110,2,2,1,4,9,0,1,0,1,1,3,1
937.0,116,1,1,1,3,2,1,1,0,0,0,1,1
938.0,48,0,0,1,5,10,0,2,0,1,1,3,1
938.0,50,0,0,1,5,8,1,1,2,0,0,3,1
938.0,84,0,0,1,17,9,8,7,0,1,0,4,1
938.0,123,0,0,1,15,4,8,6,0,0,0,4,1
938.0,161,0,0,1,4,4,2,1,0,0,0,10,1
938.0,167,3,2,1,4,2,2,0,0,1,0,4,1
938.0,182,2,3,1,26,2,13,12,0,0,0,1,1
939.0,18,0,0,1,4,19,0,1,0,1,1,3,1
939.0,19,0,0,1,3,5,1,1,0,0,0,1,1
939.0,32,0,0,1,5,4,3,0,0,1,0,4,1
939.0,34,1,1,1,20,6,8,9,0,1,1,4,1
939.0,69,4,4,1,5,9,1,1,0,2,0,3,1
939.0,108,0,0,1,6,20,1,1,0,0,3,3,1
939.0,179,0,0,1,3,0,1,0,0,0,0,1,1
939.0,191,0,0,1,4,12,2,1,0,0,0,3,1
939.0,194,1,1,1,3,2,1,0,0,0,0,1,1
940.0,23,2,1,1,3,1,2,0,0,0,0,10,1
940.0,76,0,0,1,13,4,3,6,1,1,1,3,1
940.0,88,0,0,1,13,16,6,3,1,2,0,3,1
940.0,101,1,1,1,17,5,8,5,1,1,0,3,1
940.0,118,2,2,1,5,4,1,1,0,1,1,3,1
940.0,153,2,2,1,6,9,2,0,1,2,0,3,1
940.0,171,0,0,1,3,2,1,0,0,1,0,4,1
940.0,173,2,2,1,4,3,1,1,0,1,0,4,1
941.0,33,0,0,1,5,3,2,1,0,1,0,3,1
941.0,56,0,0,1,7,5,2,1,1,1,1,3,1
941.0,112,0,0,1,4,1,1,1,0,0,0,1,1
941.0,122,1,1,1,4,3,1,0,0,0,1,4,1
941.0,146,2,2,1,3,2,1,0,0,0,0,1,1
941.0,161,0,0,1,3,10,1,0,0,0,1,3,1
941.0,170,3,3,1,2,6,0,0,0,0,0,1,1
942.0,27,1,1,1,5,8,1,1,0,1,1,3,1
942.0,69,0,0,1,8,1,2,5,0,0,0,4,1
942.0,76,0,0,1,5,4,1,1,0,2,0,3,1
942.0,146,0,0,1,3,4,0,1,0,1,0,4,1
942.0,162,1,1,1,3,4,1,0,0,0,1,3,1
943.0,12,1,1,1,3,7,1,0,0,1,0,4,1
943.0,14,0,0,1,7,6,2,2,0,2,0,3,1
943.0,32,2,2,1,11,1,7,3,0,0,0,1,1
943.0,69,0,0,1,19,26,10,4,0,1,3,3,1
943.0,73,1,1,1,4,4,1,0,0,0,0,4,1
943.0,75,2,0,1,3,25,0,0,0,0,0,3,1
943.0,106,1,1,1,4,4,1,0,0,1,1,3,1
943.0,138,3,2,1,3,4,2,0,0,0,0,10,1
943.0,149,1,1,1,6,1,2,2,0,0,0,1,1
944.0,5,0,0,1,11,10,6,2,1,1,0,4,1
944.0,13,0,0,1,7,18,1,2,0,1,2,3,1
944.0,24,0,0,1,5,4,0,2,0,1,1,3,1
944.0,89,0,0,1,6,25,1,1,1,1,1,3,1
944.0,90,0,0,1,3,5,1,0,0,0,0,1,1
944.0,135,2,2,1,4,5,2,1,0,0,0,10,1
945.0,21,3,3,1,3,1,2,0,0,0,0,10,1
945.0,34,1,1,1,10,4,6,3,0,0,0,4,1
945.0,75,0,0,1,5,2,1,1,0,1,1,3,1
945.0,79,0,0,1,5,10,1,0,0,0,3,4,1
945.0,93,0,0,1,3,2,1,0,0,1,0,4,1
945.0,99,1,1,1,3,0,0,0,0,0,0,1,1
945.0,134,2,2,1,9,24,2,1,1,1,2,3,1
945.0,148,0,0,1,7,4,3,0,1,1,1,3,1
945.0,163,2,2,1,3,6,1,0,0,1,0,4,1
945.0,175,1,1,1,5,0,2,1,0,1,0,4,1
946.0,15,1,1,1,3,2,1,0,0,1,0,3,1
946.0,17,0,0,1,5,0,2,2,0,0,0,10,1
946.0,30,0,0,1,4,0,1,1,0,0,0,1,1
946.0,57,0,0,1,2,1,1,0,0,0,0,1,1
946.0,68,0,0,1,4,5,2,1,0,0,0,10,1
946.0,104,0,0,1,4,5,1,1,0,1,0,4,1
946.0,120,0,0,1,2,10,1,0,0,0,0,1,1
946.0,123,0,0,1,5,14,0,1,1,0,2,3,1
946.0,162,1,1,1,3,5,0,1,0,1,0,4,1
946.0,163,0,0,1,8,0,6,1,0,0,0,1,1
946.0,167,1,1,1,3,1,1,0,0,0,1,3,1
947.0,56,1,1,1,5,7,1,1,0,0,2,4,1
947.0,58,2,1,1,5,4,2,0,1,0,1,4,1
947.0,79,2,1,1,4,9,1,0,0,1,1,3,1
947.0,106,0,0,1,28,6,13,13,1,0,0,4,1
947.0,117,1,1,1,3,2,1,1,0,0,0,10,1
947.0,173,1,1,1,5,6,1,2,0,1,0,3,1
947.0,183,0,0,1,5,7,1,1,0,2,0,3,1
947.0,192,0,0,1,3,2,2,0,0,0,0,10,1
948.0,63,0,0,1,7,8,2,1,2,1,0,3,1
948.0,105,0,0,1,6,10,2,2,0,0,0,4,1
948.0,186,3,3,1,7,12,2,1,1,0,1,4,1
948.0,191,0,0,1,6,0,1,2,0,1,0,4,1
949.0,0,0,0,1,12,4,8,2,0,0,1,4,1
949.0,44,2,2,1,4,0,1,1,0,0,0,1,1
949.0,65,1,1,1,3,0,0,0,0,0,0,1,1
949.0,84,1,1,1,7,0,5,0,0,1,0,4,1
949.0,100,1,1,1,4,16,0,1,0,2,0,3,1
949.0,123,0,0,1,3,2,1,0,0,0,0,1,1
949.0,137,0,0,1,5,6,1,1,0,1,1,3,1
949.0,164,0,0,1,4,7,1,0,0,1,0,4,1
949.0,168,0,0,1,5,2,0,1,0,1,1,3,1
949.0,192,0,0,1,4,18,1,0,1,1,0,3,1
950.0,39,1,1,1,4,7,0,1,0,1,1,3,1
950.0,41,3,2,1,22,3,13,8,0,0,0,4,1
950.0,55,2,1,1,4,1,1,1,0,0,0,1,1
950.0,78,2,2,1,2,1,1,0,0,0,0,1,1
950.0,108,0,0,1,6,1,2,1,0,1,0,3,1
950.0,126,1,1,1,15,14,4,3,3,2,2,3,1
951.0,3,1,1,1,6,5,0,2,0,1,2,3,1
951.0,6,0,0,1,4,6,0,0,0,0,0,4,1
951.0,8,0,0,1,10,5,6,1,0,1,1,3,1
951.0,13,2,2,1,5,0,1,2,0,1,0,3,1
951.0,20,0,0,1,4,5,0,1,0,1,1,3,1
951.0,125,1,1,1,4,0,2,1,0,0,0,10,1
951.0,126,2,2,1,4,0,1,2,0,0,0,10,1
951.0,145,0,0,1,4,7,1,0,0,1,1,3,1
951.0,152,0,0,1,4,4,1,1,0,0,0,1,1
951.0,154,2,1,1,5,7,3,1,0,0,0,4,1
952.0,6,0,0,1,8,9,1,2,1,2,0,3,1
952.0,16,1,1,1,5,44,2,0,0,0,1,3,1
952.0,22,0,0,1,12,3,6,5,0,0,0,10,1
952.0,23,0,0,1,3,0,0,2,0,0,0,1,1
952.0,76,1,1,1,4,1,1,1,0,0,0,1,1
952.0,96,1,1,1,2,1,1,0,0,0,0,1,1
952.0,98,0,0,1,7,35,1,1,1,1,2,3,1
952.0,193,2,1,1,3,2,1,0,0,0,1,4,1
953.0,28,1,1,1,5,3,2,1,0,1,0,3,1
953.0,45,2,2,1,12,14,3,3,2,2,1,3,1
953.0,53,1,1,1,8,3,4,3,0,0,0,4,1
953.0,79,1,1,1,8,0,5,2,0,0,0,4,1
954.0,27,1,1,1,3,1,1,0,0,0,0,1,1
954.0,37,0,0,1,11,5,9,0,1,0,0,3,1
954.0,98,2,2,1,11,14,4,2,2,1,1,3,1
954.0,101,0,0,1,4,3,2,0,0,0,1,4,1
954.0,112,0,0,1,10,8,5,3,0,0,1,3,1
954.0,137,0,0,1,2,2,0,1,0,0,0,1,1
954.0,167,0,0,1,3,2,0,0,0,1,0,5,1
954.0,173,0,0,1,3,2,1,0,0,1,0,3,1
954.0,193,0,0,1,3,3,0,0,0,0,0,1,1
955.0,30,1,1,1,4,5,0,1,0,2,0,3,1
955.0,59,3,3,1,17,7,11,5,0,0,0,4,1
955.0,68,0,0,1,4,19,1,0,1,0,1,3,1
955.0,72,2,2,1,4,10,1,0,1,0,1,3,1
955.0,76,2,1,1,5,2,3,1,0,0,0,10,1
955.0,96,0,0,1,4,5,0,1,0,1,1,4,1
955.0,158,0,0,1,5,9,2,0,0,0,2,4,1
955.0,168,1,1,1,7,5,2,1,0,1,2,3,1
956.0,1,2,1,1,18,3,8,8,0,0,0,1,1
956.0,15,1,1,1,3,1,2,0,0,0,0,1,1
956.0,36,1,1,1,11,1,5,4,0,0,0,4,1
956.0,49,2,3,1,3,3,2,0,0,0,0,10,1
956.0,66,0,0,1,3,2,1,0,0,0,0,1,1
956.0,77,1,1,1,3,0,0,0,0,1,0,5,1
956.0,106,3,3,1,3,1,1,1,0,0,0,1,1
956.0,120,0,0,1,4,14,0,1,1,0,1,3,1
956.0,123,3,2,1,3,1,1,0,0,0,0,1,1
956.0,143,0,0,1,25,11,13,6,2,2,1,3,1
956.0,144,1,1,1,8,8,0,3,0,1,2,3,1
956.0,178,1,2,1,4,18,1,0,0,0,2,3,1
956.0,193,0,0,1,2,0,0,1,0,0,0,1,1
957.0,12,1,1,1,4,20,2,0,0,0,1,3,1
957.0,43,4,2,1,8,8,0,5,0,2,0,3,1
957.0,44,0,0,1,3,1,0,0,0,1,0,5,1
957.0,56,2,2,1,5,4,0,2,0,1,1,3,1
957.0,74,0,0,1,10,34,1,4,1,1,2,3,1
957.0,84,0,0,1,6,18,1,1,0,1,2,3,1
957.0,112,0,0,1,5,5,1,1,1,1,0,4,1
957.0,159,0,0,1,4,10,1,1,0,0,0,1,1
957.0,165,0,0,1,3,1,1,1,0,0,0,10,1
957.0,175,3,2,1,4,7,1,0,0,0,0,4,1
957.0,190,1,1,1,12,3,9,0,0,0,2,3,1
958.0,49,2,1,1,3,1,1,0,0,0,0,1,1
958.0,69,1,1,1,4,13,0,1,0,1,1,3,1
958.0,109,0,0,1,4,1,1,1,0,0,0,1,1
958.0,150,0,0,1,6,7,1,2,0,0,2,4,1
958.0,157,1,1,1,9,2,1,3,0,2,0,3,1
958.0,186,0,0,1,14,16,4,4,0,1,4,3,1
959.0,17,0,0,1,31,1,18,12,0,0,0,1,1
959.0,19,4,4,1,3,5,0,1,0,1,0,3,1
959.0,61,0,0,1,5,1,2,2,0,0,0,10,1
959.0,61,1,1,1,15,1,8,6,0,0,0,10,1
959.0,73,0,0,1,5,13,0,1,1,2,0,3,1
959.0,182,0,0,1,8,2,4,2,0,0,0,4,1
959.0,185,1,1,1,4,3,1,1,0,0,0,1,1
960.0,29,0,0,1,3,3,1,0,0,1,0,4,1
960.0,52,0,0,1,3,6,0,0,0,0,0,1,1
960.0,80,3,0,1,6,0,3,1,0,0,0,1,1
960.0,99,0,0,1,9,55,1,2,1,2,0,3,1
960.0,118,4,1,1,3,23,1,0,0,0,0,3,1
960.0,131,0,0,1,3,2,0,1,0,1,0,4,1
960.0,176,0,0,1,5,13,0,1,1,2,0,3,1
960.0,184,0,0,1,3,1,1,0,0,0,0,1,1
961.0,37,0,0,1,4,6,1,0,2,0,0,3,1
961.0,61,0,0,1,11,15,2,6,0,0,1,3,1
961.0,63,0,0,1,6,2,3,2,0,0,0,10,1
961.0,72,1,1,1,13,18,5,3,1,1,1,3,1
961.0,104,0,0,1,7,10,2,2,1,1,0,4,1
961.0,106,1,1,1,3,4,1,0,0,1,0,4,1
961.0,124,0,0,1,4,9,1,0,0,1,1,3,1
961.0,143,1,1,1,9,3,6,2,0,0,0,3,1
961.0,145,0,0,1,9,19,3,1,2,1,1,3,1
961.0,155,1,2,1,6,9,1,1,0,0,2,3,1
962.0,8,1,1,1,4,3,1,1,0,0,0,1,1
962.0,13,0,0,1,5,15,1,0,1,1,1,3,1
962.0,17,0,0,1,22,3,10,10,0,0,0,1,1
962.0,122,0,0,1,3,9,1,0,0,0,1,4,1
962.0,133,0,0,1,3,4,1,0,0,1,0,4,1
963.0,59,0,0,1,5,1,2,0,0,1,0,4,1
963.0,99,2,2,1,4,3,2,0,0,0,0,1,1
963.0,100,2,2,1,2,6,1,0,0,0,0,1,1
963.0,117,3,1,1,4,3,1,0,0,1,1,3,1
963.0,162,1,1,1,3,0,1,0,0,0,0,1,1
963.0,170,3,3,1,4,8,0,1,0,2,0,3,1
963.0,180,0,0,1,2,0,1,0,0,0,0,1,1
964.0,13,0,0,1,8,6,5,1,1,0,0,4,1
964.0,36,1,1,1,6,4,1,1,0,2,1,4,1
964.0,51,1,1,1,3,2,1,1,0,0,0,10,1
964.0,60,5,5,1,5,8,1,1,0,0,2,3,1
964.0,64,1,1,1,3,1,1,0,0,0,0,1,1
964.0,97,1,1,1,12,46,0,2,1,3,5,3,1
964.0,99,1,1,1,12,38,2,1,3,3,2,3,1
964.0,112,0,0,1,7,8,2,2,0,1,1,4,1
964.0,124,0,0,1,10,19,1,2,2,3,0,3,1
964.0,136,0,0,1,3,2,1,1,0,0,0,1,1
964.0,139,3,4,1,5,8,2,1,0,0,1,3,1
964.0,159,0,0,1,3,1,1,0,0,1,0,4,1
964.0,159,1,1,1,5,1,4,0,0,0,0,10,1
964.0,181,0,0,1,14,4,8,3,0,0,2,4,1
964.0,182,0,0,1,3,3,0,0,0,0,0,1,1
965.0,59,0,0,1,9,1,8,0,0,0,0,10,1
965.0,60,0,0,1,10,0,5,4,0,0,0,1,1
965.0,61,0,0,1,5,2,1,1,0,0,1,1,1
965.0,64,1,1,1,7,5,1,2,1,1,1,3,1
965.0,65,1,1,1,6,13,1,1,1,2,0,3,1
965.0,68,0,0,1,5,4,2,1,0,0,1,4,1
965.0,69,0,0,1,3,11,1,0,0,0,1,3,1
965.0,134,1,1,1,3,0,1,1,0,0,0,1,1
965.0,166,1,1,1,7,10,2,3,0,0,1,4,1
965.0,175,0,0,1,33,7,15,13,1,2,1,3,1
965.0,192,1,1,1,8,34,1,1,0,1,3,3,1
966.0,55,0,0,1,4,0,2,1,0,0,0,10,1
966.0,57,2,2,1,3,0,1,0,0,1,0,4,1
966.0,82,0,0,1,3,6,1,1,0,0,0,10,1
966.0,95,1,1,1,3,1,2,0,0,0,0,1,1
966.0,141,0,0,1,4,6,0,1,0,0,2,3,1
966.0,155,0,0,1,8,53,0,1,1,1,3,3,1
966.0,156,0,0,1,5,1,3,1,0,0,0,4,1
966.0,179,0,0,1,6,1,3,2,0,0,0,4,1
967.0,66,1,2,1,2,2,1,0,0,0,0,1,1
967.0,107,0,0,1,4,9,1,0,1,0,0,3,1
967.0,124,2,2,1,5,6,1,1,1,0,0,3,1
967.0,141,0,0,1,3,15,1,0,0,0,1,3,1
967.0,172,1,1,1,5,5,1,2,0,1,0,4,1
968.0,19,0,0,1,5,3,1,1,1,1,0,4,1
968.0,40,0,0,1,12,3,7,2,1,1,0,3,1
968.0,59,0,0,1,8,24,2,1,1,0,3,3,1
968.0,151,0,0,1,3,4,2,0,0,0,0,10,1
969.0,34,0,0,1,13,8,5,6,0,1,0,4,1
969.0,43,0,0,1,5,2,3,1,0,0,0,4,1
969.0,81,4,4,1,12,1,8,3,0,0,0,4,1
969.0,148,2,2,1,3,4,1,0,0,1,0,3,1
970.0,9,0,0,1,5,10,0,3,0,1,0,3,1
970.0,12,1,1,1,5,5,2,1,0,0,0,4,1
970.0,77,1,1,1,3,24,0,0,0,1,0,5,1
970.0,145,0,0,1,3,1,1,1,0,0,0,1,1
970.0,147,2,2,1,4,2,1,1,0,0,0,1,1
970.0,169,0,0,1,5,3,2,1,0,1,0,4,1
971.0,76,1,1,1,5,12,0,1,0,0,1,3,1
971.0,186,0,0,1,5,0,2,2,0,0,0,4,1
972.0,24,1,1,1,3,11,0,1,0,1,0,3,1
972.0,34,2,2,1,9,18,2,2,0,1,2,3,1
972.0,50,1,2,1,4,17,0,1,0,1,1,3,1
972.0,92,0,0,1,7,3,4,2,0,0,0,1,1
972.0,104,0,0,1,9,16,1,5,1,0,0,3,1
972.0,120,0,0,1,4,5,1,1,0,0,1,4,1
972.0,122,1,1,1,23,8,6,10,3,2,1,3,1
972.0,153,1,1,1,6,14,0,1,2,1,1,3,1
972.0,164,1,2,1,3,1,1,0,0,1,0,4,1
972.0,181,1,1,1,6,2,3,2,0,0,0,10,1
973.0,2,0,0,1,7,19,1,2,0,0,1,3,1
973.0,25,0,0,1,6,4,1,1,1,1,1,3,1
973.0,97,0,0,1,4,16,2,0,0,0,0,1,1
973.0,109,0,0,1,3,2,2,0,0,0,0,10,1
973.0,120,0,0,1,6,10,0,3,0,1,0,3,1
973.0,141,0,0,1,7,3,0,4,0,1,1,4,1
973.0,152,2,2,1,3,1,1,0,0,1,0,4,1
973.0,172,2,1,1,4,10,1,1,0,1,0,4,1
974.0,16,0,0,1,11,3,7,3,0,0,0,10,1
974.0,29,0,0,1,22,4,11,9,0,0,1,4,1
974.0,113,0,0,1,11,10,3,2,1,1,3,3,1
974.0,148,0,0,1,3,0,1,0,0,0,0,1,1
974.0,163,0,0,1,5,2,1,3,0,0,0,4,1
974.0,167,1,1,1,4,4,1,2,0,0,0,10,1
974.0,171,0,0,1,25,1,14,10,0,0,0,10,1
975.0,1,0,0,1,7,4,2,1,1,1,1,4,1
975.0,21,0,0,1,10,19,7,1,0,0,1,3,1
975.0,57,0,0,1,4,17,2,0,0,0,1,4,1
975.0,71,4,4,1,2,2,1,0,0,0,0,1,1
975.0,75,0,0,1,3,0,0,0,0,1,0,5,1
975.0,84,0,0,1,5,11,0,2,0,2,0,3,1
975.0,118,0,0,1,4,1,1,2,0,0,0,10,1
975.0,158,0,0,1,7,17,2,0,2,0,2,3,1
975.0,164,1,1,1,12,11,5,4,0,0,2,3,1
976.0,29,0,0,1,7,15,2,0,0,1,3,3,1
976.0,29,1,1,1,4,3,0,1,0,1,1,3,1
976.0,51,3,2,1,4,0,3,0,0,0,0,10,1
976.0,100,0,0,1,5,11,1,1,0,1,1,3,1
976.0,103,2,2,1,3,22,1,0,0,1,0,3,1
976.0,104,0,0,1,3,7,1,0,0,1,0,4,1
976.0,117,1,1,1,5,10,2,1,0,0,1,4,1
976.0,138,1,1,1,3,0,1,0,0,0,0,1,1
976.0,142,0,0,1,6,2,5,0,0,0,0,10,1
976.0,162,2,1,1,3,1,1,0,0,0,0,1,1
976.0,164,0,0,1,5,2,1,1,0,1,0,4,1
976.0,165,0,0,1,5,9,3,0,0,0,0,1,1
977.0,67,1,1,1,4,12,2,0,0,0,1,4,1
977.0,79,1,1,1,3,1,0,0,0,1,0,5,1
977.0,93,0,0,1,13,4,6,5,0,1,0,4,1
977.0,136,0,0,1,4,1,3,0,0,0,0,10,1
977.0,176,0,0,1,3,1,1,1,0,0,0,10,1
977.0,193,0,0,1,4,4,0,1,1,1,0,3,1
978.0,16,1,1,1,6,7,2,1,0,0,1,3,1
978.0,39,1,1,1,7,21,2,0,1,2,1,3,1
978.0,70,1,1,1,9,3,4,4,0,0,0,10,1
978.0,84,1,1,1,3,0,1,0,0,0,0,1,1
978.0,122,1,0,1,3,15,0,0,0,0,0,3,1
978.0,172,0,0,1,23,5,12,8,1,0,1,4,1
978.0,185,0,0,1,6,20,2,2,0,0,0,1,1
978.0,193,1,1,1,4,2,1,1,0,1,0,4,1
979.0,4,2,1,1,3,3,1,0,1,0,0,4,1
979.0,7,1,1,1,4,3,1,2,0,0,0,10,1
979.0,27,0,0,1,5,0,2,2,0,0,0,10,1
979.0,47,2,1,1,4,3,2,0,0,0,1,4,1
979.0,116,1,1,1,12,1,6,4,0,1,0,4,1
979.0,150,0,0,1,5,22,1,0,0,0,2,3,1
979.0,-1,0,0,1,6,26,1,0,1,0,2,3,1
979.0,188,1,1,1,7,20,3,0,1,1,1,3,1
980.0,0,0,0,1,6,7,2,1,1,0,1,4,1
980.0,30,1,1,1,4,9,0,1,0,1,1,3,1
980.0,100,2,1,1,5,5,3,0,0,0,0,4,1
980.0,146,0,0,1,7,4,4,1,1,0,0,3,1
981.0,12,0,0,1,27,1,15,11,0,0,0,10,1
981.0,37,0,0,1,4,5,0,1,0,1,1,3,1
981.0,51,0,0,1,3,2,2,0,0,0,0,10,1
981.0,62,0,0,1,7,5,2,3,1,0,0,4,1
981.0,118,0,0,1,5,4,3,1,0,0,0,4,1
981.0,125,0,0,1,5,8,0,2,0,1,1,4,1
981.0,150,1,2,1,12,48,5,1,2,0,0,3,1
981.0,177,0,0,1,4,1,2,0,0,0,0,1,1
982.0,43,0,0,1,15,2,7,6,0,0,1,4,1
982.0,72,0,0,1,5,5,2,1,1,0,0,3,1
982.0,75,2,2,1,3,0,1,0,0,0,0,1,1
982.0,79,2,2,1,3,4,1,0,0,0,1,3,1
982.0,151,1,1,1,5,13,1,1,0,0,0,3,1
983.0,27,0,0,1,12,43,3,1,2,0,4,3,1
983.0,41,1,2,1,5,4,1,0,0,1,1,3,1
983.0,51,0,0,1,4,19,0,0,0,1,0,3,1
983.0,59,0,0,1,3,2,1,1,0,0,0,1,1
983.0,103,2,1,1,5,12,0,2,1,1,0,4,1
983.0,108,0,0,1,2,1,1,0,0,0,0,1,1
983.0,169,0,0,1,4,1,1,0,0,1,1,3,1
984.0,0,0,0,1,4,14,2,0,0,0,1,4,1
984.0,51,0,0,1,12,2,9,2,0,0,0,4,1
984.0,159,0,0,1,6,1,3,1,0,0,0,4,1
984.0,172,0,0,1,6,15,2,0,1,0,1,3,1
984.0,176,0,0,1,5,4,2,1,0,1,0,4,1
985.0,13,1,1,1,7,3,2,1,1,2,0,3,1
985.0,28,0,0,1,4,14,0,1,0,2,0,3,1
985.0,54,0,0,1,7,2,4,2,0,0,0,3,1
985.0,75,0,0,1,4,12,1,0,1,0,1,3,1
985.0,86,3,1,1,6,1,2,2,0,0,0,1,1
985.0,139,0,0,1,4,0,1,1,0,0,0,1,1
985.0,169,0,0,1,5,19,0,0,0,0,2,3,1
985.0,178,1,1,1,5,10,0,1,1,2,0,3,1
985.0,196,1,1,1,6,4,4,0,0,0,1,4,1
986.0,25,0,0,1,7,18,3,1,0,0,2,3,1
986.0,106,0,0,1,4,2,0,2,0,1,0,4,1
986.0,120,0,0,1,6,13,2,0,0,1,2,3,1
986.0,124,0,0,1,5,4,2,2,0,0,0,10,1
986.0,156,1,1,1,4,4,3,0,0,0,0,4,1
986.0,189,1,1,1,6,3,1,1,2,1,0,3,1
987.0,18,0,0,1,12,57,1,0,2,1,6,3,1
987.0,40,0,0,1,13,2,5,5,1,1,0,3,1
987.0,64,0,0,1,5,4,2,2,0,0,0,10,1
987.0,64,1,1,1,5,2,2,1,0,0,1,4,1
987.0,130,0,0,1,10,2,6,3,0,0,0,10,1
987.0,130,1,1,1,3,3,1,0,0,0,0,1,1
987.0,140,0,0,1,7,4,1,2,0,1,1,4,1
987.0,157,3,0,1,4,2,0,1,0,1,1,4,1
987.0,160,0,0,1,5,22,1,1,0,1,1,3,1
987.0,161,5,5,1,3,0,1,0,0,0,0,1,1
988.0,23,0,0,1,5,2,3,0,0,0,1,3,1
988.0,49,0,0,1,11,30,3,4,0,1,0,3,1
988.0,60,0,0,1,3,23,0,0,0,0,0,3,1
988.0,88,0,0,1,3,6,1,0,0,0,1,3,1
988.0,104,0,0,1,5,9,3,0,0,1,0,4,1
988.0,142,1,1,1,4,2,1,2,0,0,0,4,1
988.0,149,0,0,1,4,0,2,0,0,1,0,4,1
988.0,156,4,4,1,5,2,1,1,0,0,1,1,1
988.0,177,0,0,1,5,11,2,1,0,0,1,3,1
989.0,15,0,0,1,3,0,1,0,0,1,0,4,1
989.0,17,2,2,1,4,2,1,1,1,0,0,4,1
989.0,22,0,0,1,3,2,0,1,0,0,0,1,1
989.0,49,1,1,1,3,2,0,1,0,0,1,4,1
989.0,56,0,0,1,10,12,5,3,0,1,0,4,1
989.0,64,1,1,1,3,3,1,0,0,0,0,1,1
989.0,176,2,2,1,8,4,6,0,0,1,0,4,1
990.0,150,1,0,1,5,4,1,2,0,1,0,3,1
990.0,152,0,0,1,6,10,0,1,0,1,3,3,1
991.0,67,1,1,1,7,15,0,2,1,1,2,3,1
991.0,69,0,0,1,4,32,0,1,0,1,1,3,1
991.0,88,0,0,1,5,10,2,0,1,0,1,3,1
991.0,108,1,1,1,4,6,1,0,0,1,1,3,1
991.0,132,0,0,1,7,8,4,0,1,0,1,3,1
991.0,168,0,0,1,2,3,0,0,0,0,0,1,1
992.0,1,2,2,1,10,24,3,1,3,1,1,3,1
992.0,23,0,0,1,4,0,2,1,0,0,0,10,1
992.0,28,0,0,1,9,54,3,1,2,0,0,3,1
992.0,-1,0,0,1,8,36,2,0,1,0,2,3,1
992.0,77,0,0,1,6,22,2,0,1,0,2,3,1
992.0,79,1,1,1,11,5,5,3,1,1,0,3,1
992.0,85,1,1,1,3,6,0,1,0,1,0,3,1
992.0,88,2,2,1,11,5,4,5,0,1,0,3,1
992.0,107,1,0,1,3,4,1,0,0,0,0,1,1
992.0,123,0,0,1,5,6,2,0,0,0,2,3,1
992.0,170,0,0,1,5,21,1,1,1,0,1,3,1
992.0,184,2,2,1,4,5,0,1,0,2,0,3,1
993.0,0,1,1,1,5,4,3,1,0,0,0,4,1
993.0,1,1,1,1,8,3,5,2,0,0,0,4,1
993.0,36,0,0,1,3,1,0,1,1,0,0,4,1
993.0,90,0,0,1,5,3,2,2,0,0,0,10,1
993.0,97,0,0,1,15,18,4,4,1,2,1,3,1
993.0,117,2,2,1,3,7,1,0,0,1,0,4,1
993.0,141,1,1,1,10,67,0,1,1,1,6,3,1
993.0,159,0,0,1,3,5,0,0,0,0,0,1,1
993.0,168,1,1,1,3,3,2,0,0,0,0,10,1
994.0,52,0,0,1,5,14,1,0,1,2,0,3,1
994.0,81,0,0,1,5,7,1,1,0,1,1,3,1
994.0,142,0,0,1,18,7,8,7,0,1,1,4,1
994.0,152,0,0,1,9,2,6,2,0,0,0,4,1
994.0,177,1,1,1,6,40,1,0,2,1,1,3,1
995.0,18,0,0,1,6,5,2,0,0,0,2,4,1
995.0,21,0,0,1,5,17,2,0,0,1,1,3,1
995.0,47,0,0,1,5,6,2,0,1,1,0,4,1
995.0,53,1,1,1,4,2,1,0,0,1,1,4,1
995.0,54,0,0,1,4,8,1,0,0,1,1,3,1
995.0,66,0,0,1,4,15,0,1,0,0,2,3,1
995.0,82,0,0,1,9,4,7,1,0,0,0,3,1
995.0,142,1,1,1,4,1,1,1,0,1,0,4,1
995.0,151,0,0,1,5,27,0,1,0,1,2,3,1
995.0,179,0,0,1,3,5,1,0,1,0,0,4,1
996.0,36,0,0,1,4,35,0,0,0,0,1,3,1
996.0,130,2,2,1,7,14,1,1,1,2,1,3,1
996.0,154,0,0,1,8,1,6,0,0,0,1,4,1
997.0,41,0,0,1,4,4,2,0,0,0,0,1,1
997.0,59,1,1,1,4,10,1,0,1,0,1,3,1
997.0,140,0,0,1,12,33,4,1,3,1,2,3,1
997.0,149,3,2,1,4,3,2,0,0,0,0,1,1
997.0,150,0,0,1,6,3,3,2,0,0,0,3,1
998.0,25,0,0,1,7,9,2,2,0,1,1,3,1
998.0,51,0,0,1,9,18,3,1,2,2,0,3,1
998.0,68,0,0,1,5,4,2,0,0,0,2,3,1
998.0,68,1,1,1,5,3,2,2,0,0,0,10,1
998.0,70,0,0,1,4,19,1,0,0,1,1,3,1
998.0,73,0,0,1,5,18,1,0,2,0,1,3,1
998.0,86,0,0,1,3,11,1,0,0,1,0,3,1
998.0,99,2,2,1,6,5,1,0,2,1,1,3,1
998.0,141,2,2,1,3,7,1,0,0,0,0,1,1
999.0,45,2,1,1,8,2,3,2,0,1,0,3,1
999.0,47,2,1,1,6,17,1,0,1,2,1,3,1
999.0,64,0,0,1,4,5,2,0,0,0,1,4,1
999.0,67,0,0,1,6,24,1,0,1,0,3,3,1
999.0,94,0,0,1,5,7,3,0,1,0,0,3,1
999.0,148,0,0,1,17,1,9,7,0,0,0,10,1
999.0,174,0,0,1,5,9,1,1,1,1,0,3,1
999.0,196,1,1,1,23,2,11,10,0,0,0,1,1
1000.0,4,0,0,1,3,13,0,0,0,0,0,3,1
1000.0,39,0,0,1,9,1,5,3,0,0,0,1,1
1000.0,49,4,2,1,7,8,2,2,1,1,0,3,1
1000.0,72,2,2,1,4,5,2,0,0,0,1,4,1
1000.0,107,2,2,1,4,0,3,0,0,0,0,4,1
1000.0,108,1,1,1,3,0,1,0,0,0,0,1,1
1000.0,122,1,1,1,29,5,13,12,1,1,1,3,1
1000.0,135,0,0,1,5,8,2,1,0,0,1,4,1
1000.0,140,0,0,1,35,1,18,16,0,0,0,10,1
1000.0,142,0,0,1,3,6,0,1,0,0,1,3,1
1000.0,157,4,2,1,6,11,0,0,1,1,0,3,1
1000.0,158,2,2,1,3,2,1,0,0,0,0,1,1
1001.0,5,0,0,1,8,37,2,0,1,1,3,3,1
1001.0,6,1,1,1,8,59,1,1,1,2,2,3,1
1001.0,34,0,0,1,5,4,1,1,1,0,0,1,1
1001.0,46,0,0,1,4,2,1,0,0,0,2,3,1
1001.0,63,2,1,1,5,7,2,0,1,0,1,3,1
1001.0,88,1,1,1,3,5,0,0,0,1,0,5,1
1001.0,92,0,0,1,4,9,0,0,0,0,1,3,1
1001.0,114,1,1,1,6,2,1,2,0,0,2,3,1
1001.0,147,0,0,1,16,4,7,7,0,0,1,3,1
1001.0,167,0,0,1,4,2,0,2,0,0,0,1,1
1002.0,39,0,0,1,12,0,8,3,0,0,0,10,1
1002.0,52,0,0,1,3,2,1,0,0,0,0,1,1
1002.0,80,0,0,1,8,19,2,0,1,2,2,3,1
1002.0,84,1,1,1,4,0,1,1,0,0,0,1,1
1002.0,125,1,1,1,6,9,1,3,0,1,0,3,1
1003.0,11,0,0,1,5,16,1,0,1,1,1,3,1
1003.0,108,1,1,1,13,2,5,5,0,0,1,3,1
1003.0,156,2,2,1,4,7,0,0,0,0,0,4,1
1003.0,168,1,1,1,3,4,1,0,0,0,0,1,1
1004.0,5,0,0,1,14,21,2,2,4,4,0,3,1
1004.0,83,0,0,1,4,8,1,0,1,1,0,3,1
1004.0,109,0,0,1,6,4,2,2,0,0,1,3,1
1004.0,133,0,0,1,10,10,1,4,0,1,2,3,1
1004.0,143,2,2,1,7,1,4,2,0,0,0,4,1
1004.0,171,1,1,1,3,7,2,0,0,0,0,10,1
1005.0,7,0,0,1,13,19,6,0,1,0,2,3,1
1005.0,20,0,0,1,4,0,2,0,0,1,0,4,1
1005.0,44,1,1,1,9,1,4,4,0,0,0,10,1
1005.0,143,0,0,1,9,46,1,0,4,2,1,3,1
1005.0,160,1,1,1,2,9,0,0,0,0,0,1,1
1005.0,184,4,2,1,3,3,1,1,0,0,0,1,1
1006.0,19,0,0,1,3,0,1,1,0,0,0,1,1
1006.0,28,0,0,1,25,8,12,11,0,0,1,4,1
1006.0,58,0,0,1,6,6,2,1,1,1,0,3,1
1006.0,85,0,0,1,12,36,1,3,2,3,2,3,1
1006.0,127,1,1,1,5,19,1,0,0,0,1,3,1
1006.0,177,2,1,1,4,5,3,0,0,0,0,4,1
1006.0,178,0,0,1,3,0,1,0,0,0,0,1,1
1006.0,180,0,0,1,4,8,0,1,0,1,1,3,1
1006.0,181,0,0,1,6,9,1,1,1,1,1,4,1
1007.0,14,0,0,1,6,95,0,1,1,2,0,3,1
1007.0,23,0,0,1,4,3,2,0,0,1,0,4,1
1007.0,74,2,2,1,4,2,1,1,0,0,0,1,1
1007.0,79,2,2,1,6,6,2,1,0,1,1,4,1
1007.0,99,0,0,1,5,5,3,0,0,0,1,3,1
1007.0,100,0,0,1,3,18,1,0,0,0,1,3,1
1007.0,153,0,0,1,4,16,1,0,1,0,1,3,1
1008.0,21,1,1,1,3,3,0,0,0,0,0,1,1
1008.0,26,1,1,1,6,1,4,1,0,0,0,10,1
1008.0,29,2,2,1,3,4,1,0,0,1,0,4,1
1008.0,32,0,0,1,12,10,3,4,1,2,1,3,1
1008.0,48,1,1,1,6,11,2,1,1,0,1,4,1
1008.0,72,0,0,1,29,7,13,13,0,1,1,3,1
1008.0,99,1,1,1,3,4,0,0,0,1,0,5,1
1008.0,105,1,1,1,5,1,3,1,0,0,0,10,1
1008.0,111,0,0,1,8,11,1,1,1,3,1,3,1
1008.0,119,0,0,1,4,12,1,1,0,1,0,3,1
1008.0,121,1,1,1,4,1,1,0,0,1,0,4,1
1008.0,129,2,2,1,15,1,8,6,0,0,0,4,1
1008.0,172,1,1,1,3,10,1,0,0,1,0,3,1
1009.0,17,0,0,1,5,4,1,2,0,1,0,3,1
1009.0,49,0,0,1,4,4,3,0,0,0,0,4,1
1009.0,63,1,2,1,3,4,0,1,0,1,0,4,1
1009.0,152,1,1,1,4,5,0,1,0,1,1,3,1
1009.0,160,0,0,1,22,4,12,9,0,0,0,4,1
1009.0,190,1,1,1,5,5,1,2,0,1,0,4,1
1010.0,11,0,0,1,13,4,4,6,1,1,0,3,1
1010.0,27,0,0,1,5,8,1,1,0,0,1,4,1
1010.0,45,0,0,1,10,8,4,3,0,1,1,3,1
1010.0,95,0,0,1,3,0,1,0,0,0,0,1,1
1010.0,155,0,0,1,2,1,1,0,0,0,0,1,1
1010.0,176,0,0,1,7,13,2,1,1,1,1,3,1
1011.0,30,2,2,1,13,12,6,3,0,1,2,3,1
1011.0,118,0,0,1,3,0,2,0,0,0,0,10,1
1011.0,163,0,0,1,3,2,0,1,0,1,0,3,1
1012.0,22,0,0,1,14,61,5,2,1,2,3,3,1
1012.0,67,0,0,1,4,0,1,1,0,0,0,1,1
1012.0,70,0,0,1,4,8,1,0,0,0,2,3,1
1012.0,83,0,0,1,5,9,1,1,0,1,1,4,1
1012.0,110,1,1,1,5,3,1,2,0,1,0,4,1
1012.0,119,1,1,1,3,2,0,1,0,1,0,3,1
1012.0,163,1,0,1,6,3,3,0,1,0,0,4,1
1013.0,28,0,0,1,7,11,2,1,1,1,1,3,1
1013.0,84,1,1,1,4,5,2,0,1,0,0,4,1
1013.0,89,0,0,1,4,3,1,1,0,1,0,3,1
1013.0,114,0,0,1,9,2,7,1,0,0,0,4,1
1013.0,171,0,0,1,7,12,2,2,0,0,2,3,1
1013.0,178,3,3,1,3,3,1,0,0,0,0,1,1
1014.0,3,0,0,1,3,5,1,0,0,0,0,1,1
1014.0,3,3,2,1,4,2,1,1,0,0,0,1,1
1014.0,20,1,0,1,3,5,2,0,0,0,0,10,1
1014.0,37,0,0,1,9,15,2,3,0,1,2,3,1
1014.0,62,0,0,1,17,10,5,9,0,0,1,3,1
1014.0,85,1,1,1,9,11,2,1,2,2,1,3,1
1014.0,103,1,1,1,6,4,1,2,0,2,0,3,1
1014.0,109,1,1,1,8,14,3,0,2,0,2,3,1
1014.0,113,0,0,1,7,10,2,0,0,0,1,3,1
1014.0,122,1,1,1,4,1,1,1,0,1,0,4,1
1015.0,11,0,0,1,6,3,3,1,0,1,0,3,1
1015.0,62,0,0,1,3,0,1,0,0,0,0,1,1
1015.0,102,0,0,1,6,6,2,0,2,1,0,3,1
1015.0,138,1,1,1,5,5,3,1,0,0,0,4,1
1015.0,166,2,1,1,5,14,1,0,1,2,0,3,1
1015.0,190,0,0,1,16,19,7,5,1,2,0,3,1
1016.0,16,0,0,1,11,10,6,1,1,1,1,3,1
1016.0,65,1,1,1,3,9,1,0,0,1,0,4,1
1016.0,103,1,0,1,9,20,6,0,0,0,2,3,1
1016.0,125,2,2,1,7,5,6,0,0,0,0,10,1
1016.0,159,2,2,1,3,7,1,0,0,1,0,3,1
1016.0,189,0,0,1,6,10,2,0,0,0,3,3,1
1017.0,42,0,0,1,7,12,2,1,0,0,3,3,1
1017.0,46,3,1,1,6,5,1,2,0,1,1,4,1
1017.0,76,2,2,1,4,2,1,1,0,0,0,1,1
1017.0,109,1,1,1,4,2,1,1,0,0,0,1,1
1017.0,126,1,1,1,3,0,1,0,0,0,0,1,1
1017.0,154,0,0,1,4,6,1,1,0,1,0,4,1
1018.0,3,0,0,1,6,6,1,1,0,0,3,3,1
1018.0,56,0,0,1,3,3,0,0,0,0,0,4,1
1018.0,64,0,0,1,3,0,0,1,0,1,0,4,1
1018.0,72,0,0,1,2,3,0,0,0,0,0,1,1
1018.0,84,0,0,1,3,2,0,0,0,0,0,1,1
1018.0,85,0,0,1,8,17,0,2,2,2,1,3,1
1018.0,101,0,0,1,8,16,0,1,1,2,3,3,1
1018.0,125,0,0,1,10,4,4,4,0,1,0,3,1
1018.0,126,1,0,1,10,5,5,4,0,0,0,4,1
1018.0,137,0,0,1,9,20,1,3,1,2,1,3,1
1018.0,159,0,0,1,19,4,10,6,0,0,1,4,1
1019.0,72,1,1,1,3,2,0,2,0,0,0,10,1
1019.0,118,1,1,1,7,6,2,0,2,2,0,3,1
1019.0,131,1,1,1,9,4,5,2,0,0,1,3,1
1019.0,142,0,0,1,16,0,6,8,0,0,0,1,1
1019.0,164,1,1,1,6,5,1,2,0,1,1,4,1
1020.0,14,1,1,1,20,34,6,6,3,2,1,3,1
1020.0,19,1,1,1,4,1,2,1,0,0,0,10,1
1020.0,41,1,1,1,2,0,1,0,0,0,0,1,1
1020.0,90,0,0,1,3,6,0,1,0,1,0,4,1
1021.0,9,1,0,1,3,5,1,0,0,0,0,1,1
1021.0,33,1,1,1,3,1,1,1,0,0,0,1,1
1021.0,54,0,0,1,28,5,14,12,0,1,0,4,1
1021.0,117,0,0,1,4,0,1,1,0,1,0,3,1
1021.0,130,1,0,1,4,4,2,0,0,0,0,1,1
1021.0,159,2,2,1,10,17,2,1,2,1,3,3,1
1022.0,27,0,0,1,3,0,1,0,0,0,0,1,1
1022.0,30,0,0,1,7,17,2,2,0,1,1,3,1
1022.0,31,0,0,1,7,31,1,1,1,1,0,3,1
1022.0,37,2,2,1,4,7,0,1,0,1,1,3,1
1022.0,57,1,1,1,5,6,1,2,0,1,0,4,1
1022.0,79,0,0,1,3,5,0,1,0,0,1,3,1
1022.0,101,2,3,1,5,1,1,0,1,0,1,3,1
1022.0,109,2,2,1,2,1,1,0,0,0,0,1,1
1022.0,172,0,0,1,3,6,1,0,0,0,0,1,1
